------ 2026-07-27 20:14:28 ------
------ SDK: JetPack_7.2_Linux ------
20:14:28.066 - Info: [host] [ Disk Avail on Partition /dev/sda2: 40.82 GB ]20:14:28.067 - Info: change working directory to /home/ckw/nvidia/nvidia_sdk/JetPack_7.2_Linux_JETSON_ORIN_NANO_TARGETS/Linux_for_Tegra20:14:28.068 - Info: [ Component Install Started ]20:14:28.068 - Info: current working directory is /home/ckw/nvidia/nvidia_sdk/JetPack_7.2_Linux_JETSON_ORIN_NANO_TARGETS/Linux_for_Tegra20:14:28.071 - Info: exec_command [host]:
**********************
set -e
unset LC_ALL
echo sleep 30 seconds to make sure Jetson board is connected back after pre check.
sleep 30
FlashOptions=$(echo "--storage sda1 --nv-auto-config --username jetson" | sed s/mmcblk1p1/mmcblk0p1/)
echo sudo ./nvsdkmanager_flash.sh $FlashOptions
sudo ./nvsdkmanager_flash.sh $FlashOptions
echo waiting for device boot up...
sleep 30
if [[ '--storage sda1 --nv-auto-config --username jetson' == *'--nv-auto-config'* ]]; then
  echo waiting for device auto config process...
  sleep 120
fi
echo done.
**********************20:14:28.071 - Info: exec_command: /home/ckw/.nvsdkm/replays/scripts/JetPack_7.2_Linux/NV_L4T_JETSON_LINUX_FLASH_COMP.sh20:14:28.076 - Info: sleep 30 seconds to make sure Jetson board is connected back after pre check.
20:14:58.083 - Info: sudo ./nvsdkmanager_flash.sh --storage sda1 --nv-auto-config --username jetson
20:14:58.104 - Info: 20:14:58.104 - Debug: User passed parameters: sda1 --nv-auto-config --username jetson
20:14:58.106 - Info: 20:14:58.106 - Debug: Identifying target board...
20:14:58.116 - Info: *** Checking ONLINE mode ... OK.
20:14:58.166 - Info: *** Checking target board connection ... 1 connections found.
20:14:58.245 - Info: *** Reading ECID ... FUSELEVEL=fuselevel_production hwchipid=0x23 bootauth=NS
20:14:58.258 - Info: *** Reading EEPROM ... "/home/ckw/nvidia/nvidia_sdk/JetPack_7.2_Linux_JETSON_ORIN_NANO_TARGETS/Linux_for_Tegra/bootloader/tegraflash.py" --chip 0x23 --applet "/home/ckw/nvidia/nvidia_sdk/JetPack_7.2_Linux_JETSON_ORIN_NANO_TARGETS/Linux_for_Tegra/bootloader/mb1_t234_prod.bin" --cfg readinfo_t234_min_prod.xml --dev_params tegra234-br-bct-diag-boot.dts --device_config tegra234-mb1-bct-device-p3701-0000.dts --misc_config tegra234-mb1-bct-misc-p3701-0000.dts --bins "mb2_applet applet_t234.bin" --skipuid --cmd "dump eeprom cvm cvm.bin; reboot recovery" 
20:14:58.371 - Info: Welcome to Tegra Flash
20:14:58.371 - Info: version 1.0.0
20:14:58.371 - Info: Type ? or help for help and q or quit to exit
20:14:58.372 - Info: Use ! to execute system commands
20:14:58.372 - Info:  
20:14:58.372 - Info: [   0.0542 ] tegrarcm_v2 --chip 0x23 0 --ismb2applet
20:14:58.372 - Info: [   0.0547 ] File rcm_state open failed
20:14:58.372 - Info: [   0.0548 ] ERROR: failed to read rcm_state
20:14:58.405 - Info: [   0.0561 ] tegrasign_v3.py --key None --getmode mode.txt
20:14:58.405 - Info: [   0.0562 ] Assuming zero filled SBK key
20:14:58.405 - Info: [   0.0562 ] Pre-processing config: tegra234-mb1-bct-device-p3701-0000.dts
20:14:58.405 - Info: [   0.0703 ] Pre-processing config: tegra234-mb1-bct-misc-p3701-0000.dts
20:14:58.405 - Info: [   0.0832 ] Parsing partition layout
20:14:58.405 - Info: [   0.0836 ] tegraparser_v2 --pt readinfo_t234_min_prod.xml.tmp
20:14:58.405 - Info: [   0.0851 ] Kernel DTB used: None
20:14:58.405 - Info: [   0.0851 ] WARNING: dce base dtb is not provided
20:14:58.405 - Info: 
20:14:58.405 - Info: [   0.0851 ] Parsing partition layout
20:14:58.405 - Info: [   0.0853 ] tegraparser_v2 --pt readinfo_t234_min_prod.xml.tmp
20:14:58.405 - Info: [   0.0868 ] Creating list of images to be signed
20:14:58.405 - Info: [   0.0872 ] tegrahost_v2 --chip 0x23 0 --partitionlayout readinfo_t234_min_prod.xml.bin --list images_list.xml zerosbk
20:14:58.405 - Info: [   0.0888 ] MB1: Nvheader already present is mb1_t234_prod_aligned.bin
20:14:58.405 - Info: [   0.0889 ] Header already present for mb1_t234_prod_aligned_sigheader.bin
20:14:58.414 - Info: [   0.0891 ] MB1: Nvheader already present is mb1_t234_prod_aligned.bin
20:14:58.415 - Info: [   0.0974 ] Header already present for mb1_t234_prod_aligned_sigheader.bin
20:14:58.420 - Info: [   0.0979 ] MB1: Nvheader already present is psc_bl1_t234_prod_aligned.bin
20:14:58.420 - Info: [   0.1039 ] Header already present for psc_bl1_t234_prod_aligned_sigheader.bin
20:14:58.422 - Info: [   0.1041 ] adding BCH for mb2_t234_aligned.bin
20:14:58.433 - Info: [   0.1059 ] MB1: Nvheader already present is psc_bl1_t234_prod_aligned.bin
20:14:58.435 - Info: [   0.1161 ] Header already present for psc_bl1_t234_prod_aligned_sigheader.bin
20:14:58.437 - Info: [   0.1186 ] adding BCH for mb2_t234_aligned.bin
20:14:58.461 - Info: [   0.1328 ] Filling MB1 storage info
20:14:58.461 - Info: [   0.1328 ] Parsing dev params for multi chains
20:14:58.461 - Info: [   0.1429 ] Generating br-bct
20:14:58.461 - Info: [   0.1433 ] Updating dev and MSS params in BR BCT
20:14:58.461 - Info: [   0.1433 ] tegrabct_v2 --dev_param tegra234-br-bct-diag-boot_cpp.dtb --brbct br_bct.cfg --chip 0x23 0
20:14:58.463 - Info: [   0.1448 ] parse-error-mode: show-continue (default)
20:14:58.463 - Info: [   0.1450 ] File br_bct.cfg saved.
20:14:58.465 - Info: [   0.1456 ] Updating bl info
20:14:58.465 - Info: [   0.1481 ] tegrabct_v2 --brbct br_bct_BR.bct --chip 0x23 0 --updateblinfo readinfo_t234_min_prod.xml.bin --parse-error-mode quiet-continue
20:14:58.465 - Info: [   0.1485 ] parse-error-mode: quiet-continue
20:14:58.467 - Info: [   0.1486 ] File br_bct_BR.bct saved.
20:14:58.467 - Info: [   0.1499 ] File br_bct_BR.bct saved.
20:14:58.468 - Info: [   0.1505 ] Generating signatures
20:14:58.468 - Info: [   0.1508 ] tegrasign_v3.py --key None --list images_list.xml --sha sha512
20:14:58.468 - Info: [   0.1509 ] Assuming zero filled SBK key
20:14:58.487 - Info: [   0.1695 ] Parsing dev params for multi chains
20:14:58.487 - Info: [   0.1695 ] Generating br-bct
20:14:58.487 - Info: [   0.1705 ] Updating dev and MSS params in BR BCT
20:14:58.487 - Info: [   0.1706 ] tegrabct_v2 --dev_param tegra234-br-bct-diag-boot_cpp.dtb --brbct br_bct.cfg --chip 0x23 0 --parse-error-mode quiet-continue
20:14:58.488 - Info: [   0.1710 ] parse-error-mode: quiet-continue
20:14:58.490 - Info: [   0.1714 ] File br_bct.cfg saved.
20:14:58.490 - Info: [   0.1717 ] Updating bl info
20:14:58.490 - Info: [   0.1726 ] tegrabct_v2 --brbct br_bct_BR.bct --chip 0x23 0 --updateblinfo readinfo_t234_min_prod.xml.bin --parse-error-mode quiet-continue --updatesig images_list_signed.xml
20:14:58.490 - Info: [   0.1730 ] parse-error-mode: quiet-continue
20:14:58.490 - Info: [   0.1737 ] File br_bct_BR.bct saved.
20:14:58.493 - Info: [   0.1740 ] File br_bct_BR.bct saved.
20:14:58.493 - Info: [   0.1760 ] File br_bct_BR.bct saved.
20:14:58.495 - Info: [   0.1761 ] File br_bct_BR.bct saved.
20:14:58.498 - Info: [   0.1784 ] Generating SHA2 Hash
20:14:58.498 - Info: [   0.1807 ] Sha saved in br_bct_BR.sha
20:14:58.498 - Info: [   0.1806 ] Get Signed section of bct
20:14:58.498 - Info: [   0.1810 ] tegrabct_v2 --brbct br_bct_BR.bct --chip 0x23 0 --listbct bct_list.xml
20:14:58.498 - Info: [   0.1813 ] parse-error-mode: show-continue (default)
20:14:58.499 - Info: [   0.1815 ] File br_bct_BR.bct saved.
20:14:58.501 - Info: [   0.1833 ] Signing BCT
20:14:58.501 - Info: [   0.1836 ] tegrasign_v3.py --key None --list bct_list.xml --sha sha512
20:14:58.501 - Info: [   0.1837 ] Assuming zero filled SBK key
20:14:58.506 - Info: [   0.1880 ] Sha saved in br_bct_BR.sha
20:14:58.506 - Info: [   0.1881 ] Updating BCT with signature
20:14:58.506 - Info: [   0.1886 ] tegrabct_v2 --brbct br_bct_BR.bct --chip 0x23 0 --updatesig bct_list_signed.xml
20:14:58.506 - Info: [   0.1890 ] parse-error-mode: show-continue (default)
20:14:58.506 - Info: [   0.1892 ] File br_bct_BR.bct saved.
20:14:58.506 - Info: [   0.1901 ] Offset :4608 Len :3584
20:14:58.506 - Info: [   0.1902 ] File br_bct_BR.bct saved.
20:14:58.507 - Info: [   0.1904 ] Generating SHA2 Hash
20:14:58.507 - Info: [   0.1907 ] tegrasign_v3.py --key None --list bct_list.xml --sha sha512
20:14:58.507 - Info: [   0.1908 ] Assuming zero filled SBK key
20:14:58.507 - Info: [   0.1908 ] Assuming zero filled SBK key
20:14:58.513 - Info: [   0.1954 ] Sha saved in br_bct_BR.sha
20:14:58.513 - Info: [   0.1956 ] Updating BCT with SHA2 Hash
20:14:58.513 - Info: [   0.1961 ] tegrabct_v2 --brbct br_bct_BR.bct --chip 0x23 0 --updatesha bct_list_signed.xml
20:14:58.513 - Info: [   0.1964 ] parse-error-mode: show-continue (default)
20:14:58.513 - Info: [   0.1966 ] File br_bct_BR.bct saved.
20:14:58.513 - Info: [   0.1968 ] Offset :4608 Len :3584
20:14:58.514 - Info: [   0.1968 ] Offset :68 Len :8124
20:14:58.515 - Info: [   0.1969 ] File br_bct_BR.bct saved.
20:14:58.515 - Info: [   0.1976 ] Generating coldboot mb1-bct
20:14:58.515 - Info: [   0.1981 ] tegrabct_v2 --chip 0x23 0 --mb1bct mb1_cold_boot_bct.cfg --misc tegra234-mb1-bct-misc-p3701-0000_cpp.dtb --device tegra234-mb1-bct-device-p3701-0000_cpp.dtb --parse-error-mode quiet-continue
20:14:58.515 - Info: [   0.1988 ] parse-error-mode: quiet-continue
20:14:58.515 - Info: [   0.1989 ] MB1-BCT version: 0.12
20:14:58.518 - Info: 
20:14:58.518 - Info: [   0.2008 ] Parsing config file :tegra234-mb1-bct-device-p3701-0000_cpp.dtb 
20:14:58.518 - Info: [   0.2010 ] Added Platform Config 9 data with size :- 104
20:14:58.518 - Info: [   0.2011 ] Setting MB1 bct size to 5632
20:14:58.519 - Info: [   0.2018 ] Updating mb1-bct with firmware information
20:14:58.519 - Info: [   0.2021 ] tegrabct_v2 --chip 0x23 0 --mb1bct mb1_cold_boot_bct_MB1.bct --updatefwinfo readinfo_t234_min_prod.xml.bin
20:14:58.519 - Info: [   0.2030 ] parse-error-mode: show-continue (default)
20:14:58.520 - Info: [   0.2032 ] Setting MB1 bct size to 5632
20:14:58.520 - Info: [   0.2032 ] Setting MB1 bct size to 5632
20:14:58.523 - Info: [   0.2044 ] tegrahost_v2 --chip 0x23 0 --align mb1_cold_boot_bct_MB1_aligned.bct
20:14:58.523 - Info: [   0.2061 ] Generating SHA2 Hash for mb1bct
20:14:58.524 - Info: [   0.2072 ] Sha saved in mb1_cold_boot_bct_MB1_aligned.sha
20:14:58.526 - Info: [   0.2083 ] Sha saved in mb1_cold_boot_bct_MB1.sha
20:14:58.526 - Info: [   0.2084 ] tegrahost_v2 --chip 0x23 0 --magicid MBCT --appendsigheader mb1_cold_boot_bct_MB1_aligned.bct zerosbk
20:14:58.526 - Info: [   0.2088 ] adding BCH for mb1_cold_boot_bct_MB1_aligned.bct
20:14:58.530 - Info: [   0.2115 ] tegrasign_v3.py --key None --list mb1_cold_boot_bct_MB1_aligned_sigheader.bct_list.xml --sha sha512
20:14:58.530 - Info: [   0.2117 ] Assuming zero filled SBK key
20:14:58.538 - Info: [   0.2149 ] tegrahost_v2 --chip 0x23 0 --updatesigheader mb1_cold_boot_bct_MB1_aligned_sigheader.bct.encrypt mb1_cold_boot_bct_MB1_aligned_sigheader.bct.hash zerosbk
20:14:58.538 - Info: [   0.2191 ] Generating recovery mb1-bct
20:14:58.538 - Info: [   0.2206 ] tegrabct_v2 --chip 0x23 0 --mb1bct mb1_bct.cfg --misc tegra234-mb1-bct-misc-p3701-0000_cpp.dtb --device tegra234-mb1-bct-device-p3701-0000_cpp.dtb --parse-error-mode quiet-continue
20:14:58.538 - Info: [   0.2210 ] parse-error-mode: quiet-continue
20:14:58.538 - Info: [   0.2212 ] MB1-BCT version: 0.12
20:14:58.541 - Info: 
20:14:58.542 - Info: [   0.2248 ] Parsing config file :tegra234-mb1-bct-device-p3701-0000_cpp.dtb 
20:14:58.542 - Info: [   0.2251 ] Added Platform Config 9 data with size :- 104
20:14:58.542 - Info: [   0.2252 ] Setting MB1 bct size to 5632
20:14:58.545 - Info: [   0.2268 ] Updating mb1-bct with firmware information
20:14:58.545 - Info: [   0.2272 ] tegrabct_v2 --chip 0x23 0 --mb1bct mb1_bct_MB1.bct --recov --updatefwinfo readinfo_t234_min_prod.xml.bin
20:14:58.546 - Info: [   0.2284 ] parse-error-mode: show-continue (default)
20:14:58.546 - Info: [   0.2285 ] Setting MB1 bct size to 5632
20:14:58.546 - Info: [   0.2286 ] Setting MB1 bct size to 5632
20:14:58.549 - Info: [   0.2309 ] tegrahost_v2 --chip 0x23 0 --align mb1_bct_MB1_aligned.bct
20:14:58.549 - Info: [   0.2319 ] Generating SHA2 Hash for mb1bct
20:14:58.555 - Info: [   0.2353 ] Sha saved in mb1_bct_MB1_aligned.sha
20:14:58.557 - Info: [   0.2404 ] Sha saved in mb1_bct_MB1.sha
20:14:58.557 - Info: [   0.2407 ] tegrahost_v2 --chip 0x23 0 --magicid MBCT --appendsigheader mb1_bct_MB1_aligned.bct zerosbk
20:14:58.558 - Info: [   0.2411 ] adding BCH for mb1_bct_MB1_aligned.bct
20:14:58.561 - Info: [   0.2433 ] tegrasign_v3.py --key None --list mb1_bct_MB1_aligned_sigheader.bct_list.xml --sha sha512
20:14:58.561 - Info: [   0.2434 ] Assuming zero filled SBK key
20:14:58.600 - Info: [   0.2459 ] tegrahost_v2 --chip 0x23 0 --updatesigheader mb1_bct_MB1_aligned_sigheader.bct.encrypt mb1_bct_MB1_aligned_sigheader.bct.hash zerosbk
20:14:58.600 - Info: [   0.2481 ] Info: Skip generating mem_bct because sdram_config is not defined
20:14:58.600 - Info: [   0.2481 ] Info: Skip generating mem_bct because sdram_config is not defined
20:14:58.600 - Info: [   0.2481 ] Copying signatures
20:14:58.600 - Info: [   0.2485 ] tegrahost_v2 --chip 0x23 0 --partitionlayout readinfo_t234_min_prod.xml.bin --updatesig images_list_signed.xml
20:14:58.600 - Info: [   0.2547 ] mb1_t234_prod_aligned_sigheader.bin.encrypt filename is from images_list
20:14:58.600 - Info: [   0.2548 ] psc_bl1_t234_prod_aligned_sigheader.bin.encrypt filename is from images_list
20:14:58.600 - Info: [   0.2548 ] Boot Rom communication
20:14:58.600 - Info: [   0.2553 ] tegrarcm_v2 --new_session --chip 0x23 0 --uid --download bct_br br_bct_BR.bct --download mb1 mb1_t234_prod_aligned_sigheader.bin.encrypt --download psc_bl1 psc_bl1_t234_prod_aligned_sigheader.bin.encrypt --download bct_mb1 mb1_bct_MB1_sigheader.bct.encrypt
20:14:58.601 - Info: [   0.2556 ] BR_CID: 0x80012344705E00613C00000014008240
20:14:58.607 - Info: [   0.2846 ] Sending bct_br
20:14:58.610 - Info: [   0.2913 ] Sending mb1
20:14:58.624 - Info: [   0.2927 ] Sending psc_bl1
20:14:58.631 - Info: [   0.3068 ] Sending bct_mb1
20:14:58.644 - Info: [   0.3182 ] Boot Rom communication completed
20:14:58.644 - Info: [   0.3214 ] tegrahost_v2 --chip 0x23 0 --align applet_t234_aligned.bin
20:14:58.644 - Info: [   0.3244 ] tegrahost_v2 --chip 0x23 0 --magicid MB2A --appendsigheader applet_t234_aligned.bin zerosbk
20:14:58.644 - Info: [   0.3270 ] adding BCH for applet_t234_aligned.bin
20:14:58.656 - Info: [   0.3379 ] tegrasign_v3.py --key None --list applet_t234_aligned_sigheader.bin_list.xml --sha sha512
20:14:58.656 - Info: [   0.3380 ] Assuming zero filled SBK key
20:14:58.866 - Info: [   0.3411 ] tegrahost_v2 --chip 0x23 0 --updatesigheader applet_t234_aligned_sigheader.bin.encrypt applet_t234_aligned_sigheader.bin.hash zerosbk
20:14:58.866 - Info: [   0.3429 ] Sending mb2_applet...
20:14:58.866 - Info: 
20:14:58.866 - Info: [   0.3436 ] tegrarcm_v2 --chip 0x23 0 --pollbl --download applet applet_t234_sigheader.bin.encrypt
20:14:58.866 - Info: [   0.3446 ] BL: version 1.0.1.17-t234-54845784-9b0d5809 last_boot_error: 0
20:14:58.889 - Info: [   0.5500 ] Sending applet
20:14:59.122 - Info: [   0.6573 ] completed
20:14:59.122 - Info: [   0.6579 ] tegrarcm_v2 --chip 0x23 0 --ismb2applet
20:14:59.122 - Info: [   0.6596 ] MB2 Applet version 01.00.0000
20:14:59.156 - Info: [   0.8051 ] tegrarcm_v2 --chip 0x23 0 --ismb2applet
20:14:59.156 - Info: [   0.8060 ] MB2 Applet version 01.00.0000
20:14:59.164 - Info: [   0.8407 ] Retrieving board information
20:14:59.164 - Info: [   0.8410 ] tegrarcm_v2 --chip 0x23 0 --oem platformdetails chip chip_info.bin
20:14:59.165 - Info: [   0.8415 ] MB2 Applet version 01.00.0000
20:14:59.173 - Info: [   0.8482 ] Saved platform info in chip_info.bin
20:14:59.174 - Info: [   0.8571 ] Chip minor revision: 1
20:14:59.174 - Info: [   0.8571 ] Bootrom revision: 0x7
20:14:59.174 - Info: [   0.8572 ] Ram code: 0x2
20:14:59.174 - Info: [   0.8572 ] Chip sku: 0xd5
20:14:59.174 - Info: [   0.8572 ] Chip Sample: prod
20:14:59.191 - Info: [   0.8591 ] Retrieving EEPROM data
20:14:59.191 - Info: [   0.8599 ] tegrarcm_v2 --oem platformdetails eeprom cvm /home/ckw/nvidia/nvidia_sdk/JetPack_7.2_Linux_JETSON_ORIN_NANO_TARGETS/Linux_for_Tegra/bootloader/cvm.bin --chip 0x23 0
20:14:59.192 - Info: [   0.8605 ] MB2 Applet version 01.00.0000
20:14:59.226 - Info: [   0.8751 ] Saved platform info in /home/ckw/nvidia/nvidia_sdk/JetPack_7.2_Linux_JETSON_ORIN_NANO_TARGETS/Linux_for_Tegra/bootloader/cvm.bin
20:14:59.255 - Info: [   0.9133 ] Rebooting to recovery mode
20:14:59.255 - Info: [   0.9139 ] tegrarcm_v2 --chip 0x23 0 --ismb2
20:14:59.255 - Info: [   0.9214 ] tegrarcm_v2 --chip 0x23 0 --ismb2applet
20:14:59.256 - Info: [   0.9220 ] MB2 Applet version 01.00.0000
20:14:59.270 - Info: [   0.9404 ] Booting to recovery mode
20:14:59.270 - Info: [   0.9410 ] tegrarcm_v2 --chip 0x23 0 --reboot recovery
20:14:59.270 - Info: [   0.9415 ] MB2 Applet version 01.00.0000
20:15:01.298 - Info: --- Reading board information succeeded.
20:15:01.304 - Info: --- Parsing chip_info.bin information succeeded.
20:15:01.304 - Info: Chip SKU(00:00:00:D5) ramcode(00:00:00:02)
20:15:01.304 - Info: Parsing module EEPROM:
20:15:01.309 - Info: --- Parsing board ID (3767) succeeded.
20:15:01.313 - Info: --- Parsing board version (300) succeeded.
20:15:01.317 - Info: --- Parsing board SKU (0005) succeeded.
20:15:01.321 - Info: --- Parsing board REV (T.1) succeeded.
20:15:01.323 - Info: jetson-orin-nano-devkit-super found.
20:15:01.327 - Info: 20:15:01.327 - Debug: Parsing boardid successful
20:15:01.329 - Info: 20:15:01.329 - Debug: Wait 30 seconds for host machine to get Jetson Recovery USB
20:15:01.335 - Info: 20:15:01.335 - Info: Identified 'jetson-orin-nano-devkit-super' target board.
20:15:01.340 - Info: 20:15:01.340 - Debug: Checking network configuration...
20:15:01.344 - Info: 20:15:01.343 - Debug: Checking UFW status and NFS port rules...
20:15:01.412 - Info: 20:15:01.412 - Debug: UFW is not active. NFS port is accessible.
20:15:01.433 - Info: 20:15:01.432 - Debug: Checking VPN connections...
20:15:01.441 - Info: 20:15:01.440 - Debug: IPSec service is not running.
20:15:01.445 - Info: 20:15:01.443 - Debug: VPN routes none in tun|tap|ppp|vpn|gpd.
20:15:01.447 - Info: 20:15:01.446 - Debug: No VPN connection detected.
20:15:01.448 - Info: 20:15:01.448 - Info: Network configuration checks completed successfully.
20:15:03.462 - Info: Password for L4T new user jetson: 20:15:03.490 - Info: 
20:15:03.502 - Info: External storage specified sda1
20:15:03.505 - Info: 20:15:03.504 - Info: Flashing Jeton Orin Nano
20:15:03.550 - Info: # Entry added by NVIDIA initrd flash tool
20:15:03.564 - Info: /home/ckw/nvidia/nvidia_sdk/JetPack_7.2_Linux_JETSON_ORIN_NANO_TARGETS/Linux_for_Tegra/tools/kernel_flash/tmp 127.0.0.1(rw,nohide,insecure,no_subtree_check,async,no_root_squash)
20:15:04.014 - Info: Export list for localhost:
20:15:04.014 - Info: /home/ckw/nvidia/nvidia_sdk/JetPack_7.2_Linux_JETSON_ORIN_NANO_TARGETS/Linux_for_Tegra/tools/kernel_flash/tmp 127.0.0.1
20:15:04.023 - Info: 20:15:04.023 - Debug: Checking UFW status and NFS port rules...
20:15:04.114 - Info: 20:15:04.114 - Debug: UFW is not active. NFS port is accessible.
20:15:04.117 - Info: 20:15:04.116 - Debug: Checking VPN connections...
20:15:04.126 - Info: 20:15:04.125 - Debug: IPSec service is not running.
20:15:04.129 - Info: 20:15:04.129 - Debug: VPN routes none in tun|tap|ppp|vpn|gpd.
20:15:04.132 - Info: 20:15:04.131 - Debug: No VPN connection detected.
20:15:04.199 - Info: /home/ckw/nvidia/nvidia_sdk/JetPack_7.2_Linux_JETSON_ORIN_NANO_TARGETS/Linux_for_Tegra/tools/kernel_flash/l4t_initrd_flash_internal.sh --no-flash --external-device sda1 --showlogs -p -C nv-auto-config -c tools/kernel_flash/flash_l4t_t234_nvme.xml -p --no-systemimg -c bootloader/generic/cfg/flash_t234_qspi.xml jetson-orin-nano-devkit-super internal
20:15:04.232 - Info: ************************************
20:15:04.232 - Info: *                                  *
20:15:04.232 - Info: *  Step 1: Generate flash packages *
20:15:04.232 - Info: *                                  *
20:15:04.232 - Info: ************************************
20:15:04.237 - Info: Run image gen script: /home/ckw/nvidia/nvidia_sdk/JetPack_7.2_Linux_JETSON_ORIN_NANO_TARGETS/Linux_for_Tegra/tools/kernel_flash/l4t_create_images_for_kernel_flash.sh --external-device sda1 -c tools/kernel_flash/flash_l4t_t234_nvme.xml -p -c bootloader/generic/cfg/flash_t234_qspi.xml  -C nv-auto-config --no-systemimg -c bootloader/generic/cfg/flash_t234_qspi.xml --boot-chain-flash ALL --boot-chain-select A jetson-orin-nano-devkit-super internal
20:15:04.258 - Info: Create folder to store images to flash
20:15:04.533 - Info: Generate image for internal storage devices
20:15:04.536 - Info: Generate images to be flashed
20:15:04.536 - Info: ADDITIONAL_DTB_OVERLAY="BootOrderUsb.dtbo"  /home/ckw/nvidia/nvidia_sdk/JetPack_7.2_Linux_JETSON_ORIN_NANO_TARGETS/Linux_for_Tegra/flash.sh --no-flash --sign --boot-chain-flash ALL --boot-chain-select A -c bootloader/generic/cfg/flash_t234_qspi.xml  -C nv-auto-config --no-systemimg -c bootloader/generic/cfg/flash_t234_qspi.xml jetson-orin-nano-devkit-super internal
20:15:04.536 - Info: 
20:15:04.536 - Info: 
20:15:04.589 - Info: ###############################################################################
20:15:04.590 - Info: # L4T BSP Information:
20:15:04.592 - Info: # R39 , REVISION: 2.0
20:15:04.592 - Info: # User release: 0.0
20:15:04.593 - Info: ###############################################################################
20:15:04.636 - Info: # Target Board Information:
20:15:04.636 - Info: # Name: jetson-orin-nano-devkit-super, Board Family: generic, SoC: Tegra 234, 
20:15:04.636 - Info: # OpMode: production, Boot Authentication: NS, 
20:15:04.636 - Info: # Disk encryption: disabled ,
20:15:04.636 - Info: ###############################################################################
20:15:04.705 - Info: copying device_config(/home/ckw/nvidia/nvidia_sdk/JetPack_7.2_Linux_JETSON_ORIN_NANO_TARGETS/Linux_for_Tegra/bootloader/generic/BCT/tegra234-mb1-bct-device-p3767-0000.dts)... done.
20:15:04.709 - Info: copying misc_config(/home/ckw/nvidia/nvidia_sdk/JetPack_7.2_Linux_JETSON_ORIN_NANO_TARGETS/Linux_for_Tegra/bootloader/generic/BCT/tegra234-mb1-bct-misc-p3767-0000.dts)... done.
20:15:04.712 - Info: copying emc_fuse_dev_params(/home/ckw/nvidia/nvidia_sdk/JetPack_7.2_Linux_JETSON_ORIN_NANO_TARGETS/Linux_for_Tegra/bootloader/generic/BCT/tegra234-br-bct-diag-boot.dts)... done.
20:15:04.722 - Info: copying minratchet_config(/home/ckw/nvidia/nvidia_sdk/JetPack_7.2_Linux_JETSON_ORIN_NANO_TARGETS/Linux_for_Tegra/bootloader/generic/BCT/tegra234-mb1-bct-ratchet-p3767-0000.dts)... done.
20:15:04.731 - Info: Existing emcfuse(/home/ckw/nvidia/nvidia_sdk/JetPack_7.2_Linux_JETSON_ORIN_NANO_TARGETS/Linux_for_Tegra/bootloader/fuse_t234.xml) reused.
20:15:04.735 - Info: copying emc_fuse_dev_params(/home/ckw/nvidia/nvidia_sdk/JetPack_7.2_Linux_JETSON_ORIN_NANO_TARGETS/Linux_for_Tegra/bootloader/generic/BCT/tegra234-br-bct-diag-boot.dts)... done.
20:15:04.741 - Info: ./tegraflash.py --chip "0x23" --applet "/home/ckw/nvidia/nvidia_sdk/JetPack_7.2_Linux_JETSON_ORIN_NANO_TARGETS/Linux_for_Tegra/bootloader/mb1_t234_prod.bin" --skipuid --cfg readinfo_t234_min_prod.xml --dev_params tegra234-br-bct-diag-boot.dts --device_config tegra234-mb1-bct-device-p3767-0000.dts --misc_config tegra234-mb1-bct-misc-p3767-0000.dts --bins "mb2_applet applet_t234.bin" --minratchet_config tegra234-mb1-bct-ratchet-p3767-0000.dts --cmd "readfuses fuse_t234.bin fuse_t234.xml; dump eeprom cvm cvm.bin; dump try_custinfo custinfo_out.bin; reboot recovery" 
20:15:05.012 - Info: Welcome to Tegra Flash
20:15:05.013 - Info: version 1.0.0
20:15:05.013 - Info: Type ? or help for help and q or quit to exit
20:15:05.013 - Info: Use ! to execute system commands
20:15:05.013 - Info:  
20:15:05.013 - Info: [   0.0710 ] Reading fuses
20:15:05.013 - Info: [   0.0716 ] tegrarcm_v2 --chip 0x23 0 --ismb2applet
20:15:05.013 - Info: [   0.0721 ] File rcm_state open failed
20:15:05.099 - Info: [   0.0724 ] ERROR: failed to read rcm_state
20:15:05.099 - Info: [   0.0724 ] 
20:15:05.099 - Info: [   0.0726 ] tegrasign_v3.py --key None --getmode mode.txt
20:15:05.099 - Info: [   0.0728 ] Assuming zero filled SBK key
20:15:05.099 - Info: [   0.0726 ] Pre-processing config: tegra234-mb1-bct-device-p3767-0000.dts
20:15:05.099 - Info: [   0.1245 ] Pre-processing config: tegra234-mb1-bct-misc-p3767-0000.dts
20:15:05.099 - Info: [   0.1398 ] Pre-processing config: tegra234-mb1-bct-ratchet-p3767-0000.dts
20:15:05.099 - Info: [   0.1491 ] Parsing partition layout
20:15:05.099 - Info: [   0.1508 ] tegraparser_v2 --pt readinfo_t234_min_prod.xml.tmp
20:15:05.099 - Info: [   0.1542 ] Kernel DTB used: None
20:15:05.099 - Info: [   0.1542 ] WARNING: dce base dtb is not provided
20:15:05.099 - Info: 
20:15:05.099 - Info: [   0.1542 ] Parsing partition layout
20:15:05.099 - Info: [   0.1555 ] tegraparser_v2 --pt readinfo_t234_min_prod.xml.tmp
20:15:05.099 - Info: [   0.1564 ] Creating list of images to be signed
20:15:05.099 - Info: [   0.1576 ] Generating ratchet blob
20:15:05.099 - Info: [   0.1576 ] Generating coldboot mb1-bct
20:15:05.099 - Info: [   0.1581 ] tegrabct_v2 --chip 0x23 0 --mb1bct mb1_cold_boot_bct.cfg --misc tegra234-mb1-bct-misc-p3767-0000_cpp.dtb --device tegra234-mb1-bct-device-p3767-0000_cpp.dtb --minratchet tegra234-mb1-bct-ratchet-p3767-0000_cpp.dtb --ratchet_blob ratchet_blob.bin --parse-error-mode quiet-continue
20:15:05.099 - Info: [   0.1590 ] parse-error-mode: quiet-continue
20:15:05.100 - Info: [   0.1591 ] MB1-BCT version: 0.12
20:15:05.101 - Info: 
20:15:05.101 - Info: [   0.1607 ] Parsing config file :tegra234-mb1-bct-device-p3767-0000_cpp.dtb 
20:15:05.103 - Info: [   0.1611 ] Added Platform Config 9 data with size :- 104
20:15:05.103 - Info: [   0.1611 ] 
20:15:05.103 - Info: [   0.1611 ] Parsing config file :tegra234-mb1-bct-ratchet-p3767-0000_cpp.dtb 
20:15:05.103 - Info: [   0.1611 ] Setting MB1 bct size to 5632
20:15:05.103 - Info: [   0.1611 ] 
20:15:05.103 - Info: [   0.1611 ] Updating mb1-bct with firmware information
20:15:05.103 - Info: [   0.1616 ] tegrabct_v2 --chip 0x23 0 --mb1bct mb1_cold_boot_bct_MB1.bct --updatefwinfo readinfo_t234_min_prod.xml.bin
20:15:05.103 - Info: [   0.1622 ] parse-error-mode: show-continue (default)
20:15:05.104 - Info: [   0.1623 ] Setting MB1 bct size to 5632
20:15:05.104 - Info: [   0.1636 ] Setting MB1 bct size to 5632
20:15:05.114 - Info: [   0.1649 ] tegrahost_v2 --chip 0x23 0 --align mb1_cold_boot_bct_MB1_aligned.bct
20:15:05.114 - Info: [   0.1670 ] Generating SHA2 Hash for mb1bct
20:15:05.115 - Info: [   0.1734 ] Sha saved in mb1_cold_boot_bct_MB1_aligned.sha
20:15:05.117 - Info: [   0.1759 ] Sha saved in mb1_cold_boot_bct_MB1.sha
20:15:05.117 - Info: [   0.1765 ] tegrahost_v2 --chip 0x23 0 --magicid MBCT --ratchet_blob ratchet_blob.bin --appendsigheader mb1_cold_boot_bct_MB1_aligned.bct zerosbk
20:15:05.117 - Info: [   0.1772 ] adding BCH for mb1_cold_boot_bct_MB1_aligned.bct
20:15:05.121 - Info: [   0.1806 ] tegrasign_v3.py --key None --list mb1_cold_boot_bct_MB1_aligned_sigheader.bct_list.xml --sha sha512
20:15:05.121 - Info: [   0.1807 ] Assuming zero filled SBK key
20:15:05.128 - Info: [   0.1833 ] tegrahost_v2 --chip 0x23 0 --updatesigheader mb1_cold_boot_bct_MB1_aligned_sigheader.bct.encrypt mb1_cold_boot_bct_MB1_aligned_sigheader.bct.hash zerosbk
20:15:05.128 - Info: [   0.1850 ] tegrahost_v2 --chip 0x23 0 --partitionlayout readinfo_t234_min_prod.xml.bin --ratchet_blob ratchet_blob.bin --list images_list.xml zerosbk
20:15:05.130 - Info: [   0.1870 ] MB1: Nvheader already present is mb1_t234_prod_aligned.bin
20:15:05.130 - Info: [   0.1898 ] Header already present for mb1_t234_prod_aligned_sigheader.bin
20:15:05.137 - Info: [   0.1900 ] MB1: Nvheader already present is mb1_t234_prod_aligned.bin
20:15:05.137 - Info: [   0.1959 ] Header already present for mb1_t234_prod_aligned_sigheader.bin
20:15:05.140 - Info: [   0.1974 ] MB1: Nvheader already present is psc_bl1_t234_prod_aligned.bin
20:15:05.142 - Info: [   0.2006 ] Header already present for psc_bl1_t234_prod_aligned_sigheader.bin
20:15:05.146 - Info: [   0.2021 ] adding BCH for mb2_t234_aligned.bin
20:15:05.162 - Info: [   0.2058 ] MB1: Nvheader already present is psc_bl1_t234_prod_aligned.bin
20:15:05.162 - Info: [   0.2207 ] Header already present for psc_bl1_t234_prod_aligned_sigheader.bin
20:15:05.164 - Info: [   0.2208 ] adding BCH for mb2_t234_aligned.bin
20:15:05.190 - Info: [   0.2339 ] Filling MB1 storage info
20:15:05.190 - Info: [   0.2340 ] Parsing dev params for multi chains
20:15:05.190 - Info: [   0.2472 ] Generating br-bct
20:15:05.190 - Info: [   0.2491 ] Updating dev and MSS params in BR BCT
20:15:05.190 - Info: [   0.2491 ] tegrabct_v2 --dev_param tegra234-br-bct-diag-boot_cpp.dtb --brbct br_bct.cfg --chip 0x23 0
20:15:05.190 - Info: [   0.2498 ] parse-error-mode: show-continue (default)
20:15:05.191 - Info: [   0.2504 ] File br_bct.cfg saved.
20:15:05.194 - Info: [   0.2515 ] Updating bl info
20:15:05.194 - Info: [   0.2529 ] tegrabct_v2 --brbct br_bct_BR.bct --chip 0x23 0 --updateblinfo readinfo_t234_min_prod.xml.bin --parse-error-mode quiet-continue
20:15:05.194 - Info: [   0.2534 ] parse-error-mode: quiet-continue
20:15:05.194 - Info: [   0.2536 ] File br_bct_BR.bct saved.
20:15:05.195 - Info: [   0.2539 ] File br_bct_BR.bct saved.
20:15:05.197 - Info: [   0.2554 ] Generating signatures
20:15:05.197 - Info: [   0.2557 ] tegrasign_v3.py --key None --list images_list.xml --sha sha512
20:15:05.197 - Info: [   0.2558 ] Assuming zero filled SBK key
20:15:05.215 - Info: [   0.2736 ] Parsing dev params for multi chains
20:15:05.215 - Info: [   0.2736 ] Generating br-bct
20:15:05.215 - Info: [   0.2743 ] Updating dev and MSS params in BR BCT
20:15:05.215 - Info: [   0.2744 ] tegrabct_v2 --dev_param tegra234-br-bct-diag-boot_cpp.dtb --brbct br_bct.cfg --chip 0x23 0 --parse-error-mode quiet-continue
20:15:05.216 - Info: [   0.2753 ] parse-error-mode: quiet-continue
20:15:05.216 - Info: [   0.2757 ] File br_bct.cfg saved.
20:15:05.218 - Info: [   0.2770 ] Updating bl info
20:15:05.218 - Info: [   0.2780 ] tegrabct_v2 --brbct br_bct_BR.bct --chip 0x23 0 --updateblinfo readinfo_t234_min_prod.xml.bin --parse-error-mode quiet-continue --updatesig images_list_signed.xml
20:15:05.219 - Info: [   0.2784 ] parse-error-mode: quiet-continue
20:15:05.221 - Info: [   0.2786 ] File br_bct_BR.bct saved.
20:15:05.224 - Info: [   0.2811 ] File br_bct_BR.bct saved.
20:15:05.227 - Info: [   0.2845 ] File br_bct_BR.bct saved.
20:15:05.227 - Info: [   0.2845 ] File br_bct_BR.bct saved.
20:15:05.227 - Info: [   0.2845 ] 
20:15:05.227 - Info: [   0.2845 ] Generating SHA2 Hash
20:15:05.231 - Info: [   0.2894 ] Sha saved in br_bct_BR.sha
20:15:05.231 - Info: [   0.2893 ] Get Signed section of bct
20:15:05.231 - Info: [   0.2898 ] tegrabct_v2 --brbct br_bct_BR.bct --chip 0x23 0 --listbct bct_list.xml
20:15:05.231 - Info: [   0.2909 ] parse-error-mode: show-continue (default)
20:15:05.232 - Info: [   0.2910 ] File br_bct_BR.bct saved.
20:15:05.233 - Info: [   0.2925 ] Signing BCT
20:15:05.233 - Info: [   0.2928 ] tegrasign_v3.py --key None --list bct_list.xml --sha sha512
20:15:05.233 - Info: [   0.2929 ] Assuming zero filled SBK key
20:15:05.235 - Info: [   0.2947 ] Sha saved in br_bct_BR.sha
20:15:05.235 - Info: [   0.2946 ] Updating BCT with signature
20:15:05.235 - Info: [   0.2950 ] tegrabct_v2 --brbct br_bct_BR.bct --chip 0x23 0 --updatesig bct_list_signed.xml
20:15:05.236 - Info: [   0.2952 ] parse-error-mode: show-continue (default)
20:15:05.236 - Info: [   0.2954 ] File br_bct_BR.bct saved.
20:15:05.237 - Info: [   0.2957 ] Offset :4608 Len :3584
20:15:05.237 - Info: [   0.2958 ] File br_bct_BR.bct saved.
20:15:05.241 - Info: [   0.2980 ] Generating SHA2 Hash
20:15:05.241 - Info: [   0.2983 ] tegrasign_v3.py --key None --list bct_list.xml --sha sha512
20:15:05.241 - Info: [   0.2984 ] Assuming zero filled SBK key
20:15:05.241 - Info: [   0.2984 ] Assuming zero filled SBK key
20:15:05.245 - Info: [   0.3028 ] Sha saved in br_bct_BR.sha
20:15:05.245 - Info: [   0.3027 ] Updating BCT with SHA2 Hash
20:15:05.245 - Info: [   0.3031 ] tegrabct_v2 --brbct br_bct_BR.bct --chip 0x23 0 --updatesha bct_list_signed.xml
20:15:05.245 - Info: [   0.3043 ] parse-error-mode: show-continue (default)
20:15:05.245 - Info: [   0.3045 ] File br_bct_BR.bct saved.
20:15:05.245 - Info: [   0.3046 ] Offset :4608 Len :3584
20:15:05.245 - Info: [   0.3046 ] Offset :68 Len :8124
20:15:05.245 - Info: [   0.3048 ] File br_bct_BR.bct saved.
20:15:05.250 - Info: [   0.3071 ] Generating coldboot mb1-bct
20:15:05.250 - Info: [   0.3077 ] tegrabct_v2 --chip 0x23 0 --mb1bct mb1_cold_boot_bct.cfg --misc tegra234-mb1-bct-misc-p3767-0000_cpp.dtb --device tegra234-mb1-bct-device-p3767-0000_cpp.dtb --minratchet tegra234-mb1-bct-ratchet-p3767-0000_cpp.dtb --ratchet_blob ratchet_blob.bin --parse-error-mode quiet-continue
20:15:05.250 - Info: [   0.3095 ] parse-error-mode: quiet-continue
20:15:05.250 - Info: [   0.3096 ] MB1-BCT version: 0.12
20:15:05.250 - Info: 
20:15:05.250 - Info: [   0.3102 ] Parsing config file :tegra234-mb1-bct-device-p3767-0000_cpp.dtb 
20:15:05.251 - Info: [   0.3103 ] Added Platform Config 9 data with size :- 104
20:15:05.251 - Info: 
20:15:05.251 - Info: [   0.3105 ] Parsing config file :tegra234-mb1-bct-ratchet-p3767-0000_cpp.dtb 
20:15:05.251 - Info: [   0.3108 ] Setting MB1 bct size to 5632
20:15:05.254 - Info: [   0.3132 ] Updating mb1-bct with firmware information
20:15:05.254 - Info: [   0.3139 ] tegrabct_v2 --chip 0x23 0 --mb1bct mb1_cold_boot_bct_MB1.bct --updatefwinfo readinfo_t234_min_prod.xml.bin
20:15:05.254 - Info: [   0.3143 ] parse-error-mode: show-continue (default)
20:15:05.255 - Info: [   0.3144 ] Setting MB1 bct size to 5632
20:15:05.257 - Info: [   0.3146 ] Setting MB1 bct size to 5632
20:15:05.262 - Info: [   0.3177 ] tegrahost_v2 --chip 0x23 0 --align mb1_cold_boot_bct_MB1_aligned.bct
20:15:05.262 - Info: [   0.3199 ] Generating SHA2 Hash for mb1bct
20:15:05.265 - Info: [   0.3235 ] Sha saved in mb1_cold_boot_bct_MB1_aligned.sha
20:15:05.269 - Info: [   0.3274 ] Sha saved in mb1_cold_boot_bct_MB1.sha
20:15:05.269 - Info: [   0.3278 ] tegrahost_v2 --chip 0x23 0 --magicid MBCT --ratchet_blob ratchet_blob.bin --appendsigheader mb1_cold_boot_bct_MB1_aligned.bct zerosbk
20:15:05.270 - Info: [   0.3292 ] adding BCH for mb1_cold_boot_bct_MB1_aligned.bct
20:15:05.272 - Info: [   0.3316 ] tegrasign_v3.py --key None --list mb1_cold_boot_bct_MB1_aligned_sigheader.bct_list.xml --sha sha512
20:15:05.272 - Info: [   0.3318 ] Assuming zero filled SBK key
20:15:05.283 - Info: [   0.3361 ] tegrahost_v2 --chip 0x23 0 --updatesigheader mb1_cold_boot_bct_MB1_aligned_sigheader.bct.encrypt mb1_cold_boot_bct_MB1_aligned_sigheader.bct.hash zerosbk
20:15:05.283 - Info: [   0.3392 ] Generating recovery mb1-bct
20:15:05.283 - Info: [   0.3396 ] tegrabct_v2 --chip 0x23 0 --mb1bct mb1_bct.cfg --misc tegra234-mb1-bct-misc-p3767-0000_cpp.dtb --device tegra234-mb1-bct-device-p3767-0000_cpp.dtb --minratchet tegra234-mb1-bct-ratchet-p3767-0000_cpp.dtb --ratchet_blob ratchet_blob.bin --parse-error-mode quiet-continue
20:15:05.283 - Info: [   0.3416 ] parse-error-mode: quiet-continue
20:15:05.283 - Info: [   0.3418 ] MB1-BCT version: 0.12
20:15:05.283 - Info: 
20:15:05.283 - Info: [   0.3421 ] Parsing config file :tegra234-mb1-bct-device-p3767-0000_cpp.dtb 
20:15:05.283 - Info: [   0.3423 ] Added Platform Config 9 data with size :- 104
20:15:05.283 - Info: 
20:15:05.283 - Info: [   0.3426 ] Parsing config file :tegra234-mb1-bct-ratchet-p3767-0000_cpp.dtb 
20:15:05.283 - Info: [   0.3427 ] Setting MB1 bct size to 5632
20:15:05.287 - Info: [   0.3450 ] Updating mb1-bct with firmware information
20:15:05.287 - Info: [   0.3455 ] tegrabct_v2 --chip 0x23 0 --mb1bct mb1_bct_MB1.bct --recov --updatefwinfo readinfo_t234_min_prod.xml.bin
20:15:05.287 - Info: [   0.3467 ] parse-error-mode: show-continue (default)
20:15:05.287 - Info: [   0.3469 ] Setting MB1 bct size to 5632
20:15:05.287 - Info: [   0.3470 ] Setting MB1 bct size to 5632
20:15:05.289 - Info: [   0.3478 ] tegrahost_v2 --chip 0x23 0 --align mb1_bct_MB1_aligned.bct
20:15:05.289 - Info: [   0.3483 ] Generating SHA2 Hash for mb1bct
20:15:05.290 - Info: [   0.3495 ] Sha saved in mb1_bct_MB1_aligned.sha
20:15:05.292 - Info: [   0.3510 ] Sha saved in mb1_bct_MB1.sha
20:15:05.292 - Info: [   0.3512 ] tegrahost_v2 --chip 0x23 0 --magicid MBCT --ratchet_blob ratchet_blob.bin --appendsigheader mb1_bct_MB1_aligned.bct zerosbk
20:15:05.292 - Info: [   0.3519 ] adding BCH for mb1_bct_MB1_aligned.bct
20:15:05.296 - Info: [   0.3545 ] tegrasign_v3.py --key None --list mb1_bct_MB1_aligned_sigheader.bct_list.xml --sha sha512
20:15:05.296 - Info: [   0.3546 ] Assuming zero filled SBK key
20:15:05.339 - Info: [   0.3599 ] tegrahost_v2 --chip 0x23 0 --updatesigheader mb1_bct_MB1_aligned_sigheader.bct.encrypt mb1_bct_MB1_aligned_sigheader.bct.hash zerosbk
20:15:05.339 - Info: [   0.3613 ] Info: Skip generating mem_bct because sdram_config is not defined
20:15:05.339 - Info: [   0.3613 ] Info: Skip generating mem_bct because sdram_config is not defined
20:15:05.339 - Info: [   0.3613 ] Copying signatures
20:15:05.339 - Info: [   0.3618 ] tegrahost_v2 --chip 0x23 0 --partitionlayout readinfo_t234_min_prod.xml.bin --updatesig images_list_signed.xml
20:15:05.339 - Info: [   0.3674 ] mb1_t234_prod_aligned_sigheader.bin.encrypt filename is from images_list
20:15:05.339 - Info: [   0.3675 ] psc_bl1_t234_prod_aligned_sigheader.bin.encrypt filename is from images_list
20:15:05.339 - Info: [   0.3675 ] Boot Rom communication
20:15:05.339 - Info: [   0.3681 ] tegrarcm_v2 --new_session --chip 0x23 0 --uid --download bct_br br_bct_BR.bct --download mb1 mb1_t234_prod_aligned_sigheader.bin.encrypt --download psc_bl1 psc_bl1_t234_prod_aligned_sigheader.bin.encrypt --download bct_mb1 mb1_bct_MB1_sigheader.bct.encrypt
20:15:05.340 - Info: [   0.3689 ] BR_CID: 0x80012344705E00613C00000014008240
20:15:05.346 - Info: [   0.3989 ] Sending bct_br
20:15:05.349 - Info: [   0.4062 ] Sending mb1
20:15:05.365 - Info: [   0.4087 ] Sending psc_bl1
20:15:05.375 - Info: [   0.4247 ] Sending bct_mb1
20:15:05.383 - Info: [   0.4370 ] Boot Rom communication completed
20:15:05.383 - Info: [   0.4389 ] tegrahost_v2 --chip 0x23 0 --align applet_t234_aligned.bin
20:15:05.383 - Info: [   0.4412 ] tegrahost_v2 --chip 0x23 0 --magicid MB2A --ratchet_blob ratchet_blob.bin --appendsigheader applet_t234_aligned.bin zerosbk
20:15:05.383 - Info: [   0.4429 ] adding BCH for applet_t234_aligned.bin
20:15:05.392 - Info: [   0.4505 ] tegrasign_v3.py --key None --list applet_t234_aligned_sigheader.bin_list.xml --sha sha512
20:15:05.392 - Info: [   0.4506 ] Assuming zero filled SBK key
20:15:05.607 - Info: [   0.4567 ] tegrahost_v2 --chip 0x23 0 --updatesigheader applet_t234_aligned_sigheader.bin.encrypt applet_t234_aligned_sigheader.bin.hash zerosbk
20:15:05.607 - Info: [   0.4606 ] Sending mb2_applet...
20:15:05.607 - Info: 
20:15:05.607 - Info: [   0.4615 ] tegrarcm_v2 --chip 0x23 0 --pollbl --download applet applet_t234_sigheader.bin.encrypt
20:15:05.607 - Info: [   0.4623 ] BL: version 1.0.1.17-t234-54845784-9b0d5809 last_boot_error: 0
20:15:05.636 - Info: [   0.6673 ] Sending applet
20:15:05.860 - Info: [   0.7728 ] completed
20:15:05.860 - Info: [   0.7737 ] tegrarcm_v2 --chip 0x23 0 --ismb2applet
20:15:05.860 - Info: [   0.7744 ] MB2 Applet version 01.00.0000
20:15:05.894 - Info: [   0.9213 ] tegrarcm_v2 --chip 0x23 0 --ismb2applet
20:15:05.894 - Info: [   0.9219 ] MB2 Applet version 01.00.0000
20:15:05.897 - Info: [   0.9555 ] Parsing fuse info as per xml file
20:15:05.897 - Info: [   0.9564 ] tegraparser_v2 --chip 0x23 0 --get_fuse_names fuse_t234.xml read_fuse_names.txt
20:15:05.897 - Info: [   0.9567 ] MagicId=0x45535546 version=0x2
20:15:05.910 - Info: [   0.9572 ] trying to read fuse with MB2 Applet
20:15:05.910 - Info: [   0.9577 ] tegraparser_v2 --chip 0x23 0 --read_fusetype PublicKeyHash read_fuse.bin
20:15:05.910 - Info: [   0.9598 ] tegrarcm_v2 --oem readfuses __fuse_read_scatter.bin read_fuse.bin
20:15:05.910 - Info: [   0.9608 ] MB2 Applet version 01.00.0000
20:15:05.920 - Info: [   0.9702 ] Saved read fuses in file __fuse_read_scatter.bin
20:15:05.924 - Info: [   0.9798 ] Fuse read successful
20:15:05.953 - Info: [   0.9847 ] tegraparser_v2 --chip 0x23 0 --read_fusetype PkcPubkeyHash1 read_fuse.bin
20:15:05.953 - Info: [   0.9870 ] tegrarcm_v2 --oem readfuses __fuse_read_scatter.bin read_fuse.bin
20:15:05.953 - Info: [   0.9874 ] MB2 Applet version 01.00.0000
20:15:05.962 - Info: [   1.0131 ] Saved read fuses in file __fuse_read_scatter.bin
20:15:05.964 - Info: [   1.0218 ] Fuse read successful
20:15:05.985 - Info: [   1.0253 ] tegraparser_v2 --chip 0x23 0 --read_fusetype PkcPubkeyHash2 read_fuse.bin
20:15:05.985 - Info: [   1.0263 ] tegrarcm_v2 --oem readfuses __fuse_read_scatter.bin read_fuse.bin
20:15:05.986 - Info: [   1.0269 ] MB2 Applet version 01.00.0000
20:15:05.994 - Info: [   1.0452 ] Saved read fuses in file __fuse_read_scatter.bin
20:15:05.996 - Info: [   1.0546 ] Fuse read successful
20:15:06.006 - Info: [   1.0579 ] tegraparser_v2 --chip 0x23 0 --read_fusetype BootSecurityInfo read_fuse.bin
20:15:06.006 - Info: [   1.0592 ] tegrarcm_v2 --oem readfuses __fuse_read_scatter.bin read_fuse.bin
20:15:06.006 - Info: [   1.0595 ] MB2 Applet version 01.00.0000
20:15:06.015 - Info: [   1.0658 ] Saved read fuses in file __fuse_read_scatter.bin
20:15:06.017 - Info: [   1.0754 ] Fuse read successful
20:15:06.040 - Info: [   1.0797 ] tegraparser_v2 --chip 0x23 0 --read_fusetype ArmJtagDisable read_fuse.bin
20:15:06.040 - Info: [   1.0808 ] tegrarcm_v2 --oem readfuses __fuse_read_scatter.bin read_fuse.bin
20:15:06.040 - Info: [   1.0810 ] MB2 Applet version 01.00.0000
20:15:06.049 - Info: [   1.0998 ] Saved read fuses in file __fuse_read_scatter.bin
20:15:06.052 - Info: [   1.1079 ] Fuse read successful
20:15:06.061 - Info: [   1.1136 ] tegraparser_v2 --chip 0x23 0 --read_fusetype SecurityMode read_fuse.bin
20:15:06.061 - Info: [   1.1152 ] tegrarcm_v2 --oem readfuses __fuse_read_scatter.bin read_fuse.bin
20:15:06.061 - Info: [   1.1155 ] MB2 Applet version 01.00.0000
20:15:06.070 - Info: [   1.1216 ] Saved read fuses in file __fuse_read_scatter.bin
20:15:06.074 - Info: [   1.1305 ] Fuse read successful
20:15:06.095 - Info: [   1.1346 ] tegraparser_v2 --chip 0x23 0 --read_fusetype SwReserved read_fuse.bin
20:15:06.095 - Info: [   1.1356 ] tegrarcm_v2 --oem readfuses __fuse_read_scatter.bin read_fuse.bin
20:15:06.097 - Info: [   1.1358 ] MB2 Applet version 01.00.0000
20:15:06.107 - Info: [   1.1569 ] Saved read fuses in file __fuse_read_scatter.bin
20:15:06.108 - Info: [   1.1672 ] Fuse read successful
20:15:06.151 - Info: [   1.1689 ] tegraparser_v2 --chip 0x23 0 --read_fusetype DebugAuthentication read_fuse.bin
20:15:06.151 - Info: [   1.1715 ] tegrarcm_v2 --oem readfuses __fuse_read_scatter.bin read_fuse.bin
20:15:06.151 - Info: [   1.1719 ] MB2 Applet version 01.00.0000
20:15:06.158 - Info: [   1.2107 ] Saved read fuses in file __fuse_read_scatter.bin
20:15:06.161 - Info: [   1.2181 ] Fuse read successful
20:15:06.193 - Info: [   1.2221 ] tegraparser_v2 --chip 0x23 0 --read_fusetype OdmInfo read_fuse.bin
20:15:06.193 - Info: [   1.2265 ] tegrarcm_v2 --oem readfuses __fuse_read_scatter.bin read_fuse.bin
20:15:06.193 - Info: [   1.2269 ] MB2 Applet version 01.00.0000
20:15:06.205 - Info: [   1.2529 ] Saved read fuses in file __fuse_read_scatter.bin
20:15:06.207 - Info: [   1.2635 ] Fuse read successful
20:15:06.228 - Info: [   1.2688 ] tegraparser_v2 --chip 0x23 0 --read_fusetype OdmId read_fuse.bin
20:15:06.228 - Info: [   1.2698 ] tegrarcm_v2 --oem readfuses __fuse_read_scatter.bin read_fuse.bin
20:15:06.229 - Info: [   1.2700 ] MB2 Applet version 01.00.0000
20:15:06.239 - Info: [   1.2887 ] Saved read fuses in file __fuse_read_scatter.bin
20:15:06.244 - Info: [   1.2994 ] Fuse read successful
20:15:06.273 - Info: [   1.3056 ] tegraparser_v2 --chip 0x23 0 --read_fusetype OdmLock read_fuse.bin
20:15:06.273 - Info: [   1.3080 ] tegrarcm_v2 --oem readfuses __fuse_read_scatter.bin read_fuse.bin
20:15:06.275 - Info: [   1.3085 ] MB2 Applet version 01.00.0000
20:15:06.282 - Info: [   1.3343 ] Saved read fuses in file __fuse_read_scatter.bin
20:15:06.284 - Info: [   1.3416 ] Fuse read successful
20:15:06.309 - Info: [   1.3468 ] tegraparser_v2 --chip 0x23 0 --read_fusetype ReservedOdm0 read_fuse.bin
20:15:06.309 - Info: [   1.3483 ] tegrarcm_v2 --oem readfuses __fuse_read_scatter.bin read_fuse.bin
20:15:06.310 - Info: [   1.3491 ] MB2 Applet version 01.00.0000
20:15:06.319 - Info: [   1.3697 ] Saved read fuses in file __fuse_read_scatter.bin
20:15:06.322 - Info: [   1.3792 ] Fuse read successful
20:15:06.332 - Info: [   1.3826 ] tegraparser_v2 --chip 0x23 0 --read_fusetype ReservedOdm1 read_fuse.bin
20:15:06.332 - Info: [   1.3852 ] tegrarcm_v2 --oem readfuses __fuse_read_scatter.bin read_fuse.bin
20:15:06.332 - Info: [   1.3860 ] MB2 Applet version 01.00.0000
20:15:06.342 - Info: [   1.3925 ] Saved read fuses in file __fuse_read_scatter.bin
20:15:06.344 - Info: [   1.4020 ] Fuse read successful
20:15:06.389 - Info: [   1.4057 ] tegraparser_v2 --chip 0x23 0 --read_fusetype ReservedOdm2 read_fuse.bin
20:15:06.389 - Info: [   1.4084 ] tegrarcm_v2 --oem readfuses __fuse_read_scatter.bin read_fuse.bin
20:15:06.389 - Info: [   1.4087 ] MB2 Applet version 01.00.0000
20:15:06.399 - Info: [   1.4491 ] Saved read fuses in file __fuse_read_scatter.bin
20:15:06.401 - Info: [   1.4589 ] Fuse read successful
20:15:06.431 - Info: [   1.4630 ] tegraparser_v2 --chip 0x23 0 --read_fusetype ReservedOdm3 read_fuse.bin
20:15:06.431 - Info: [   1.4653 ] tegrarcm_v2 --oem readfuses __fuse_read_scatter.bin read_fuse.bin
20:15:06.432 - Info: [   1.4655 ] MB2 Applet version 01.00.0000
20:15:06.440 - Info: [   1.4913 ] Saved read fuses in file __fuse_read_scatter.bin
20:15:06.444 - Info: [   1.5002 ] Fuse read successful
20:15:06.471 - Info: [   1.5048 ] tegraparser_v2 --chip 0x23 0 --read_fusetype ReservedOdm4 read_fuse.bin
20:15:06.471 - Info: [   1.5064 ] tegrarcm_v2 --oem readfuses __fuse_read_scatter.bin read_fuse.bin
20:15:06.472 - Info: [   1.5066 ] MB2 Applet version 01.00.0000
20:15:06.483 - Info: [   1.5318 ] Saved read fuses in file __fuse_read_scatter.bin
20:15:06.484 - Info: [   1.5428 ] Fuse read successful
20:15:06.509 - Info: [   1.5478 ] tegraparser_v2 --chip 0x23 0 --read_fusetype ReservedOdm5 read_fuse.bin
20:15:06.509 - Info: [   1.5509 ] tegrarcm_v2 --oem readfuses __fuse_read_scatter.bin read_fuse.bin
20:15:06.510 - Info: [   1.5514 ] MB2 Applet version 01.00.0000
20:15:06.518 - Info: [   1.5698 ] Saved read fuses in file __fuse_read_scatter.bin
20:15:06.521 - Info: [   1.5782 ] Fuse read successful
20:15:06.543 - Info: [   1.5818 ] tegraparser_v2 --chip 0x23 0 --read_fusetype ReservedOdm6 read_fuse.bin
20:15:06.543 - Info: [   1.5843 ] tegrarcm_v2 --oem readfuses __fuse_read_scatter.bin read_fuse.bin
20:15:06.544 - Info: [   1.5846 ] MB2 Applet version 01.00.0000
20:15:06.554 - Info: [   1.6040 ] Saved read fuses in file __fuse_read_scatter.bin
20:15:06.556 - Info: [   1.6140 ] Fuse read successful
20:15:06.578 - Info: [   1.6166 ] tegraparser_v2 --chip 0x23 0 --read_fusetype ReservedOdm7 read_fuse.bin
20:15:06.579 - Info: [   1.6193 ] tegrarcm_v2 --oem readfuses __fuse_read_scatter.bin read_fuse.bin
20:15:06.579 - Info: [   1.6200 ] MB2 Applet version 01.00.0000
20:15:06.588 - Info: [   1.6387 ] Saved read fuses in file __fuse_read_scatter.bin
20:15:06.591 - Info: [   1.6477 ] Fuse read successful
20:15:06.628 - Info: [   1.6515 ] tegraparser_v2 --chip 0x23 0 --read_fusetype Sku read_fuse.bin
20:15:06.628 - Info: [   1.6529 ] tegrarcm_v2 --oem readfuses __fuse_read_scatter.bin read_fuse.bin
20:15:06.628 - Info: [   1.6532 ] MB2 Applet version 01.00.0000
20:15:06.637 - Info: [   1.6879 ] Saved read fuses in file __fuse_read_scatter.bin
20:15:06.640 - Info: [   1.6972 ] Fuse read successful
20:15:06.647 - Info: [   1.7006 ] tegraparser_v2 --chip 0x23 0 --read_fusetype Uid read_fuse.bin
20:15:06.647 - Info: [   1.7019 ] tegrarcm_v2 --oem readfuses __fuse_read_scatter.bin read_fuse.bin
20:15:06.647 - Info: [   1.7023 ] MB2 Applet version 01.00.0000
20:15:06.658 - Info: [   1.7073 ] Saved read fuses in file __fuse_read_scatter.bin
20:15:06.660 - Info: [   1.7183 ] Fuse read successful
20:15:06.690 - Info: [   1.7213 ] tegraparser_v2 --chip 0x23 0 --read_fusetype OptEmcDisable read_fuse.bin
20:15:06.690 - Info: [   1.7224 ] tegrarcm_v2 --oem readfuses __fuse_read_scatter.bin read_fuse.bin
20:15:06.690 - Info: [   1.7227 ] MB2 Applet version 01.00.0000
20:15:06.700 - Info: [   1.7498 ] Saved read fuses in file __fuse_read_scatter.bin
20:15:06.703 - Info: [   1.7601 ] Fuse read successful
20:15:06.711 - Info: [   1.7646 ] tegrarcm_v2 --chip 0x23 0 --ismb2applet
20:15:06.711 - Info: [   1.7650 ] MB2 Applet version 01.00.0000
20:15:06.724 - Info: [   1.7709 ] tegrarcm_v2 --chip 0x23 0 --ismb2applet
20:15:06.724 - Info: [   1.7724 ] MB2 Applet version 01.00.0000
20:15:06.742 - Info: [   1.7847 ] Retrieving board information
20:15:06.742 - Info: [   1.7859 ] tegrarcm_v2 --chip 0x23 0 --oem platformdetails chip chip_info.bin
20:15:06.742 - Info: [   1.7862 ] MB2 Applet version 01.00.0000
20:15:06.750 - Info: [   1.8021 ] Saved platform info in chip_info.bin
20:15:06.750 - Info: [   1.8098 ] Chip minor revision: 1
20:15:06.750 - Info: [   1.8098 ] Bootrom revision: 0x7
20:15:06.750 - Info: [   1.8099 ] Ram code: 0x2
20:15:06.750 - Info: [   1.8099 ] Chip sku: 0xd5
20:15:06.750 - Info: [   1.8100 ] Chip Sample: prod
20:15:06.765 - Info: [   1.8125 ] Retrieving EEPROM data
20:15:06.765 - Info: [   1.8125 ] Renaming /home/ckw/nvidia/nvidia_sdk/JetPack_7.2_Linux_JETSON_ORIN_NANO_TARGETS/Linux_for_Tegra/bootloader/cvm.bin to /home/ckw/nvidia/nvidia_sdk/JetPack_7.2_Linux_JETSON_ORIN_NANO_TARGETS/Linux_for_Tegra/bootloader/cvm.bin.sav
20:15:06.765 - Info: [   1.8127 ] tegrarcm_v2 --oem platformdetails eeprom cvm /home/ckw/nvidia/nvidia_sdk/JetPack_7.2_Linux_JETSON_ORIN_NANO_TARGETS/Linux_for_Tegra/bootloader/cvm.bin --chip 0x23 0
20:15:06.765 - Info: [   1.8132 ] MB2 Applet version 01.00.0000
20:15:06.801 - Info: [   1.8247 ] Saved platform info in /home/ckw/nvidia/nvidia_sdk/JetPack_7.2_Linux_JETSON_ORIN_NANO_TARGETS/Linux_for_Tegra/bootloader/cvm.bin
20:15:06.817 - Info: [   1.8644 ] tegrarcm_v2 --chip 0x23 0 --ismb2applet
20:15:06.819 - Info: [   1.8648 ] MB2 Applet version 01.00.0000
20:15:06.860 - Info: [   1.8798 ] tegrarcm_v2 --chip 0x23 0 --ismb2applet
20:15:06.861 - Info: [   1.8807 ] MB2 Applet version 01.00.0000
20:15:06.874 - Info: [   1.9201 ] Dumping customer Info
20:15:06.874 - Info: [   1.9212 ] tegrarcm_v2 --chip 0x23 0 --oem dump bct tmp.bct
20:15:06.874 - Info: [   1.9220 ] MB2 Applet version 01.00.0000
20:15:06.894 - Info: [   1.9334 ] Saved bct in tmp.bct
20:15:06.898 - Info: [   1.9575 ] Renaming /home/ckw/nvidia/nvidia_sdk/JetPack_7.2_Linux_JETSON_ORIN_NANO_TARGETS/Linux_for_Tegra/bootloader/custinfo_out.bin to /home/ckw/nvidia/nvidia_sdk/JetPack_7.2_Linux_JETSON_ORIN_NANO_TARGETS/Linux_for_Tegra/bootloader/custinfo_out.bin.sav
20:15:06.898 - Info: [   1.9576 ] tegrabct_v2 --brbct tmp.bct --chip 0x23 0 --custinfo /home/ckw/nvidia/nvidia_sdk/JetPack_7.2_Linux_JETSON_ORIN_NANO_TARGETS/Linux_for_Tegra/bootloader/custinfo_out.bin
20:15:06.898 - Info: [   1.9579 ] parse-error-mode: show-continue (default)
20:15:06.898 - Info: [   1.9581 ] File tmp.bct saved.
20:15:06.936 - Info: [   1.9585 ] Customer data saved in /home/ckw/nvidia/nvidia_sdk/JetPack_7.2_Linux_JETSON_ORIN_NANO_TARGETS/Linux_for_Tegra/bootloader/custinfo_out.bin successfully[   1.9616 ] Rebooting to recovery mode
20:15:06.936 - Info: [   1.9623 ] tegrarcm_v2 --chip 0x23 0 --ismb2
20:15:06.936 - Info: [   1.9757 ] tegrarcm_v2 --chip 0x23 0 --ismb2applet
20:15:06.936 - Info: [   1.9760 ] MB2 Applet version 01.00.0000
20:15:06.955 - Info: [   1.9961 ] Booting to recovery mode
20:15:06.955 - Info: [   1.9968 ] tegrarcm_v2 --chip 0x23 0 --reboot recovery
20:15:06.955 - Info: [   1.9978 ] MB2 Applet version 01.00.0000
20:15:09.004 - Info: Board ID(3767) version(300) sku(0005) revision(T.1)
20:15:09.005 - Info: RAMCODE is 2
20:15:09.017 - Info: Chip SKU(00:00:00:D5) ramcode(2) fuselevel(fuselevel_production) board_FAB(300)
20:15:09.084 - Info: Using user_dev sector size 512
20:15:09.419 - Info: Copy /home/ckw/nvidia/nvidia_sdk/JetPack_7.2_Linux_JETSON_ORIN_NANO_TARGETS/Linux_for_Tegra/kernel/dtb/tegra234-p3768-0000+p3767-0005-nv-super.dtb to /home/ckw/nvidia/nvidia_sdk/JetPack_7.2_Linux_JETSON_ORIN_NANO_TARGETS/Linux_for_Tegra/kernel/dtb/tegra234-p3768-0000+p3767-0005-nv-super.dtb.rec
20:15:09.438 - Info: Using UUID 4c8cc62d-2ca6-4a65-94f0-e159558f093f for mounting root APP partition.
20:15:09.445 - Info: copying bctfile(/home/ckw/nvidia/nvidia_sdk/JetPack_7.2_Linux_JETSON_ORIN_NANO_TARGETS/Linux_for_Tegra/bootloader/generic/BCT/tegra234-p3767-0001-sdram-l4t.dts)... done.
20:15:09.445 - Info: bct_flags_file: 
20:15:09.448 - Info: copying minratchet_config(/home/ckw/nvidia/nvidia_sdk/JetPack_7.2_Linux_JETSON_ORIN_NANO_TARGETS/Linux_for_Tegra/bootloader/generic/BCT/tegra234-mb1-bct-ratchet-p3767-0000.dts)... done.
20:15:09.451 - Info: copying device_config(/home/ckw/nvidia/nvidia_sdk/JetPack_7.2_Linux_JETSON_ORIN_NANO_TARGETS/Linux_for_Tegra/bootloader/generic/BCT/tegra234-mb1-bct-device-p3767-0000.dts)... done.
20:15:09.454 - Info: copying misc_config(/home/ckw/nvidia/nvidia_sdk/JetPack_7.2_Linux_JETSON_ORIN_NANO_TARGETS/Linux_for_Tegra/bootloader/generic/BCT/tegra234-mb1-bct-misc-p3767-0000.dts)... done.
20:15:09.457 - Info: copying pinmux_config(/home/ckw/nvidia/nvidia_sdk/JetPack_7.2_Linux_JETSON_ORIN_NANO_TARGETS/Linux_for_Tegra/bootloader/generic/BCT/tegra234-mb1-bct-pinmux-p3767-dp-a03.dtsi)... done.
20:15:09.462 - Info: copying gpioint_config(/home/ckw/nvidia/nvidia_sdk/JetPack_7.2_Linux_JETSON_ORIN_NANO_TARGETS/Linux_for_Tegra/bootloader/generic/BCT/tegra234-mb1-bct-gpioint-p3767-0000.dts)... done.
20:15:09.465 - Info: copying pmic_config(/home/ckw/nvidia/nvidia_sdk/JetPack_7.2_Linux_JETSON_ORIN_NANO_TARGETS/Linux_for_Tegra/bootloader/generic/BCT/tegra234-mb1-bct-pmic-p3767-0000-a02.dts)... done.
20:15:09.470 - Info: copying pmc_config(/home/ckw/nvidia/nvidia_sdk/JetPack_7.2_Linux_JETSON_ORIN_NANO_TARGETS/Linux_for_Tegra/bootloader/generic/BCT/tegra234-mb1-bct-padvoltage-p3767-dp-a03.dtsi)... done.
20:15:09.476 - Info: copying deviceprod_config(/home/ckw/nvidia/nvidia_sdk/JetPack_7.2_Linux_JETSON_ORIN_NANO_TARGETS/Linux_for_Tegra/bootloader/generic/BCT/tegra234-mb1-bct-cprod-p3767-0000.dts)... done.
20:15:09.481 - Info: copying prod_config(/home/ckw/nvidia/nvidia_sdk/JetPack_7.2_Linux_JETSON_ORIN_NANO_TARGETS/Linux_for_Tegra/bootloader/generic/BCT/tegra234-mb1-bct-prod-p3767-0000.dts)... done.
20:15:09.485 - Info: copying scr_config(/home/ckw/nvidia/nvidia_sdk/JetPack_7.2_Linux_JETSON_ORIN_NANO_TARGETS/Linux_for_Tegra/bootloader/generic/BCT/tegra234-mb2-bct-scr-p3767-0000.dts)... done.
20:15:09.488 - Info: copying wb0sdram(/home/ckw/nvidia/nvidia_sdk/JetPack_7.2_Linux_JETSON_ORIN_NANO_TARGETS/Linux_for_Tegra/bootloader/generic/BCT/tegra234-p3767-0001-wb0sdram-l4t.dts)... done.
20:15:09.490 - Info: copying bootrom_config(/home/ckw/nvidia/nvidia_sdk/JetPack_7.2_Linux_JETSON_ORIN_NANO_TARGETS/Linux_for_Tegra/bootloader/generic/BCT/tegra234-mb1-bct-reset-p3767-0000.dts)... done.
20:15:09.497 - Info: Existing uphylane_config(/home/ckw/nvidia/nvidia_sdk/JetPack_7.2_Linux_JETSON_ORIN_NANO_TARGETS/Linux_for_Tegra/bootloader/tegra234-mb1-bct-uphylane-si.dtsi) reused.
20:15:09.501 - Info: copying dev_params(/home/ckw/nvidia/nvidia_sdk/JetPack_7.2_Linux_JETSON_ORIN_NANO_TARGETS/Linux_for_Tegra/bootloader/generic/BCT/tegra234-br-bct-p3767-0000-l4t.dts)... done.
20:15:09.507 - Info: copying dev_params_b(/home/ckw/nvidia/nvidia_sdk/JetPack_7.2_Linux_JETSON_ORIN_NANO_TARGETS/Linux_for_Tegra/bootloader/generic/BCT/tegra234-br-bct_b-p3767-0000-l4t.dts)... done.
20:15:09.514 - Info: copying mb2bct_cfg(/home/ckw/nvidia/nvidia_sdk/JetPack_7.2_Linux_JETSON_ORIN_NANO_TARGETS/Linux_for_Tegra/bootloader/generic/BCT/tegra234-mb2-bct-misc-p3767-0000.dts)... done.
20:15:09.520 - Info: Existing pscfwfile(/home/ckw/nvidia/nvidia_sdk/JetPack_7.2_Linux_JETSON_ORIN_NANO_TARGETS/Linux_for_Tegra/bootloader/pscfw_t234_prod.bin) reused.
20:15:09.524 - Info: Existing pscbl1file(/home/ckw/nvidia/nvidia_sdk/JetPack_7.2_Linux_JETSON_ORIN_NANO_TARGETS/Linux_for_Tegra/bootloader/psc_bl1_t234_prod.bin) reused.
20:15:09.533 - Info: Existing mtsmcefile(/home/ckw/nvidia/nvidia_sdk/JetPack_7.2_Linux_JETSON_ORIN_NANO_TARGETS/Linux_for_Tegra/bootloader/mce_flash_o10_cr_prod.bin) reused.
20:15:09.539 - Info: Existing tscfwfile(/home/ckw/nvidia/nvidia_sdk/JetPack_7.2_Linux_JETSON_ORIN_NANO_TARGETS/Linux_for_Tegra/bootloader/tsec_t234.bin) reused.
20:15:09.545 - Info: Existing mb2applet(/home/ckw/nvidia/nvidia_sdk/JetPack_7.2_Linux_JETSON_ORIN_NANO_TARGETS/Linux_for_Tegra/bootloader/applet_t234.bin) reused.
20:15:09.557 - Info: 	populating kernel to rootfs... Copying /home/ckw/nvidia/nvidia_sdk/JetPack_7.2_Linux_JETSON_ORIN_NANO_TARGETS/Linux_for_Tegra/kernel/Image to /home/ckw/nvidia/nvidia_sdk/JetPack_7.2_Linux_JETSON_ORIN_NANO_TARGETS/Linux_for_Tegra/rootfs/boot
20:15:09.830 - Info: done.
20:15:09.866 - Info: copying initrd(/home/ckw/nvidia/nvidia_sdk/JetPack_7.2_Linux_JETSON_ORIN_NANO_TARGETS/Linux_for_Tegra/bootloader/l4t_initrd.img)... done.
20:15:09.866 - Info: bl is uefi
20:15:10.632 - Info: Making Boot image... done.
20:15:10.635 - Info: Not signing of boot.img
20:15:10.638 - Info: Making recovery ramdisk for recovery image...
20:15:10.638 - Info: Re-generating recovery ramdisk for recovery image...
20:15:10.860 - Info: /home/ckw/nvidia/nvidia_sdk/JetPack_7.2_Linux_JETSON_ORIN_NANO_TARGETS/Linux_for_Tegra/bootloader/ramdisk_tmp /home/ckw/nvidia/nvidia_sdk/JetPack_7.2_Linux_JETSON_ORIN_NANO_TARGETS/Linux_for_Tegra/bootloader /home/ckw/nvidia/nvidia_sdk/JetPack_7.2_Linux_JETSON_ORIN_NANO_TARGETS/Linux_for_Tegra
58950 blocks
20:15:11.336 - Info: _BASE_KERNEL_VERSION=6.8.12-1021-tegra
20:15:19.645 - Info: 90520 blocks
20:15:19.682 - Info: Making Recovery image...
20:15:20.350 - Info: copying recdtbfile(/home/ckw/nvidia/nvidia_sdk/JetPack_7.2_Linux_JETSON_ORIN_NANO_TARGETS/Linux_for_Tegra/kernel/dtb/tegra234-p3768-0000+p3767-0005-nv-super.dtb.rec)... done.
20:15:20.356 - Info: 20+0 records in
20:15:20.356 - Info: 20+0 records out
20:15:20.357 - Info: 20 bytes copied, 0.000874013 s, 22.9 kB/s
20:15:20.387 - Info: Existing sosfile(/home/ckw/nvidia/nvidia_sdk/JetPack_7.2_Linux_JETSON_ORIN_NANO_TARGETS/Linux_for_Tegra/bootloader/mb1_t234_prod.bin) reused.
20:15:20.394 - Info: Existing mb2blfile(/home/ckw/nvidia/nvidia_sdk/JetPack_7.2_Linux_JETSON_ORIN_NANO_TARGETS/Linux_for_Tegra/bootloader/mb2_t234.bin) reused.
20:15:20.402 - Info: Existing xusbfile(/home/ckw/nvidia/nvidia_sdk/JetPack_7.2_Linux_JETSON_ORIN_NANO_TARGETS/Linux_for_Tegra/bootloader/xusb_t234_prod.bin) reused.
20:15:20.418 - Info: Existing pvafile(/home/ckw/nvidia/nvidia_sdk/JetPack_7.2_Linux_JETSON_ORIN_NANO_TARGETS/Linux_for_Tegra/bootloader/nvpva_020.fw) reused.
20:15:20.464 - Info: Existing dcefile(/home/ckw/nvidia/nvidia_sdk/JetPack_7.2_Linux_JETSON_ORIN_NANO_TARGETS/Linux_for_Tegra/bootloader/display-t234-dce.bin) reused.
20:15:20.469 - Info: copying dcedtbfile(/home/ckw/nvidia/nvidia_sdk/JetPack_7.2_Linux_JETSON_ORIN_NANO_TARGETS/Linux_for_Tegra/kernel/dtb/tegra234-p3768-0000+p3767-0005-nv-super.dtb)... done.
20:15:20.480 - Info: Existing nvdecfile(/home/ckw/nvidia/nvidia_sdk/JetPack_7.2_Linux_JETSON_ORIN_NANO_TARGETS/Linux_for_Tegra/bootloader/nvdec_t234_prod.fw) reused.
20:15:20.487 - Info: Existing psc_rf(/home/ckw/nvidia/nvidia_sdk/JetPack_7.2_Linux_JETSON_ORIN_NANO_TARGETS/Linux_for_Tegra/bootloader/psc_rf_t234_prod.bin) reused.
20:15:20.495 - Info: Existing mb2_rf(/home/ckw/nvidia/nvidia_sdk/JetPack_7.2_Linux_JETSON_ORIN_NANO_TARGETS/Linux_for_Tegra/bootloader/mb2rf_t234.bin) reused.
20:15:20.501 - Info: Existing mb1file(/home/ckw/nvidia/nvidia_sdk/JetPack_7.2_Linux_JETSON_ORIN_NANO_TARGETS/Linux_for_Tegra/bootloader/mb1_t234_prod.bin) reused.
20:15:20.510 - Info: Existing bpffile(/home/ckw/nvidia/nvidia_sdk/JetPack_7.2_Linux_JETSON_ORIN_NANO_TARGETS/Linux_for_Tegra/bootloader/bpmp_t234-TE950M-A1_prod.bin) reused.
20:15:20.516 - Info: copying bpfdtbfile(/home/ckw/nvidia/nvidia_sdk/JetPack_7.2_Linux_JETSON_ORIN_NANO_TARGETS/Linux_for_Tegra/bootloader/generic/tegra234-bpmp-3767-0003-3768-super.dtb)... done.
20:15:20.526 - Info: Existing camerafw(/home/ckw/nvidia/nvidia_sdk/JetPack_7.2_Linux_JETSON_ORIN_NANO_TARGETS/Linux_for_Tegra/bootloader/camera-rtcpu-t234-rce.img) reused.
20:15:20.534 - Info: Existing apefile(/home/ckw/nvidia/nvidia_sdk/JetPack_7.2_Linux_JETSON_ORIN_NANO_TARGETS/Linux_for_Tegra/bootloader/adsp-fw.bin) reused.
20:15:20.541 - Info: Existing spefile(/home/ckw/nvidia/nvidia_sdk/JetPack_7.2_Linux_JETSON_ORIN_NANO_TARGETS/Linux_for_Tegra/bootloader/spe_t234.bin) reused.
20:15:20.550 - Info: Existing wb0boot(/home/ckw/nvidia/nvidia_sdk/JetPack_7.2_Linux_JETSON_ORIN_NANO_TARGETS/Linux_for_Tegra/bootloader/sc7_t234_prod.bin) reused.
20:15:20.564 - Info: Existing tosfile(/home/ckw/nvidia/nvidia_sdk/JetPack_7.2_Linux_JETSON_ORIN_NANO_TARGETS/Linux_for_Tegra/bootloader/tos-optee_t234.img) reused.
20:15:20.571 - Info: Existing eksfile(/home/ckw/nvidia/nvidia_sdk/JetPack_7.2_Linux_JETSON_ORIN_NANO_TARGETS/Linux_for_Tegra/bootloader/eks_t234.img) reused.
20:15:20.574 - Info: copying dtbfile(/home/ckw/nvidia/nvidia_sdk/JetPack_7.2_Linux_JETSON_ORIN_NANO_TARGETS/Linux_for_Tegra/kernel/dtb/tegra234-p3768-0000+p3767-0005-nv-super.dtb)... done.
20:15:20.577 - Info: Copying nv_boot_control.conf to rootfs
20:15:20.606 - Info: Skip generating system.img
20:15:20.606 - Info: Not signing of kernel-dtb
20:15:20.613 - Info: copying tbcfile(/home/ckw/nvidia/nvidia_sdk/JetPack_7.2_Linux_JETSON_ORIN_NANO_TARGETS/Linux_for_Tegra/bootloader/uefi_bins/uefi_t23x_general.bin)... done.
20:15:20.620 - Info: copying rcm_tbcfile(/home/ckw/nvidia/nvidia_sdk/JetPack_7.2_Linux_JETSON_ORIN_NANO_TARGETS/Linux_for_Tegra/bootloader/uefi_bins/uefi_t23x_general.bin)... done.
20:15:20.620 - Info: Skip generating EFI system partition image.
20:15:20.623 - Info: copying tbcdtbfile(/home/ckw/nvidia/nvidia_sdk/JetPack_7.2_Linux_JETSON_ORIN_NANO_TARGETS/Linux_for_Tegra/kernel/dtb/tegra234-p3768-0000+p3767-0005-nv-super.dtb)... done.
20:15:20.946 - Info: copying cfgfile(/home/ckw/nvidia/nvidia_sdk/JetPack_7.2_Linux_JETSON_ORIN_NANO_TARGETS/Linux_for_Tegra/bootloader/generic/cfg/flash_t234_qspi.xml) to flash.xml... done.
20:15:21.158 - Info: Existing flashapp(/home/ckw/nvidia/nvidia_sdk/JetPack_7.2_Linux_JETSON_ORIN_NANO_TARGETS/Linux_for_Tegra/bootloader/tegraflash.py) reused.
20:15:21.168 - Info: copying overlay_dtb(/home/ckw/nvidia/nvidia_sdk/JetPack_7.2_Linux_JETSON_ORIN_NANO_TARGETS/Linux_for_Tegra/kernel/dtb/L4TConfiguration.dtbo)... done.
20:15:21.178 - Info: copying overlay_dtb(/home/ckw/nvidia/nvidia_sdk/JetPack_7.2_Linux_JETSON_ORIN_NANO_TARGETS/Linux_for_Tegra/kernel/dtb/tegra234-carveouts.dtbo)... done.
20:15:21.189 - Info: copying overlay_dtb(/home/ckw/nvidia/nvidia_sdk/JetPack_7.2_Linux_JETSON_ORIN_NANO_TARGETS/Linux_for_Tegra/kernel/dtb/tegra-optee.dtbo)... done.
20:15:21.226 - Info: copying overlay_dtb(/home/ckw/nvidia/nvidia_sdk/JetPack_7.2_Linux_JETSON_ORIN_NANO_TARGETS/Linux_for_Tegra/kernel/dtb/T234SetFmpImageTypeGuid.dtbo)... done.
20:15:21.251 - Info: copying overlay_dtb(/home/ckw/nvidia/nvidia_sdk/JetPack_7.2_Linux_JETSON_ORIN_NANO_TARGETS/Linux_for_Tegra/kernel/dtb/tegra234-p3768-0000+p3767-0000-dynamic.dtbo)... done.
20:15:21.271 - Info: copying overlay_dtb(/home/ckw/nvidia/nvidia_sdk/JetPack_7.2_Linux_JETSON_ORIN_NANO_TARGETS/Linux_for_Tegra/kernel/dtb/BootOrderUsb.dtbo)... done.
20:15:21.276 - Info: /home/ckw/nvidia/nvidia_sdk/JetPack_7.2_Linux_JETSON_ORIN_NANO_TARGETS/Linux_for_Tegra/bootloader/L4TConfiguration_updated.dts: Warning (unit_address_vs_reg): Node /fragment@0 has a unit name, but no reg property
20:15:21.284 - Info: /home/ckw/nvidia/nvidia_sdk/JetPack_7.2_Linux_JETSON_ORIN_NANO_TARGETS/Linux_for_Tegra/bootloader/L4TConfiguration.dtbo: Warning (unit_address_vs_reg): Node /fragment@0 has a unit name, but no reg property
20:15:21.308 - Info: ./tegraflash.py  --bl uefi_t23x_general_with_dtb.bin  --odmdata gbe-uphy-config-8,hsstp-lane-map-3,hsio-uphy-config-0  --overlay_dtb L4TConfiguration.dtbo,tegra234-carveouts.dtbo,tegra-optee.dtbo,T234SetFmpImageTypeGuid.dtbo,tegra234-p3768-0000+p3767-0000-dynamic.dtbo,BootOrderUsb.dtbo  --rawkerneldtb kernel_tegra234-p3768-0000+p3767-0005-nv-super.dtb  --bldtb tegra234-p3768-0000+p3767-0005-nv-super.dtb --applet mb1_t234_prod.bin  --cmd " sign"  --cfg flash.xml --chip "0x23" --concat_cpubl_bldtb --cpubl uefi_t23x_general.bin --cpubl_rcm uefi_t23x_general.bin  --cust_info custinfo_out.bin --minratchet_config tegra234-mb1-bct-ratchet-p3767-0000.dts --device_config tegra234-mb1-bct-device-p3767-0000.dts --misc_config tegra234-mb1-bct-misc-p3767-0000.dts --pinmux_config tegra234-mb1-bct-pinmux-p3767-dp-a03.dtsi --gpioint_config tegra234-mb1-bct-gpioint-p3767-0000.dts --pmic_config tegra234-mb1-bct-pmic-p3767-0000-a02.dts --pmc_config tegra234-mb1-bct-padvoltage-p3767-dp-a03.dtsi --deviceprod_config tegra234-mb1-bct-cprod-p3767-0000.dts --prod_config tegra234-mb1-bct-prod-p3767-0000.dts --scr_config tegra234-mb2-bct-scr-p3767-0000.dts --wb0sdram_config tegra234-p3767-0001-wb0sdram-l4t.dts --br_cmd_config tegra234-mb1-bct-reset-p3767-0000.dts --uphy tegra234-mb1-bct-uphylane-si.dtsi --dev_params tegra234-br-bct-p3767-0000-l4t.dts,tegra234-br-bct_b-p3767-0000-l4t.dts --mb2bct_cfg tegra234-mb2-bct-misc-p3767-0000.dts  --bins "psc_fw pscfw_t234_prod.bin; mts_mce mce_flash_o10_cr_prod.bin; tsec_fw tsec_t234.bin; mb2_applet applet_t234.bin; mb2_bootloader mb2_t234.bin; xusb_fw xusb_t234_prod.bin; pva_fw nvpva_020.fw; dce_fw display-t234-dce.bin; nvdec nvdec_t234_prod.fw; bpmp_fw bpmp_t234-TE950M-A1_prod.bin; bpmp_fw_dtb tegra234-bpmp-3767-0003-3768-super.dtb; rce_fw camera-rtcpu-t234-rce.img; ape_fw adsp-fw.bin; spe_fw spe_t234.bin; tos tos-optee_t234.img; eks eks_t234.img"  --sdram_config tegra234-p3767-0001-sdram-l4t.dts  --bct_backup  --boot_chain A  --no_pva 0  --ramcode 2  
20:15:22.006 - Info: Welcome to Tegra Flash
20:15:22.006 - Info: version 1.0.0
20:15:22.006 - Info: Type ? or help for help and q or quit to exit
20:15:22.006 - Info: Use ! to execute system commands
20:15:22.006 - Info:  
20:15:22.007 - Info: [   0.0547 ] tegrasign_v3.py --key None --getmode mode.txt
20:15:22.007 - Info: [   0.0548 ] Assuming zero filled SBK key
20:15:22.007 - Info: [   0.0548 ] Parsing partition layout
20:15:22.007 - Info: [   0.0558 ] tegraparser_v2 --pt flash.xml.tmp
20:15:22.007 - Info: [   0.0616 ] Change tegra234-bpmp-3767-0003-3768-super.dtb to tegra234-bpmp-3767-0003-3768-super_with_odm.dtb
20:15:22.007 - Info: [   0.0617 ] Change tegra234-bpmp-3767-0003-3768-super.dtb to tegra234-bpmp-3767-0003-3768-super_with_odm.dtb
20:15:22.007 - Info: [   0.1147 ] /usr/bin/python3 dtbcheck.py -c t234 -o tegra234-bpmp-3767-0003-3768-super_with_odm.dtb tegra234-bpmp-3767-0003-3768-super_with_odm_tmp.dtb
20:15:22.007 - Info: [   0.2970 ] Concatenating L4TConfiguration.dtbo,tegra234-carveouts.dtbo,tegra-optee.dtbo,T234SetFmpImageTypeGuid.dtbo,tegra234-p3768-0000+p3767-0000-dynamic.dtbo,BootOrderUsb.dtbo to tegra234-p3768-0000+p3767-0005-nv-super_with_odm_overlay.dtb.updated
20:15:22.007 - Info: [   0.2973 ] Concatenating bl dtb to cpubl binary
20:15:22.007 - Info: [   0.2983 ] Concatenating bl dtb:(tegra234-p3768-0000+p3767-0005-nv-super_with_odm_overlay.dtb.updated), to cpubl binary: uefi_t23x_general.bin
20:15:22.007 - Info: [   0.3026 ] MB2 binary: mb2_t234.bin
20:15:22.007 - Info: [   0.3026 ] Pre-processing mb2bct config: tegra234-mb2-bct-misc-p3767-0000.dts
20:15:22.007 - Info: [   0.3161 ] Pre-processing mb2bct config: tegra234-mb2-bct-scr-p3767-0000.dts
20:15:22.007 - Info: [   0.6407 ] Generating coldboot mb2-bct
20:15:22.007 - Info: [   0.6407 ] tegrabct_v2 --chip 0x23 0 --parse-error-mode quiet-continue --mb2bct mb2_cold_boot_bct.cfg --mb2bctcfg tegra234-mb2-bct-misc-p3767-0000_cpp.dtb --scr tegra234-mb2-bct-scr-p3767-0000_cpp.dtb
20:15:22.007 - Info: [   0.6411 ] parse-error-mode: quiet-continue
20:15:22.017 - Info: [   0.6506 ] Updating mb2-bct with storage information
20:15:22.017 - Info: [   0.6512 ] tegrabct_v2 --chip 0x23 0 --mb2bct mb2_cold_boot_bct_MB2.bct --updatestorageinfo flash.xml.bin
20:15:22.018 - Info: [   0.6523 ] parse-error-mode: show-continue (default)
20:15:22.020 - Info: [   0.6525 ] Saving MB2 BCT file as mb2_cold_boot_bct_MB2.bct with suffix (null)
20:15:24.098 - Info: [   0.6566 ] Concatenating mb2-bct to mb2 binary
20:15:24.098 - Info: [   0.6566 ] mb2_bin_file = mb2_t234.bin
20:15:24.098 - Info: [   0.6566 ] mb2_bct_file = mb2_cold_boot_bct_MB2.bct
20:15:24.098 - Info: [   0.6594 ] DCE binary: display-t234-dce.bin
20:15:24.098 - Info: [   0.6594 ] Kernel DTB used: kernel_tegra234-p3768-0000+p3767-0005-nv-super.dtb
20:15:24.098 - Info: [   0.6594 ] Concatenating kernel-dtb to dce-fw binary
20:15:24.098 - Info: [   0.6594 ] dce_bin = display-t234-dce.bin
20:15:24.098 - Info: [   0.6594 ] kernel_dtb = kernel_tegra234-p3768-0000+p3767-0005-nv-super.dtb
20:15:24.098 - Info: [   0.6594 ] dce_with_dtb = display-t234-dce_with_kernel_tegra234-p3768-0000+p3767-0005-nv-super.bin
20:15:24.098 - Info: [   0.6641 ] Update display-t234-dce_with_kernel_tegra234-p3768-0000+p3767-0005-nv-super.bin to dce_fw partitions
20:15:24.098 - Info: [   0.6659 ] Parsing partition layout
20:15:24.098 - Info: [   0.6667 ] tegraparser_v2 --pt flash.xml.tmp
20:15:24.098 - Info: [   0.6682 ] Creating list of images to be signed
20:15:24.098 - Info: [   0.6692 ] Generating ratchet blob
20:15:24.098 - Info: [   0.6692 ] Pre-processing config: tegra234-mb1-bct-reset-p3767-0000.dts
20:15:24.099 - Info: [   0.7011 ] Pre-processing config: tegra234-mb1-bct-device-p3767-0000.dts
20:15:24.099 - Info: [   0.7102 ] Pre-processing config: tegra234-mb1-bct-cprod-p3767-0000.dts
20:15:24.099 - Info: [   0.7199 ] Pre-processing config: tegra234-mb1-bct-gpioint-p3767-0000.dts
20:15:24.099 - Info: [   0.7302 ] Pre-processing config: tegra234-mb1-bct-misc-p3767-0000.dts
20:15:24.099 - Info: [   0.7427 ] Pre-processing config: tegra234-mb1-bct-pinmux-p3767-dp-a03.dtsi
20:15:24.099 - Info: [   0.7598 ] Pre-processing config: tegra234-mb1-bct-padvoltage-p3767-dp-a03.dtsi
20:15:24.099 - Info: [   0.7699 ] Pre-processing config: tegra234-mb1-bct-pmic-p3767-0000-a02.dts
20:15:24.099 - Info: [   0.7789 ] Pre-processing config: tegra234-mb1-bct-prod-p3767-0000.dts
20:15:24.099 - Info: [   0.7889 ] Pre-processing config: tegra234-p3767-0001-sdram-l4t.dts
20:15:24.099 - Info: [   1.7696 ] Pre-processing config: tegra234-mb1-bct-uphylane-si.dtsi
20:15:24.099 - Info: [   1.7811 ] Pre-processing config: tegra234-p3767-0001-wb0sdram-l4t.dts
20:15:24.099 - Info: [   2.7231 ] Pre-processing config: tegra234-mb1-bct-ratchet-p3767-0000.dts
20:15:24.099 - Info: [   2.7328 ] Generating coldboot mb1-bct
20:15:24.099 - Info: [   2.7332 ] tegrabct_v2 --chip 0x23 0 --mb1bct mb1_cold_boot_bct.cfg --misc tegra234-mb1-bct-misc-p3767-0000_cpp.dtb --wb0sdram tegra234-p3767-0001-wb0sdram-l4t_cpp.dtb --pinmux tegra234-mb1-bct-pinmux-p3767-dp-a03_cpp.dtb --pmc tegra234-mb1-bct-padvoltage-p3767-dp-a03_cpp.dtb --pmic tegra234-mb1-bct-pmic-p3767-0000-a02_cpp.dtb --brcommand tegra234-mb1-bct-reset-p3767-0000_cpp.dtb --prod tegra234-mb1-bct-prod-p3767-0000_cpp.dtb --gpioint tegra234-mb1-bct-gpioint-p3767-0000_cpp.dtb --uphy tegra234-mb1-bct-uphylane-si_cpp.dtb --device tegra234-mb1-bct-device-p3767-0000_cpp.dtb --deviceprod tegra234-mb1-bct-cprod-p3767-0000_cpp.dtb --minratchet tegra234-mb1-bct-ratchet-p3767-0000_cpp.dtb --ratchet_blob ratchet_blob.bin --parse-error-mode quiet-continue
20:15:24.100 - Info: [   2.7335 ] parse-error-mode: quiet-continue
20:15:24.100 - Info: [   2.7361 ] MB1-BCT version: 0.12
20:15:24.101 - Info: 
20:15:24.101 - Info: [   2.7367 ] Parsing config file :tegra234-mb1-bct-pinmux-p3767-dp-a03_cpp.dtb 
20:15:24.103 - Info: [   2.7369 ] Added Platform Config 0 data with size :- 2416
20:15:24.103 - Info: 
20:15:24.105 - Info: [   2.7389 ] Parsing config file :tegra234-mb1-bct-padvoltage-p3767-dp-a03_cpp.dtb 
20:15:24.106 - Info: [   2.7402 ] Added Platform Config 2 data with size :- 24
20:15:24.106 - Info: [   2.7402 ] 
20:15:24.106 - Info: [   2.7402 ] Parsing config file :tegra234-mb1-bct-pmic-p3767-0000-a02_cpp.dtb 
20:15:24.106 - Info: [   2.7402 ] Added Platform Config 4 data with size :- 288
20:15:24.106 - Info: [   2.7402 ] 
20:15:24.106 - Info: [   2.7402 ] Parsing config file :tegra234-mb1-bct-reset-p3767-0000_cpp.dtb 
20:15:24.106 - Info: [   2.7402 ] Added Platform Config 3 data with size :- 52
20:15:24.106 - Info: [   2.7402 ] 
20:15:24.106 - Info: [   2.7402 ] Parsing config file :tegra234-mb1-bct-prod-p3767-0000_cpp.dtb 
20:15:24.106 - Info: [   2.7402 ] Added Platform Config 5 data with size :- 512
20:15:24.106 - Info: [   2.7402 ] 
20:15:24.106 - Info: [   2.7402 ] Parsing config file :tegra234-mb1-bct-gpioint-p3767-0000_cpp.dtb 
20:15:24.106 - Info: [   2.7402 ] Added Platform Config 7 data with size :- 380
20:15:24.106 - Info: [   2.7402 ] 
20:15:24.106 - Info: [   2.7402 ] Parsing config file :tegra234-mb1-bct-uphylane-si_cpp.dtb 
20:15:24.106 - Info: [   2.7402 ] Added Platform Config 8 data with size :- 24
20:15:24.106 - Info: [   2.7402 ] 
20:15:24.106 - Info: [   2.7402 ] Parsing config file :tegra234-mb1-bct-device-p3767-0000_cpp.dtb 
20:15:24.106 - Info: [   2.7402 ] Added Platform Config 9 data with size :- 104
20:15:24.106 - Info: [   2.7402 ] 
20:15:24.106 - Info: [   2.7402 ] Parsing config file :tegra234-mb1-bct-cprod-p3767-0000_cpp.dtb 
20:15:24.106 - Info: [   2.7402 ] Added Platform Config 6 data with size :- 16
20:15:24.106 - Info: [   2.7402 ] 
20:15:24.106 - Info: [   2.7402 ] Parsing config file :tegra234-mb1-bct-ratchet-p3767-0000_cpp.dtb 
20:15:24.106 - Info: [   2.7402 ] Setting MB1 bct size to 9344
20:15:24.107 - Info: [   2.7402 ] 
20:15:24.107 - Info: [   2.7402 ] Updating mb1-bct with firmware information
20:15:24.107 - Info: [   2.7408 ] tegrabct_v2 --chip 0x23 0 --mb1bct mb1_cold_boot_bct_MB1.bct --updatefwinfo flash.xml.bin
20:15:24.107 - Info: [   2.7417 ] parse-error-mode: show-continue (default)
20:15:24.107 - Info: [   2.7419 ] Setting MB1 bct size to 9344
20:15:24.108 - Info: [   2.7425 ] Setting MB1 bct size to 9344
20:15:24.117 - Info: [   2.7450 ] tegrahost_v2 --chip 0x23 0 --align mb1_cold_boot_bct_MB1_aligned.bct
20:15:24.117 - Info: [   2.7467 ] Generating SHA2 Hash for mb1bct
20:15:24.117 - Info: [   2.7480 ] Sha saved in mb1_cold_boot_bct_MB1_aligned.sha
20:15:24.117 - Info: [   2.7499 ] Sha saved in mb1_cold_boot_bct_MB1.sha
20:15:24.117 - Info: [   2.7505 ] tegrahost_v2 --chip 0x23 0 --magicid MBCT --ratchet_blob ratchet_blob.bin --appendsigheader mb1_cold_boot_bct_MB1_aligned.bct zerosbk
20:15:24.117 - Info: [   2.7513 ] adding BCH for mb1_cold_boot_bct_MB1_aligned.bct
20:15:24.119 - Info: [   2.7530 ] tegrasign_v3.py --key None --list mb1_cold_boot_bct_MB1_aligned_sigheader.bct_list.xml --sha sha512
20:15:24.119 - Info: [   2.7538 ] Assuming zero filled SBK key
20:15:24.125 - Info: [   2.7559 ] tegrahost_v2 --chip 0x23 0 --updatesigheader mb1_cold_boot_bct_MB1_aligned_sigheader.bct.encrypt mb1_cold_boot_bct_MB1_aligned_sigheader.bct.hash zerosbk
20:15:24.125 - Info: [   2.7575 ] tegrahost_v2 --chip 0x23 0 --partitionlayout flash.xml.bin --ratchet_blob ratchet_blob.bin --list images_list.xml zerosbk
20:15:24.125 - Info: [   2.7582 ] MB1: Nvheader already present is mb1_t234_prod_aligned.bin
20:15:24.125 - Info: [   2.7605 ] Header already present for mb1_t234_prod_aligned_sigheader.bin
20:15:24.131 - Info: [   2.7607 ] MB1: Nvheader already present is psc_bl1_t234_prod_aligned.bin
20:15:24.131 - Info: [   2.7658 ] Header already present for psc_bl1_t234_prod_aligned_sigheader.bin
20:15:24.135 - Info: [   2.7661 ] Header already present for tsec_t234_aligned.bin
20:15:24.136 - Info: [   2.7706 ] Header already present for nvdec_t234_prod_aligned.fw
20:15:24.144 - Info: [   2.7718 ] adding BCH for mb2_t234_with_mb2_cold_boot_bct_MB2_aligned.bin
20:15:24.153 - Info: [   2.7797 ] adding BCH for xusb_t234_prod_aligned.bin
20:15:24.159 - Info: [   2.7891 ] Header already present for bpmp_t234-TE950M-A1_prod_aligned.bin
20:15:24.171 - Info: [   2.7949 ] adding BCH for tegra234-bpmp-3767-0003-3768-super_with_odm_aligned.dtb
20:15:24.182 - Info: [   2.8068 ] Header already present for pscfw_t234_prod_aligned.bin
20:15:24.186 - Info: [   2.8161 ] Header already present for mce_flash_o10_cr_prod_aligned.bin
20:15:24.187 - Info: [   2.8218 ] Header already present for sc7_t234_prod.bin
20:15:24.190 - Info: [   2.8228 ] Header already present for psc_rf_t234_prod_aligned.bin
20:15:24.194 - Info: [   2.8256 ] adding BCH for mb2rf_t234_aligned.bin
20:15:24.239 - Info: [   2.8294 ] INFO: compressing uefi_t23x_general_with_dtb_aligned.bin
20:15:24.246 - Info: [   2.8738 ] INFO: complete compression, uefi_t23x_general_with_dtb_aligned.bin, ratio = 93%
20:15:24.303 - Info: [   2.8802 ] adding BCH for uefi_t23x_general_with_dtb_aligned_blob_w_bin_aligned.bin
20:15:24.343 - Info: [   2.9391 ] adding BCH for tos-optee_t234_aligned.img
20:15:24.386 - Info: [   2.9778 ] adding BCH for eks_t234_aligned.img
20:15:24.568 - Info: [   3.0217 ] INFO: compressing display-t234-dce_with_kernel_tegra234-p3768-0000+p3767-0005-nv-super_aligned.bin
20:15:24.588 - Info: [   3.2039 ] INFO: complete compression, display-t234-dce_with_kernel_tegra234-p3768-0000+p3767-0005-nv-super_aligned.bin, ratio = 8%
20:15:24.609 - Info: [   3.2239 ] adding BCH for display-t234-dce_with_kernel_tegra234-p3768-0000+p3767-0005-nv-super_aligned_blob_w_bin_aligned.bin
20:15:24.621 - Info: [   3.2437 ] adding BCH for spe_t234_aligned.bin
20:15:24.627 - Info: [   3.2569 ] adding BCH for camera-rtcpu-t234-rce_aligned.img
20:15:24.644 - Info: [   3.2631 ] adding BCH for adsp-fw_aligned.bin
20:15:24.690 - Info: [   3.2789 ] INFO: compressing nvpva_020_aligned.fw
20:15:24.693 - Info: [   3.3252 ] INFO: complete compression, nvpva_020_aligned.fw, ratio = 3%
20:15:24.698 - Info: [   3.3284 ] adding BCH for nvpva_020_aligned_blob_w_bin_aligned.fw
20:15:24.698 - Info: [   3.3314 ] MB1: Nvheader already present is mb1_t234_prod_aligned.bin
20:15:24.699 - Info: [   3.3340 ] Header already present for mb1_t234_prod_aligned_sigheader.bin
20:15:24.703 - Info: [   3.3342 ] MB1: Nvheader already present is psc_bl1_t234_prod_aligned.bin
20:15:24.703 - Info: [   3.3387 ] Header already present for psc_bl1_t234_prod_aligned_sigheader.bin
20:15:24.706 - Info: [   3.3389 ] Header already present for tsec_t234_aligned.bin
20:15:24.709 - Info: [   3.3415 ] Header already present for nvdec_t234_prod_aligned.fw
20:15:24.714 - Info: [   3.3447 ] adding BCH for mb2_t234_with_mb2_cold_boot_bct_MB2_aligned.bin
20:15:24.725 - Info: [   3.3498 ] adding BCH for xusb_t234_prod_aligned.bin
20:15:24.735 - Info: [   3.3602 ] Header already present for bpmp_t234-TE950M-A1_prod_aligned.bin
20:15:24.748 - Info: [   3.3681 ] adding BCH for tegra234-bpmp-3767-0003-3768-super_with_odm_aligned.dtb
20:15:24.757 - Info: [   3.3832 ] Header already present for pscfw_t234_prod_aligned.bin
20:15:24.764 - Info: [   3.3916 ] Header already present for mce_flash_o10_cr_prod_aligned.bin
20:15:24.765 - Info: [   3.3993 ] Header already present for sc7_t234_prod.bin
20:15:24.769 - Info: [   3.4008 ] Header already present for psc_rf_t234_prod_aligned.bin
20:15:24.772 - Info: [   3.4048 ] adding BCH for mb2rf_t234_aligned.bin
20:15:24.821 - Info: [   3.4074 ] INFO: compressing uefi_t23x_general_with_dtb_aligned.bin
20:15:24.821 - Info: [   3.4548 ] INFO: complete compression, uefi_t23x_general_with_dtb_aligned.bin, ratio = 93%
20:15:24.866 - Info: [   3.4565 ] adding BCH for uefi_t23x_general_with_dtb_aligned_blob_w_bin_aligned.bin
20:15:24.907 - Info: [   3.5017 ] adding BCH for tos-optee_t234_aligned.img
20:15:24.953 - Info: [   3.5432 ] adding BCH for eks_t234_aligned.img
20:15:25.117 - Info: [   3.5875 ] INFO: compressing display-t234-dce_with_kernel_tegra234-p3768-0000+p3767-0005-nv-super_aligned.bin
20:15:25.135 - Info: [   3.7509 ] INFO: complete compression, display-t234-dce_with_kernel_tegra234-p3768-0000+p3767-0005-nv-super_aligned.bin, ratio = 8%
20:15:25.157 - Info: [   3.7703 ] adding BCH for display-t234-dce_with_kernel_tegra234-p3768-0000+p3767-0005-nv-super_aligned_blob_w_bin_aligned.bin
20:15:25.171 - Info: [   3.7928 ] adding BCH for spe_t234_aligned.bin
20:15:25.179 - Info: [   3.8064 ] adding BCH for camera-rtcpu-t234-rce_aligned.img
20:15:25.196 - Info: [   3.8144 ] adding BCH for adsp-fw_aligned.bin
20:15:25.234 - Info: [   3.8310 ] INFO: compressing nvpva_020_aligned.fw
20:15:25.237 - Info: [   3.8695 ] INFO: complete compression, nvpva_020_aligned.fw, ratio = 3%
20:15:25.240 - Info: [   3.8729 ] adding BCH for nvpva_020_aligned_blob_w_bin_aligned.fw
20:15:25.255 - Info: [   3.8806 ] Filling MB1 storage info
20:15:25.255 - Info: [   3.8806 ] Parsing dev params for multi chains
20:15:25.255 - Info: [   3.8900 ] Generating br-bct
20:15:25.255 - Info: [   3.8904 ] Updating dev and MSS params in BR BCT
20:15:25.255 - Info: [   3.8904 ] tegrabct_v2 --dev_param tegra234-br-bct-p3767-0000-l4t_cpp.dtb --sdram tegra234-p3767-0001-sdram-l4t_cpp.dtb --brbct br_bct.cfg --chip 0x23 0
20:15:25.255 - Info: [   3.8907 ] parse-error-mode: show-continue (default)
20:15:25.336 - Info: [   3.8908 ] File br_bct.cfg saved.
20:15:25.338 - Info: [   3.9723 ] Updating bl info
20:15:25.338 - Info: [   3.9729 ] tegrabct_v2 --brbct br_bct_BR.bct --chip 0x23 0 --updateblinfo flash.xml.bin --parse-error-mode quiet-continue
20:15:25.338 - Info: [   3.9732 ] parse-error-mode: quiet-continue
20:15:25.339 - Info: [   3.9734 ] File br_bct_BR.bct saved.
20:15:25.339 - Info: [   3.9743 ] File br_bct_BR.bct saved.
20:15:25.355 - Info: [   3.9862 ] Generating br-bct
20:15:25.355 - Info: [   3.9867 ] Updating dev and MSS params in BR BCT
20:15:25.355 - Info: [   3.9867 ] tegrabct_v2 --dev_param tegra234-br-bct_b-p3767-0000-l4t_cpp.dtb --sdram tegra234-p3767-0001-sdram-l4t_cpp.dtb --brbct br_bct.cfg --chip 0x23 0
20:15:25.355 - Info: [   3.9886 ] parse-error-mode: show-continue (default)
20:15:25.423 - Info: [   3.9887 ] File br_bct.cfg saved.
20:15:25.424 - Info: [   4.0590 ] Updating bl info
20:15:25.424 - Info: [   4.0595 ] tegrabct_v2 --brbct br_bct_BR.bct --chip 0x23 0 --updateblinfo flash.xml.bin --parse-error-mode quiet-continue
20:15:25.424 - Info: [   4.0598 ] parse-error-mode: quiet-continue
20:15:25.425 - Info: [   4.0600 ] File br_bct_BR.bct saved.
20:15:25.426 - Info: [   4.0603 ] File br_bct_BR.bct saved.
20:15:25.485 - Info: [   4.0626 ] Generating BCT backup image
20:15:25.486 - Info: [   4.0626 ] dd if=/dev/zero of=bct_backup.img bs=1 count=32768
20:15:25.486 - Info: [   4.0630 ] 32768+0 records in
20:15:25.486 - Info: [   4.1201 ] 32768+0 records out
20:15:25.486 - Info: [   4.1202 ] 32768 bytes (33 kB, 32 KiB) copied, 0.0559409 s, 586 kB/s
20:15:25.504 - Info: [   4.1225 ] Concatenating BCT for chain A to bct_backup.img
20:15:25.504 - Info: 
20:15:25.504 - Info: [   4.1226 ] dd if=br_bct_BR.bct of=bct_backup.img bs=1 seek=0 conv=notrunc
20:15:25.504 - Info: [   4.1233 ] 8192+0 records in
20:15:25.504 - Info: [   4.1392 ] 8192+0 records out
20:15:25.504 - Info: [   4.1393 ] 8192 bytes (8.2 kB, 8.0 KiB) copied, 0.0149197 s, 549 kB/s
20:15:25.523 - Info: [   4.1416 ] Concatenating BCT for chain B to bct_backup.img
20:15:25.523 - Info: 
20:15:25.523 - Info: [   4.1416 ] dd if=br_bct_b_BR.bct of=bct_backup.img bs=1 seek=16384 conv=notrunc
20:15:25.524 - Info: [   4.1421 ] 8192+0 records in
20:15:25.524 - Info: [   4.1583 ] 8192+0 records out
20:15:25.524 - Info: [   4.1583 ] 8192 bytes (8.2 kB, 8.0 KiB) copied, 0.0149993 s, 546 kB/s
20:15:25.526 - Info: [   4.1590 ] Generating signatures
20:15:25.526 - Info: [   4.1593 ] tegrasign_v3.py --key None --list images_list.xml --sha sha512
20:15:25.526 - Info: [   4.1594 ] Assuming zero filled SBK key
20:15:25.653 - Info: [   4.2874 ] Parsing dev params for multi chains
20:15:25.653 - Info: [   4.2874 ] Generating br-bct
20:15:25.653 - Info: [   4.2877 ] Updating dev and MSS params in BR BCT
20:15:25.653 - Info: [   4.2878 ] tegrabct_v2 --dev_param tegra234-br-bct-p3767-0000-l4t_cpp.dtb --sdram tegra234-p3767-0001-sdram-l4t_cpp.dtb --brbct br_bct.cfg --chip 0x23 0 --parse-error-mode quiet-continue
20:15:25.653 - Info: [   4.2883 ] parse-error-mode: quiet-continue
20:15:25.731 - Info: [   4.2884 ] File br_bct.cfg saved.
20:15:25.735 - Info: [   4.3696 ] Updating customer data section
20:15:25.735 - Info: [   4.3702 ] tegrabct_v2 --chip 0x23 0 --brbct br_bct_BR.bct --update_custinfo custinfo_out.bin
20:15:25.735 - Info: [   4.3705 ] parse-error-mode: show-continue (default)
20:15:25.736 - Info: [   4.3707 ] File br_bct_BR.bct saved.
20:15:25.736 - Info: [   4.3711 ] File br_bct_BR.bct saved.
20:15:25.738 - Info: [   4.3715 ] Updating bl info
20:15:25.738 - Info: [   4.3717 ] tegrabct_v2 --brbct br_bct_BR.bct --chip 0x23 0 --updateblinfo flash.xml.bin --parse-error-mode quiet-continue --updatesig images_list_signed.xml
20:15:25.738 - Info: [   4.3732 ] parse-error-mode: quiet-continue
20:15:25.738 - Info: [   4.3733 ] File br_bct_BR.bct saved.
20:15:25.738 - Info: [   4.3734 ] File br_bct_BR.bct saved.
20:15:25.739 - Info: [   4.3735 ] File br_bct_BR.bct saved.
20:15:25.739 - Info: [   4.3739 ] File br_bct_BR.bct saved.
20:15:25.742 - Info: [   4.3756 ] Generating SHA2 Hash
20:15:25.743 - Info: [   4.3774 ] Sha saved in br_bct_BR.sha
20:15:25.744 - Info: [   4.3773 ] Get Signed section of bct
20:15:25.744 - Info: [   4.3776 ] tegrabct_v2 --brbct br_bct_BR.bct --chip 0x23 0 --listbct bct_list.xml
20:15:25.747 - Info: [   4.3789 ] parse-error-mode: show-continue (default)
20:15:25.747 - Info: [   4.3791 ] File br_bct_BR.bct saved.
20:15:25.747 - Info: [   4.3792 ] Signing BCT
20:15:25.747 - Info: [   4.3795 ] tegrasign_v3.py --key None --list bct_list.xml --sha sha512
20:15:25.747 - Info: [   4.3796 ] Assuming zero filled SBK key
20:15:25.751 - Info: [   4.3848 ] Sha saved in br_bct_BR.sha
20:15:25.751 - Info: [   4.3848 ] Updating BCT with signature
20:15:25.751 - Info: [   4.3859 ] tegrabct_v2 --brbct br_bct_BR.bct --chip 0x23 0 --updatesig bct_list_signed.xml
20:15:25.751 - Info: [   4.3864 ] parse-error-mode: show-continue (default)
20:15:25.752 - Info: [   4.3867 ] File br_bct_BR.bct saved.
20:15:25.752 - Info: [   4.3873 ] Offset :4608 Len :3584
20:15:25.753 - Info: [   4.3876 ] File br_bct_BR.bct saved.
20:15:25.756 - Info: [   4.3896 ] Generating SHA2 Hash
20:15:25.756 - Info: [   4.3899 ] tegrasign_v3.py --key None --list bct_list.xml --sha sha512
20:15:25.756 - Info: [   4.3901 ] Assuming zero filled SBK key
20:15:25.756 - Info: [   4.3901 ] Assuming zero filled SBK key
20:15:25.765 - Info: [   4.3978 ] Sha saved in br_bct_BR.sha
20:15:25.765 - Info: [   4.3981 ] Updating BCT with SHA2 Hash
20:15:25.765 - Info: [   4.3987 ] tegrabct_v2 --brbct br_bct_BR.bct --chip 0x23 0 --updatesha bct_list_signed.xml
20:15:25.765 - Info: [   4.4001 ] parse-error-mode: show-continue (default)
20:15:25.765 - Info: [   4.4003 ] File br_bct_BR.bct saved.
20:15:25.765 - Info: [   4.4003 ] Offset :4608 Len :3584
20:15:25.765 - Info: [   4.4004 ] Offset :68 Len :8124
20:15:25.765 - Info: [   4.4005 ] File br_bct_BR.bct saved.
20:15:25.769 - Info: [   4.4028 ] Generating br-bct
20:15:25.769 - Info: [   4.4035 ] Updating dev and MSS params in BR BCT
20:15:25.769 - Info: [   4.4036 ] tegrabct_v2 --dev_param tegra234-br-bct_b-p3767-0000-l4t_cpp.dtb --sdram tegra234-p3767-0001-sdram-l4t_cpp.dtb --brbct br_bct.cfg --chip 0x23 0 --parse-error-mode quiet-continue
20:15:25.770 - Info: [   4.4040 ] parse-error-mode: quiet-continue
20:15:25.850 - Info: [   4.4042 ] File br_bct.cfg saved.
20:15:25.853 - Info: [   4.4876 ] Updating customer data section
20:15:25.853 - Info: [   4.4882 ] tegrabct_v2 --chip 0x23 0 --brbct br_bct_BR.bct --update_custinfo custinfo_out.bin
20:15:25.853 - Info: [   4.4886 ] parse-error-mode: show-continue (default)
20:15:25.853 - Info: [   4.4888 ] File br_bct_BR.bct saved.
20:15:25.854 - Info: [   4.4892 ] File br_bct_BR.bct saved.
20:15:25.856 - Info: [   4.4895 ] Updating bl info
20:15:25.856 - Info: [   4.4898 ] tegrabct_v2 --brbct br_bct_BR.bct --chip 0x23 0 --updateblinfo flash.xml.bin --parse-error-mode quiet-continue --updatesig images_list_signed.xml
20:15:25.856 - Info: [   4.4910 ] parse-error-mode: quiet-continue
20:15:25.856 - Info: [   4.4912 ] File br_bct_BR.bct saved.
20:15:25.856 - Info: [   4.4912 ] File br_bct_BR.bct saved.
20:15:25.857 - Info: [   4.4918 ] File br_bct_BR.bct saved.
20:15:25.859 - Info: [   4.4922 ] File br_bct_BR.bct saved.
20:15:25.860 - Info: [   4.4938 ] Generating SHA2 Hash
20:15:25.864 - Info: [   4.4968 ] Sha saved in br_bct_BR.sha
20:15:25.864 - Info: [   4.4966 ] Get Signed section of bct
20:15:25.864 - Info: [   4.4970 ] tegrabct_v2 --brbct br_bct_BR.bct --chip 0x23 0 --listbct bct_list.xml
20:15:25.864 - Info: [   4.4987 ] parse-error-mode: show-continue (default)
20:15:25.864 - Info: [   4.4989 ] File br_bct_BR.bct saved.
20:15:25.868 - Info: [   4.5005 ] Signing BCT
20:15:25.868 - Info: [   4.5008 ] tegrasign_v3.py --key None --list bct_list.xml --sha sha512
20:15:25.868 - Info: [   4.5009 ] Assuming zero filled SBK key
20:15:25.870 - Info: [   4.5051 ] Sha saved in br_bct_BR.sha
20:15:25.870 - Info: [   4.5051 ] Updating BCT with signature
20:15:25.870 - Info: [   4.5057 ] tegrabct_v2 --brbct br_bct_BR.bct --chip 0x23 0 --updatesig bct_list_signed.xml
20:15:25.871 - Info: [   4.5060 ] parse-error-mode: show-continue (default)
20:15:25.872 - Info: [   4.5067 ] File br_bct_BR.bct saved.
20:15:25.872 - Info: [   4.5072 ] Offset :4608 Len :3584
20:15:25.873 - Info: [   4.5075 ] File br_bct_BR.bct saved.
20:15:25.873 - Info: [   4.5075 ] 
20:15:25.873 - Info: [   4.5075 ] Generating SHA2 Hash
20:15:25.873 - Info: [   4.5078 ] tegrasign_v3.py --key None --list bct_list.xml --sha sha512
20:15:25.873 - Info: [   4.5079 ] Assuming zero filled SBK key
20:15:25.873 - Info: [   4.5079 ] Assuming zero filled SBK key
20:15:25.877 - Info: [   4.5100 ] Sha saved in br_bct_BR.sha
20:15:25.877 - Info: [   4.5100 ] Updating BCT with SHA2 Hash
20:15:25.877 - Info: [   4.5109 ] tegrabct_v2 --brbct br_bct_BR.bct --chip 0x23 0 --updatesha bct_list_signed.xml
20:15:25.879 - Info: [   4.5127 ] parse-error-mode: show-continue (default)
20:15:25.956 - Info: [   4.5146 ] File br_bct_BR.bct saved.
20:15:25.957 - Info: [   4.5150 ] Offset :4608 Len :3584
20:15:25.957 - Info: [   4.5150 ] Offset :68 Len :8124
20:15:25.957 - Info: [   4.5150 ] File br_bct_BR.bct saved.
20:15:25.957 - Info: [   4.5150 ] 
20:15:25.957 - Info: [   4.5152 ] Generating BCT backup image
20:15:25.957 - Info: [   4.5152 ] dd if=/dev/zero of=bct_backup.img bs=1 count=32768
20:15:25.957 - Info: [   4.5165 ] 32768+0 records in
20:15:25.957 - Info: [   4.5897 ] 32768+0 records out
20:15:25.958 - Info: [   4.5898 ] 32768 bytes (33 kB, 32 KiB) copied, 0.0717974 s, 456 kB/s
20:15:25.991 - Info: [   4.5934 ] Concatenating BCT for chain A to bct_backup.img
20:15:25.991 - Info: 
20:15:25.991 - Info: [   4.5934 ] dd if=br_bct_BR.bct of=bct_backup.img bs=1 seek=0 conv=notrunc
20:15:25.991 - Info: [   4.5941 ] 8192+0 records in
20:15:26.012 - Info: [   4.6264 ] 8192+0 records out
20:15:26.012 - Info: [   4.6264 ] 8192 bytes (8.2 kB, 8.0 KiB) copied, 0.0273663 s, 299 kB/s
20:15:26.012 - Info: [   4.6264 ] 
20:15:26.012 - Info: [   4.6264 ] Concatenating BCT for chain B to bct_backup.img
20:15:26.012 - Info: 
20:15:26.012 - Info: [   4.6264 ] dd if=br_bct_b_BR.bct of=bct_backup.img bs=1 seek=16384 conv=notrunc
20:15:26.012 - Info: [   4.6272 ] 8192+0 records in
20:15:26.012 - Info: [   4.6470 ] 8192+0 records out
20:15:26.015 - Info: [   4.6479 ] 8192 bytes (8.2 kB, 8.0 KiB) copied, 0.0174351 s, 470 kB/s
20:15:26.015 - Info: [   4.6479 ] 
20:15:26.015 - Info: [   4.6479 ] Generating coldboot mb1-bct
20:15:26.015 - Info: [   4.6487 ] tegrabct_v2 --chip 0x23 0 --mb1bct mb1_cold_boot_bct.cfg --misc tegra234-mb1-bct-misc-p3767-0000_cpp.dtb --wb0sdram tegra234-p3767-0001-wb0sdram-l4t_cpp.dtb --pinmux tegra234-mb1-bct-pinmux-p3767-dp-a03_cpp.dtb --pmc tegra234-mb1-bct-padvoltage-p3767-dp-a03_cpp.dtb --pmic tegra234-mb1-bct-pmic-p3767-0000-a02_cpp.dtb --brcommand tegra234-mb1-bct-reset-p3767-0000_cpp.dtb --prod tegra234-mb1-bct-prod-p3767-0000_cpp.dtb --gpioint tegra234-mb1-bct-gpioint-p3767-0000_cpp.dtb --uphy tegra234-mb1-bct-uphylane-si_cpp.dtb --device tegra234-mb1-bct-device-p3767-0000_cpp.dtb --deviceprod tegra234-mb1-bct-cprod-p3767-0000_cpp.dtb --minratchet tegra234-mb1-bct-ratchet-p3767-0000_cpp.dtb --ratchet_blob ratchet_blob.bin --parse-error-mode quiet-continue
20:15:26.015 - Info: [   4.6490 ] parse-error-mode: quiet-continue
20:15:26.015 - Info: [   4.6492 ] MB1-BCT version: 0.12
20:15:26.015 - Info: 
20:15:26.015 - Info: [   4.6504 ] Parsing config file :tegra234-mb1-bct-pinmux-p3767-dp-a03_cpp.dtb 
20:15:26.017 - Info: [   4.6510 ] Added Platform Config 0 data with size :- 2416
20:15:26.017 - Info: 
20:15:26.017 - Info: [   4.6525 ] Parsing config file :tegra234-mb1-bct-padvoltage-p3767-dp-a03_cpp.dtb 
20:15:26.018 - Info: [   4.6531 ] Added Platform Config 2 data with size :- 24
20:15:26.018 - Info: 
20:15:26.018 - Info: [   4.6534 ] Parsing config file :tegra234-mb1-bct-pmic-p3767-0000-a02_cpp.dtb 
20:15:26.021 - Info: [   4.6536 ] Added Platform Config 4 data with size :- 288
20:15:26.021 - Info: 
20:15:26.021 - Info: [   4.6548 ] Parsing config file :tegra234-mb1-bct-reset-p3767-0000_cpp.dtb 
20:15:26.021 - Info: [   4.6549 ] Added Platform Config 3 data with size :- 52
20:15:26.021 - Info: 
20:15:26.021 - Info: [   4.6558 ] Parsing config file :tegra234-mb1-bct-prod-p3767-0000_cpp.dtb 
20:15:26.021 - Info: [   4.6559 ] Added Platform Config 5 data with size :- 512
20:15:26.021 - Info: 
20:15:26.021 - Info: [   4.6560 ] Parsing config file :tegra234-mb1-bct-gpioint-p3767-0000_cpp.dtb 
20:15:26.021 - Info: [   4.6562 ] Added Platform Config 7 data with size :- 380
20:15:26.021 - Info: 
20:15:26.021 - Info: [   4.6564 ] Parsing config file :tegra234-mb1-bct-uphylane-si_cpp.dtb 
20:15:26.024 - Info: [   4.6566 ] Added Platform Config 8 data with size :- 24
20:15:26.024 - Info: [   4.6580 ] 
20:15:26.024 - Info: [   4.6580 ] Parsing config file :tegra234-mb1-bct-device-p3767-0000_cpp.dtb 
20:15:26.024 - Info: [   4.6580 ] Added Platform Config 9 data with size :- 104
20:15:26.024 - Info: [   4.6580 ] 
20:15:26.024 - Info: [   4.6580 ] Parsing config file :tegra234-mb1-bct-cprod-p3767-0000_cpp.dtb 
20:15:26.024 - Info: [   4.6580 ] Added Platform Config 6 data with size :- 16
20:15:26.024 - Info: [   4.6580 ] 
20:15:26.024 - Info: [   4.6580 ] Parsing config file :tegra234-mb1-bct-ratchet-p3767-0000_cpp.dtb 
20:15:26.024 - Info: [   4.6580 ] Setting MB1 bct size to 9344
20:15:26.024 - Info: [   4.6580 ] 
20:15:26.024 - Info: [   4.6580 ] Updating mb1-bct with firmware information
20:15:26.024 - Info: [   4.6587 ] tegrabct_v2 --chip 0x23 0 --mb1bct mb1_cold_boot_bct_MB1.bct --updatefwinfo flash.xml.bin
20:15:26.024 - Info: [   4.6590 ] parse-error-mode: show-continue (default)
20:15:26.024 - Info: [   4.6592 ] Setting MB1 bct size to 9344
20:15:26.025 - Info: [   4.6594 ] Setting MB1 bct size to 9344
20:15:26.029 - Info: [   4.6625 ] tegrahost_v2 --chip 0x23 0 --align mb1_cold_boot_bct_MB1_aligned.bct
20:15:26.029 - Info: [   4.6631 ] Generating SHA2 Hash for mb1bct
20:15:26.032 - Info: [   4.6648 ] Sha saved in mb1_cold_boot_bct_MB1_aligned.sha
20:15:26.035 - Info: [   4.6675 ] Sha saved in mb1_cold_boot_bct_MB1.sha
20:15:26.035 - Info: [   4.6697 ] tegrahost_v2 --chip 0x23 0 --magicid MBCT --ratchet_blob ratchet_blob.bin --appendsigheader mb1_cold_boot_bct_MB1_aligned.bct zerosbk
20:15:26.036 - Info: [   4.6700 ] adding BCH for mb1_cold_boot_bct_MB1_aligned.bct
20:15:26.037 - Info: [   4.6719 ] tegrasign_v3.py --key None --list mb1_cold_boot_bct_MB1_aligned_sigheader.bct_list.xml --sha sha512
20:15:26.037 - Info: [   4.6724 ] Assuming zero filled SBK key
20:15:26.046 - Info: [   4.6755 ] tegrahost_v2 --chip 0x23 0 --updatesigheader mb1_cold_boot_bct_MB1_aligned_sigheader.bct.encrypt mb1_cold_boot_bct_MB1_aligned_sigheader.bct.hash zerosbk
20:15:26.046 - Info: [   4.6788 ] Generating recovery mb1-bct
20:15:26.046 - Info: [   4.6798 ] tegrabct_v2 --chip 0x23 0 --mb1bct mb1_bct.cfg --misc tegra234-mb1-bct-misc-p3767-0000_cpp.dtb --wb0sdram tegra234-p3767-0001-wb0sdram-l4t_cpp.dtb --pinmux tegra234-mb1-bct-pinmux-p3767-dp-a03_cpp.dtb --pmc tegra234-mb1-bct-padvoltage-p3767-dp-a03_cpp.dtb --pmic tegra234-mb1-bct-pmic-p3767-0000-a02_cpp.dtb --brcommand tegra234-mb1-bct-reset-p3767-0000_cpp.dtb --prod tegra234-mb1-bct-prod-p3767-0000_cpp.dtb --gpioint tegra234-mb1-bct-gpioint-p3767-0000_cpp.dtb --uphy tegra234-mb1-bct-uphylane-si_cpp.dtb --device tegra234-mb1-bct-device-p3767-0000_cpp.dtb --deviceprod tegra234-mb1-bct-cprod-p3767-0000_cpp.dtb --minratchet tegra234-mb1-bct-ratchet-p3767-0000_cpp.dtb --ratchet_blob ratchet_blob.bin --parse-error-mode quiet-continue
20:15:26.046 - Info: [   4.6803 ] parse-error-mode: quiet-continue
20:15:26.046 - Info: [   4.6811 ] MB1-BCT version: 0.12
20:15:26.048 - Info: 
20:15:26.048 - Info: [   4.6834 ] Parsing config file :tegra234-mb1-bct-pinmux-p3767-dp-a03_cpp.dtb 
20:15:26.050 - Info: [   4.6841 ] Added Platform Config 0 data with size :- 2416
20:15:26.050 - Info: 
20:15:26.051 - Info: [   4.6857 ] Parsing config file :tegra234-mb1-bct-padvoltage-p3767-dp-a03_cpp.dtb 
20:15:26.051 - Info: [   4.6865 ] Added Platform Config 2 data with size :- 24
20:15:26.051 - Info: 
20:15:26.051 - Info: [   4.6866 ] Parsing config file :tegra234-mb1-bct-pmic-p3767-0000-a02_cpp.dtb 
20:15:26.053 - Info: [   4.6868 ] Added Platform Config 4 data with size :- 288
20:15:26.053 - Info: [   4.6868 ] 
20:15:26.053 - Info: [   4.6868 ] Parsing config file :tegra234-mb1-bct-reset-p3767-0000_cpp.dtb 
20:15:26.053 - Info: [   4.6868 ] Added Platform Config 3 data with size :- 52
20:15:26.053 - Info: [   4.6868 ] 
20:15:26.053 - Info: [   4.6868 ] Parsing config file :tegra234-mb1-bct-prod-p3767-0000_cpp.dtb 
20:15:26.053 - Info: [   4.6868 ] Added Platform Config 5 data with size :- 512
20:15:26.053 - Info: [   4.6868 ] 
20:15:26.053 - Info: [   4.6868 ] Parsing config file :tegra234-mb1-bct-gpioint-p3767-0000_cpp.dtb 
20:15:26.053 - Info: [   4.6868 ] Added Platform Config 7 data with size :- 380
20:15:26.053 - Info: [   4.6868 ] 
20:15:26.053 - Info: [   4.6868 ] Parsing config file :tegra234-mb1-bct-uphylane-si_cpp.dtb 
20:15:26.053 - Info: [   4.6868 ] Added Platform Config 8 data with size :- 24
20:15:26.053 - Info: [   4.6868 ] 
20:15:26.053 - Info: [   4.6868 ] Parsing config file :tegra234-mb1-bct-device-p3767-0000_cpp.dtb 
20:15:26.053 - Info: [   4.6868 ] Added Platform Config 9 data with size :- 104
20:15:26.053 - Info: [   4.6868 ] 
20:15:26.053 - Info: [   4.6868 ] Parsing config file :tegra234-mb1-bct-cprod-p3767-0000_cpp.dtb 
20:15:26.053 - Info: [   4.6868 ] Added Platform Config 6 data with size :- 16
20:15:26.053 - Info: [   4.6868 ] 
20:15:26.053 - Info: [   4.6868 ] Parsing config file :tegra234-mb1-bct-ratchet-p3767-0000_cpp.dtb 
20:15:26.053 - Info: [   4.6868 ] Setting MB1 bct size to 9344
20:15:26.053 - Info: [   4.6868 ] 
20:15:26.053 - Info: [   4.6869 ] Updating mb1-bct with firmware information
20:15:26.053 - Info: [   4.6874 ] tegrabct_v2 --chip 0x23 0 --mb1bct mb1_bct_MB1.bct --recov --updatefwinfo flash.xml.bin
20:15:26.054 - Info: [   4.6883 ] parse-error-mode: show-continue (default)
20:15:26.076 - Info: [   4.6894 ] Setting MB1 bct size to 9344
20:15:26.076 - Info: [   4.6894 ] Setting MB1 bct size to 9344
20:15:26.076 - Info: [   4.6894 ] 
20:15:26.076 - Info: [   4.6902 ] tegrahost_v2 --chip 0x23 0 --align mb1_bct_MB1_aligned.bct
20:15:26.076 - Info: [   4.6906 ] Generating SHA2 Hash for mb1bct
20:15:26.080 - Info: [   4.7117 ] Sha saved in mb1_bct_MB1_aligned.sha
20:15:26.080 - Info: [   4.7142 ] Sha saved in mb1_bct_MB1.sha
20:15:26.080 - Info: [   4.7148 ] tegrahost_v2 --chip 0x23 0 --magicid MBCT --ratchet_blob ratchet_blob.bin --appendsigheader mb1_bct_MB1_aligned.bct zerosbk
20:15:26.081 - Info: [   4.7154 ] adding BCH for mb1_bct_MB1_aligned.bct
20:15:26.085 - Info: [   4.7190 ] tegrasign_v3.py --key None --list mb1_bct_MB1_aligned_sigheader.bct_list.xml --sha sha512
20:15:26.085 - Info: [   4.7191 ] Assuming zero filled SBK key
20:15:26.092 - Info: [   4.7249 ] tegrahost_v2 --chip 0x23 0 --updatesigheader mb1_bct_MB1_aligned_sigheader.bct.encrypt mb1_bct_MB1_aligned_sigheader.bct.hash zerosbk
20:15:26.092 - Info: [   4.7263 ] Generating coldboot mem-bct
20:15:26.092 - Info: [   4.7267 ] tegrabct_v2 --chip 0x23 0 --parse-error-mode quiet-continue --sdram tegra234-p3767-0001-sdram-l4t_cpp.dtb --wb0sdram tegra234-p3767-0001-wb0sdram-l4t_cpp.dtb --membct tegra234-p3767-0001-sdram-l4t_cpp_1.bct tegra234-p3767-0001-sdram-l4t_cpp_2.bct tegra234-p3767-0001-sdram-l4t_cpp_3.bct tegra234-p3767-0001-sdram-l4t_cpp_4.bct
20:15:26.092 - Info: [   4.7270 ] parse-error-mode: quiet-continue
20:15:26.171 - Info: [   4.7272 ]  packing sdram params with Wb0 file tegra234-p3767-0001-wb0sdram-l4t_cpp.dtb
20:15:26.171 - Info: [   4.8051 ] Packing sdram param for instance[0]
20:15:26.171 - Info: [   4.8052 ] Packing sdram param for instance[1]
20:15:26.171 - Info: [   4.8057 ] Packing sdram param for instance[2]
20:15:26.171 - Info: [   4.8058 ] Packing sdram param for instance[3]
20:15:26.171 - Info: [   4.8059 ] Packing sdram param for instance[4]
20:15:26.171 - Info: [   4.8060 ] Packing sdram param for instance[5]
20:15:26.171 - Info: [   4.8061 ] Packing sdram param for instance[6]
20:15:26.171 - Info: [   4.8062 ] Packing sdram param for instance[7]
20:15:26.171 - Info: [   4.8063 ] Packing sdram param for instance[8]
20:15:26.171 - Info: [   4.8064 ] Packing sdram param for instance[9]
20:15:26.171 - Info: [   4.8065 ] Packing sdram param for instance[10]
20:15:26.171 - Info: [   4.8066 ] Packing sdram param for instance[11]
20:15:26.175 - Info: [   4.8068 ] Packing sdram param for instance[12]
20:15:26.175 - Info: [   4.8102 ] Packing sdram param for instance[13]
20:15:26.175 - Info: [   4.8103 ] Packing sdram param for instance[14]
20:15:26.175 - Info: [   4.8104 ] Packing sdram param for instance[15]
20:15:26.249 - Info: [   4.8821 ] Getting sector size from pt
20:15:26.250 - Info: [   4.8832 ] tegraparser_v2 --getsectorsize flash.xml.bin sector_info.bin
20:15:26.250 - Info: [   4.8841 ] BlockSize read from layout is 0x200
20:15:26.250 - Info: 
20:15:26.250 - Info: [   4.8847 ] tegrahost_v2 --chip 0x23 0 --blocksize 512 --magicid MEMB --addsigheader_multi tegra234-p3767-0001-sdram-l4t_cpp_1.bct tegra234-p3767-0001-sdram-l4t_cpp_2.bct tegra234-p3767-0001-sdram-l4t_cpp_3.bct tegra234-p3767-0001-sdram-l4t_cpp_4.bct
20:15:26.251 - Info: [   4.8850 ] Binary 0 length is 58752
20:15:26.251 - Info: [   4.8868 ] Binary 0 align length is 58880
20:15:26.251 - Info: [   4.8869 ] Binary 1 length is 58752
20:15:26.251 - Info: [   4.8870 ] Binary 1 align length is 58880
20:15:26.251 - Info: [   4.8870 ] Binary 2 length is 58752
20:15:26.252 - Info: [   4.8871 ] Binary 2 align length is 58880
20:15:26.252 - Info: [   4.8878 ] Binary 3 length is 58752
20:15:26.253 - Info: [   4.8878 ] Binary 3 align length is 58880
20:15:26.253 - Info: [   4.8884 ] Buffer length is 235520
20:15:26.253 - Info: [   4.8884 ] adding BCH for tegra234-p3767-0001-sdram-l4t_cpp_1.bct
20:15:26.253 - Info: [   4.8886 ] new length is 243712
20:15:26.257 - Info: [   4.8897 ] tegrahost_v2 --chip 0x23 0 --align mem_coldboot_aligned.bct
20:15:26.257 - Info: [   4.8911 ] tegrahost_v2 --chip 0x23 0 --magicid MEMB --ratchet_blob ratchet_blob.bin --appendsigheader mem_coldboot_aligned.bct zerosbk
20:15:26.257 - Info: [   4.8921 ] Header already present for mem_coldboot_aligned.bct
20:15:26.259 - Info: [   4.8933 ] tegrasign_v3.py --key None --list mem_coldboot_aligned_sigheader.bct_list.xml --sha sha512
20:15:26.259 - Info: [   4.8934 ] Assuming zero filled SBK key
20:15:26.267 - Info: [   4.8960 ] tegrahost_v2 --chip 0x23 0 --updatesigheader mem_coldboot_aligned_sigheader.bct.encrypt mem_coldboot_aligned_sigheader.bct.hash zerosbk
20:15:26.267 - Info: [   4.8993 ] Generating recovery mem-bct
20:15:26.267 - Info: [   4.9001 ] tegrabct_v2 --chip 0x23 0 --parse-error-mode quiet-continue --sdram tegra234-p3767-0001-sdram-l4t_cpp.dtb --wb0sdram tegra234-p3767-0001-wb0sdram-l4t_cpp.dtb --membct tegra234-p3767-0001-sdram-l4t_cpp_1.bct tegra234-p3767-0001-sdram-l4t_cpp_2.bct tegra234-p3767-0001-sdram-l4t_cpp_3.bct tegra234-p3767-0001-sdram-l4t_cpp_4.bct
20:15:26.267 - Info: [   4.9022 ] parse-error-mode: quiet-continue
20:15:26.342 - Info: [   4.9023 ]  packing sdram params with Wb0 file tegra234-p3767-0001-wb0sdram-l4t_cpp.dtb
20:15:26.343 - Info: [   4.9769 ] Packing sdram param for instance[0]
20:15:26.343 - Info: [   4.9772 ] Packing sdram param for instance[1]
20:15:26.343 - Info: [   4.9774 ] Packing sdram param for instance[2]
20:15:26.343 - Info: [   4.9777 ] Packing sdram param for instance[3]
20:15:26.343 - Info: [   4.9780 ] Packing sdram param for instance[4]
20:15:26.343 - Info: [   4.9782 ] Packing sdram param for instance[5]
20:15:26.344 - Info: [   4.9787 ] Packing sdram param for instance[6]
20:15:26.345 - Info: [   4.9789 ] Packing sdram param for instance[7]
20:15:26.345 - Info: [   4.9790 ] Packing sdram param for instance[8]
20:15:26.345 - Info: [   4.9791 ] Packing sdram param for instance[9]
20:15:26.345 - Info: [   4.9793 ] Packing sdram param for instance[10]
20:15:26.346 - Info: [   4.9794 ] Packing sdram param for instance[11]
20:15:26.346 - Info: [   4.9803 ] Packing sdram param for instance[12]
20:15:26.346 - Info: [   4.9816 ] Packing sdram param for instance[13]
20:15:26.346 - Info: [   4.9817 ] Packing sdram param for instance[14]
20:15:26.346 - Info: [   4.9818 ] Packing sdram param for instance[15]
20:15:26.427 - Info: [   5.0576 ] Generating mem_bct based on ramcode group number
20:15:26.427 - Info: [   5.0576 ] Got ramcode 2 from the command line
20:15:26.427 - Info: [   5.0576 ] Using ramcode group number 0
20:15:26.427 - Info: [   5.0576 ] Disabled BPMP dtb trim, using default dtb
20:15:26.427 - Info: [   5.0576 ] 
20:15:26.427 - Info: [   5.0591 ] tegrahost_v2 --chip 0x23 0 --align mem_rcm_aligned.bct
20:15:26.427 - Info: [   5.0610 ] tegrahost_v2 --chip 0x23 0 --magicid MEM0 --ratchet_blob ratchet_blob.bin --appendsigheader mem_rcm_aligned.bct zerosbk
20:15:26.427 - Info: [   5.0618 ] adding BCH for mem_rcm_aligned.bct
20:15:26.431 - Info: [   5.0662 ] tegrasign_v3.py --key None --list mem_rcm_aligned_sigheader.bct_list.xml --sha sha512
20:15:26.431 - Info: [   5.0663 ] Assuming zero filled SBK key
20:15:26.440 - Info: [   5.0685 ] tegrahost_v2 --chip 0x23 0 --updatesigheader mem_rcm_aligned_sigheader.bct.encrypt mem_rcm_aligned_sigheader.bct.hash zerosbk
20:15:26.440 - Info: [   5.0702 ] Generating all 4 mem_bct for ramcode group (0..3)
20:15:26.440 - Info: [   5.0703 ] Disabled BPMP dtb trim, using default dtb
20:15:26.440 - Info: [   5.0703 ] 
20:15:26.440 - Info: [   5.0709 ] tegrahost_v2 --chip 0x23 0 --align mem_rcm_0_aligned.bct
20:15:26.440 - Info: [   5.0747 ] tegrahost_v2 --chip 0x23 0 --magicid MEM0 --ratchet_blob ratchet_blob.bin --appendsigheader mem_rcm_0_aligned.bct zerosbk
20:15:26.440 - Info: [   5.0751 ] adding BCH for mem_rcm_0_aligned.bct
20:15:26.446 - Info: [   5.0808 ] tegrasign_v3.py --key None --list mem_rcm_0_aligned_sigheader.bct_list.xml --sha sha512
20:15:26.446 - Info: [   5.0809 ] Assuming zero filled SBK key
20:15:26.460 - Info: [   5.0894 ] tegrahost_v2 --chip 0x23 0 --updatesigheader mem_rcm_0_aligned_sigheader.bct.encrypt mem_rcm_0_aligned_sigheader.bct.hash zerosbk
20:15:26.460 - Info: [   5.0923 ] Disabled BPMP dtb trim, using default dtb
20:15:26.460 - Info: [   5.0923 ] 
20:15:26.460 - Info: [   5.0937 ] tegrahost_v2 --chip 0x23 0 --align mem_rcm_1_aligned.bct
20:15:26.460 - Info: [   5.0945 ] tegrahost_v2 --chip 0x23 0 --magicid MEM1 --ratchet_blob ratchet_blob.bin --appendsigheader mem_rcm_1_aligned.bct zerosbk
20:15:26.460 - Info: [   5.0955 ] adding BCH for mem_rcm_1_aligned.bct
20:15:26.468 - Info: [   5.1003 ] tegrasign_v3.py --key None --list mem_rcm_1_aligned_sigheader.bct_list.xml --sha sha512
20:15:26.468 - Info: [   5.1004 ] Assuming zero filled SBK key
20:15:26.475 - Info: [   5.1061 ] tegrahost_v2 --chip 0x23 0 --updatesigheader mem_rcm_1_aligned_sigheader.bct.encrypt mem_rcm_1_aligned_sigheader.bct.hash zerosbk
20:15:26.475 - Info: [   5.1074 ] Disabled BPMP dtb trim, using default dtb
20:15:26.475 - Info: [   5.1074 ] 
20:15:26.475 - Info: [   5.1080 ] tegrahost_v2 --chip 0x23 0 --align mem_rcm_2_aligned.bct
20:15:26.475 - Info: [   5.1098 ] tegrahost_v2 --chip 0x23 0 --magicid MEM2 --ratchet_blob ratchet_blob.bin --appendsigheader mem_rcm_2_aligned.bct zerosbk
20:15:26.476 - Info: [   5.1101 ] adding BCH for mem_rcm_2_aligned.bct
20:15:26.480 - Info: [   5.1150 ] tegrasign_v3.py --key None --list mem_rcm_2_aligned_sigheader.bct_list.xml --sha sha512
20:15:26.480 - Info: [   5.1151 ] Assuming zero filled SBK key
20:15:26.486 - Info: [   5.1174 ] tegrahost_v2 --chip 0x23 0 --updatesigheader mem_rcm_2_aligned_sigheader.bct.encrypt mem_rcm_2_aligned_sigheader.bct.hash zerosbk
20:15:26.486 - Info: [   5.1196 ] Disabled BPMP dtb trim, using default dtb
20:15:26.486 - Info: [   5.1196 ] 
20:15:26.486 - Info: [   5.1203 ] tegrahost_v2 --chip 0x23 0 --align mem_rcm_3_aligned.bct
20:15:26.486 - Info: [   5.1212 ] tegrahost_v2 --chip 0x23 0 --magicid MEM3 --ratchet_blob ratchet_blob.bin --appendsigheader mem_rcm_3_aligned.bct zerosbk
20:15:26.486 - Info: [   5.1214 ] adding BCH for mem_rcm_3_aligned.bct
20:15:26.491 - Info: [   5.1249 ] tegrasign_v3.py --key None --list mem_rcm_3_aligned_sigheader.bct_list.xml --sha sha512
20:15:26.491 - Info: [   5.1250 ] Assuming zero filled SBK key
20:15:26.564 - Info: [   5.1274 ] tegrahost_v2 --chip 0x23 0 --updatesigheader mem_rcm_3_aligned_sigheader.bct.encrypt mem_rcm_3_aligned_sigheader.bct.hash zerosbk
20:15:26.564 - Info: [   5.1313 ] Copying signatures
20:15:26.564 - Info: [   5.1321 ] tegrahost_v2 --chip 0x23 0 --partitionlayout flash.xml.bin --updatesig images_list_signed.xml
20:15:26.564 - Info: [   5.1988 ] tegraparser_v2 --generategpt --pt flash.xml.bin
20:15:26.568 - Info: [   5.1992 ] gpt_secondary_3_0.bin:
20:15:26.568 - Info: [   5.2005 ] partition_id	partition_name			      StartingLba	EndingLba
20:15:26.568 - Info: [   5.2007 ]            1	BCT                                 	       0	    2047
20:15:26.568 - Info: [   5.2008 ]            2	A_mb1                               	    2048	    3071
20:15:26.568 - Info: [   5.2026 ]            3	A_psc_bl1                           	    3072	    3583
20:15:26.568 - Info: [   5.2028 ]            4	A_MB1_BCT                           	    3584	    3839
20:15:26.568 - Info: [   5.2030 ]            5	A_MEM_BCT                           	    3840	    4351
20:15:26.568 - Info: [   5.2031 ]            6	A_tsec-fw                           	    4352	    6399
20:15:26.568 - Info: [   5.2033 ]            7	A_nvdec                             	    6400	    8447
20:15:26.569 - Info: [   5.2035 ]            8	A_mb2                               	    8448	    9471
20:15:26.570 - Info: [   5.2049 ]            9	A_xusb-fw                           	    9472	    9983
20:15:26.571 - Info: [   5.2057 ]           10	A_bpmp-fw                           	    9984	   13055
20:15:26.572 - Info: [   5.2064 ]           11	A_bpmp-fw-dtb                       	   13056	   21247
20:15:26.572 - Info: [   5.2069 ]           12	A_psc-fw                            	   21248	   22783
20:15:26.573 - Info: [   5.2071 ]           13	A_mts-mce                           	   22784	   23807
20:15:26.573 - Info: [   5.2072 ]           14	A_sc7                               	   23808	   24191
20:15:26.578 - Info: [   5.2084 ]           15	A_pscrf                             	   24192	   24575
20:15:26.578 - Info: [   5.2084 ]           16	A_mb2rf                             	   24576	   24831
20:15:26.578 - Info: [   5.2084 ]           17	A_cpu-bootloader                    	   24832	   31999
20:15:26.578 - Info: [   5.2084 ]           18	A_secure-os                         	   32000	   40191
20:15:26.578 - Info: [   5.2084 ]           19	A_smm-fw                            	   40192	   44287
20:15:26.578 - Info: [   5.2084 ]           20	A_eks                               	   44288	   44799
20:15:26.578 - Info: [   5.2084 ]           21	A_dce-fw                            	   44800	   55039
20:15:26.578 - Info: [   5.2084 ]           22	A_spe-fw                            	   55040	   56191
20:15:26.578 - Info: [   5.2084 ]           23	A_rce-fw                            	   56192	   58239
20:15:26.578 - Info: [   5.2084 ]           24	A_adsp-fw                           	   58240	   62335
20:15:26.578 - Info: [   5.2084 ]           25	A_pva-fw                            	   62336	   62847
20:15:26.578 - Info: [   5.2084 ]           26	A_reserved_on_boot                  	   62848	   65023
20:15:26.578 - Info: [   5.2084 ]           27	B_mb1                               	   65024	   66047
20:15:26.578 - Info: [   5.2084 ]           28	B_psc_bl1                           	   66048	   66559
20:15:26.578 - Info: [   5.2084 ]           29	B_MB1_BCT                           	   66560	   66815
20:15:26.578 - Info: [   5.2084 ]           30	B_MEM_BCT                           	   66816	   67327
20:15:26.578 - Info: [   5.2084 ]           31	B_tsec-fw                           	   67328	   69375
20:15:26.578 - Info: [   5.2084 ]           32	B_nvdec                             	   69376	   71423
20:15:26.578 - Info: [   5.2084 ]           33	B_mb2                               	   71424	   72447
20:15:26.578 - Info: [   5.2084 ]           34	B_xusb-fw                           	   72448	   72959
20:15:26.578 - Info: [   5.2084 ]           35	B_bpmp-fw                           	   72960	   76031
20:15:26.578 - Info: [   5.2084 ]           36	B_bpmp-fw-dtb                       	   76032	   84223
20:15:26.578 - Info: [   5.2084 ]           37	B_psc-fw                            	   84224	   85759
20:15:26.578 - Info: [   5.2084 ]           38	B_mts-mce                           	   85760	   86783
20:15:26.578 - Info: [   5.2084 ]           39	B_sc7                               	   86784	   87167
20:15:26.578 - Info: [   5.2084 ]           40	B_pscrf                             	   87168	   87551
20:15:26.578 - Info: [   5.2084 ]           41	B_mb2rf                             	   87552	   87807
20:15:26.578 - Info: [   5.2084 ]           42	B_cpu-bootloader                    	   87808	   94975
20:15:26.578 - Info: [   5.2084 ]           43	B_secure-os                         	   94976	  103167
20:15:26.578 - Info: [   5.2084 ]           44	B_smm-fw                            	  103168	  107263
20:15:26.578 - Info: [   5.2084 ]           45	B_eks                               	  107264	  107775
20:15:26.578 - Info: [   5.2084 ]           46	B_dce-fw                            	  107776	  118015
20:15:26.578 - Info: [   5.2084 ]           47	B_spe-fw                            	  118016	  119167
20:15:26.578 - Info: [   5.2084 ]           48	B_rce-fw                            	  119168	  121215
20:15:26.578 - Info: [   5.2084 ]           49	B_adsp-fw                           	  121216	  125311
20:15:26.578 - Info: [   5.2084 ]           50	B_pva-fw                            	  125312	  125823
20:15:26.578 - Info: [   5.2084 ]           51	B_reserved_on_boot                  	  125824	  127999
20:15:26.578 - Info: [   5.2084 ]           52	uefi_variables                      	  128000	  128511
20:15:26.578 - Info: [   5.2084 ]           53	uefi_ftw                            	  128512	  129535
20:15:26.578 - Info: [   5.2084 ]           54	reserved                            	  129536	  129919
20:15:26.578 - Info: [   5.2085 ]           55	worm                                	  129920	  130303
20:15:26.578 - Info: [   5.2085 ]           56	BCT-boot-chain_backup               	  130304	  130431
20:15:26.578 - Info: [   5.2085 ]           57	reserved_partition                  	  130432	  130559
20:15:26.578 - Info: [   5.2085 ]           58	secondary_gpt_backup                	  130560	  130687
20:15:26.578 - Info: [   5.2085 ]           59	B_VER                               	  130688	  130815
20:15:26.578 - Info: [   5.2085 ]           60	A_VER                               	  130816	  130943
20:15:26.578 - Info: [   5.2085 ] 
20:15:26.578 - Info: [   5.2119 ] Get magic id
20:15:26.578 - Info: [   5.2126 ] tegraparser_v2 --get_magic psc_fw
20:15:26.578 - Info: [   5.2131 ] PFWP
20:15:26.583 - Info: [   5.2134 ] partition type psc_fw, magic id = PFWP
20:15:26.583 - Info: [   5.2151 ] tegrahost_v2 --chip 0x23 0 --align pscfw_t234_prod_aligned.bin
20:15:26.583 - Info: [   5.2170 ] tegrahost_v2 --chip 0x23 0 --magicid PFWP --ratchet_blob ratchet_blob.bin --appendsigheader pscfw_t234_prod_aligned.bin zerosbk
20:15:26.583 - Info: [   5.2173 ] Header already present for pscfw_t234_prod_aligned.bin
20:15:26.594 - Info: [   5.2220 ] tegrasign_v3.py --key None --list pscfw_t234_prod_aligned_sigheader.bin_list.xml --sha sha512
20:15:26.594 - Info: [   5.2221 ] Assuming zero filled SBK key
20:15:26.594 - Info: [   5.2247 ] tegrahost_v2 --chip 0x23 0 --updatesigheader pscfw_t234_prod_aligned_sigheader.bin.encrypt pscfw_t234_prod_aligned_sigheader.bin.hash zerosbk
20:15:26.594 - Info: [   5.2284 ] Get magic id
20:15:26.594 - Info: [   5.2290 ] tegraparser_v2 --get_magic mts_mce
20:15:26.596 - Info: [   5.2294 ] MTSM
20:15:26.598 - Info: [   5.2301 ] partition type mts_mce, magic id = MTSM
20:15:26.598 - Info: [   5.2314 ] tegrahost_v2 --chip 0x23 0 --align mce_flash_o10_cr_prod_aligned.bin
20:15:26.598 - Info: [   5.2329 ] tegrahost_v2 --chip 0x23 0 --magicid MTSM --ratchet_blob ratchet_blob.bin --appendsigheader mce_flash_o10_cr_prod_aligned.bin zerosbk
20:15:26.598 - Info: [   5.2333 ] Header already present for mce_flash_o10_cr_prod_aligned.bin
20:15:26.604 - Info: [   5.2391 ] tegrasign_v3.py --key None --list mce_flash_o10_cr_prod_aligned_sigheader.bin_list.xml --sha sha512
20:15:26.605 - Info: [   5.2392 ] Assuming zero filled SBK key
20:15:26.610 - Info: [   5.2427 ] tegrahost_v2 --chip 0x23 0 --updatesigheader mce_flash_o10_cr_prod_aligned_sigheader.bin.encrypt mce_flash_o10_cr_prod_aligned_sigheader.bin.hash zerosbk
20:15:26.610 - Info: [   5.2449 ] Get magic id
20:15:26.610 - Info: [   5.2453 ] tegraparser_v2 --get_magic tsec_fw
20:15:26.610 - Info: [   5.2456 ] TSEC
20:15:26.615 - Info: [   5.2463 ] partition type tsec_fw, magic id = TSEC
20:15:26.615 - Info: [   5.2483 ] tegrahost_v2 --chip 0x23 0 --align tsec_t234_aligned.bin
20:15:26.615 - Info: [   5.2498 ] tegrahost_v2 --chip 0x23 0 --magicid TSEC --ratchet_blob ratchet_blob.bin --appendsigheader tsec_t234_aligned.bin zerosbk
20:15:26.615 - Info: [   5.2510 ] Header already present for tsec_t234_aligned.bin
20:15:26.622 - Info: [   5.2565 ] tegrasign_v3.py --key None --list tsec_t234_aligned_sigheader.bin_list.xml --sha sha512
20:15:26.623 - Info: [   5.2566 ] Assuming zero filled SBK key
20:15:26.628 - Info: [   5.2597 ] tegrahost_v2 --chip 0x23 0 --updatesigheader tsec_t234_aligned_sigheader.bin.encrypt tsec_t234_aligned_sigheader.bin.hash zerosbk
20:15:26.628 - Info: [   5.2619 ] Get magic id
20:15:26.628 - Info: [   5.2626 ] tegraparser_v2 --get_magic mb2_applet
20:15:26.628 - Info: [   5.2628 ] MB2A
20:15:26.632 - Info: [   5.2638 ] partition type mb2_applet, magic id = MB2A
20:15:26.632 - Info: [   5.2647 ] tegrahost_v2 --chip 0x23 0 --align applet_t234_aligned.bin
20:15:26.632 - Info: [   5.2669 ] tegrahost_v2 --chip 0x23 0 --magicid MB2A --ratchet_blob ratchet_blob.bin --appendsigheader applet_t234_aligned.bin zerosbk
20:15:26.632 - Info: [   5.2671 ] adding BCH for applet_t234_aligned.bin
20:15:26.644 - Info: [   5.2775 ] tegrasign_v3.py --key None --list applet_t234_aligned_sigheader.bin_list.xml --sha sha512
20:15:26.644 - Info: [   5.2777 ] Assuming zero filled SBK key
20:15:26.653 - Info: [   5.2822 ] tegrahost_v2 --chip 0x23 0 --updatesigheader applet_t234_aligned_sigheader.bin.encrypt applet_t234_aligned_sigheader.bin.hash zerosbk
20:15:26.653 - Info: [   5.2868 ] Generating recovery mb2-bct
20:15:26.653 - Info: [   5.2868 ] tegrabct_v2 --chip 0x23 0 --parse-error-mode quiet-continue --mb2bct mb2_bct.cfg --recov --mb2bctcfg tegra234-mb2-bct-misc-p3767-0000_cpp.dtb --scr tegra234-mb2-bct-scr-p3767-0000_cpp.dtb
20:15:26.653 - Info: [   5.2881 ] parse-error-mode: quiet-continue
20:15:26.664 - Info: [   5.2986 ] Updating mb2-bct with storage information for RCM
20:15:26.664 - Info: [   5.2993 ] tegrabct_v2 --chip 0x23 0 --mb2bct mb2_bct_MB2.bct --updatestorageinfo flash.xml.bin
20:15:26.664 - Info: [   5.2996 ] parse-error-mode: show-continue (default)
20:15:26.665 - Info: [   5.2998 ] Saving MB2 BCT file as mb2_bct_MB2.bct with suffix (null)
20:15:26.667 - Info: [   5.3010 ] Concatenating mb2-bct to mb2 binary
20:15:26.667 - Info: [   5.3010 ] mb2_bin_file = mb2_t234.bin
20:15:26.667 - Info: [   5.3010 ] mb2_bct_file = mb2_bct_MB2.bct
20:15:26.667 - Info: [   5.3013 ] Get magic id
20:15:26.667 - Info: [   5.3020 ] tegraparser_v2 --get_magic mb2_bootloader
20:15:26.667 - Info: [   5.3024 ] MB2B
20:15:26.672 - Info: [   5.3034 ] partition type mb2_bootloader, magic id = MB2B
20:15:26.672 - Info: [   5.3041 ] tegrahost_v2 --chip 0x23 0 --align mb2_t234_with_mb2_bct_MB2_aligned.bin
20:15:26.672 - Info: [   5.3059 ] tegrahost_v2 --chip 0x23 0 --magicid MB2B --ratchet_blob ratchet_blob.bin --appendsigheader mb2_t234_with_mb2_bct_MB2_aligned.bin zerosbk
20:15:26.672 - Info: [   5.3075 ] adding BCH for mb2_t234_with_mb2_bct_MB2_aligned.bin
20:15:26.683 - Info: [   5.3180 ] tegrasign_v3.py --key None --list mb2_t234_with_mb2_bct_MB2_aligned_sigheader.bin_list.xml --sha sha512
20:15:26.683 - Info: [   5.3181 ] Assuming zero filled SBK key
20:15:26.691 - Info: [   5.3215 ] tegrahost_v2 --chip 0x23 0 --updatesigheader mb2_t234_with_mb2_bct_MB2_aligned_sigheader.bin.encrypt mb2_t234_with_mb2_bct_MB2_aligned_sigheader.bin.hash zerosbk
20:15:26.691 - Info: [   5.3254 ] Get magic id
20:15:26.691 - Info: [   5.3261 ] tegraparser_v2 --get_magic xusb_fw
20:15:26.691 - Info: [   5.3268 ] XUSB
20:15:26.696 - Info: [   5.3274 ] partition type xusb_fw, magic id = XUSB
20:15:26.696 - Info: [   5.3289 ] tegrahost_v2 --chip 0x23 0 --align xusb_t234_prod_aligned.bin
20:15:26.696 - Info: [   5.3299 ] tegrahost_v2 --chip 0x23 0 --magicid XUSB --ratchet_blob ratchet_blob.bin --appendsigheader xusb_t234_prod_aligned.bin zerosbk
20:15:26.696 - Info: [   5.3316 ] adding BCH for xusb_t234_prod_aligned.bin
20:15:26.702 - Info: [   5.3370 ] tegrasign_v3.py --key None --list xusb_t234_prod_aligned_sigheader.bin_list.xml --sha sha512
20:15:26.702 - Info: [   5.3372 ] Assuming zero filled SBK key
20:15:26.707 - Info: [   5.3397 ] tegrahost_v2 --chip 0x23 0 --updatesigheader xusb_t234_prod_aligned_sigheader.bin.encrypt xusb_t234_prod_aligned_sigheader.bin.hash zerosbk
20:15:26.707 - Info: [   5.3415 ] Get magic id
20:15:26.707 - Info: [   5.3420 ] tegraparser_v2 --get_magic pva_fw
20:15:26.707 - Info: [   5.3423 ] PVAF
20:15:26.718 - Info: [   5.3435 ] partition type pva_fw, magic id = PVAF
20:15:26.718 - Info: [   5.3478 ] tegrahost_v2 --chip 0x23 0 --align nvpva_020_aligned.fw
20:15:26.718 - Info: [   5.3511 ] tegrahost_v2 --chip 0x23 0 --magicid PVAF --ratchet_blob ratchet_blob.bin --appendsigheader nvpva_020_aligned.fw zerosbk
20:15:26.718 - Info: [   5.3517 ] adding BCH for nvpva_020_aligned.fw
20:15:26.779 - Info: [   5.4120 ] tegrasign_v3.py --key None --list nvpva_020_aligned_sigheader.fw_list.xml --sha sha512
20:15:26.779 - Info: [   5.4122 ] Assuming zero filled SBK key
20:15:26.813 - Info: [   5.4227 ] tegrahost_v2 --chip 0x23 0 --updatesigheader nvpva_020_aligned_sigheader.fw.encrypt nvpva_020_aligned_sigheader.fw.hash zerosbk
20:15:26.813 - Info: [   5.4308 ] Kernel DTB used: kernel_tegra234-p3768-0000+p3767-0005-nv-super.dtb
20:15:26.813 - Info: [   5.4308 ] Concatenating kernel-dtb to dce-fw binary
20:15:26.813 - Info: [   5.4309 ] dce_bin = display-t234-dce.bin
20:15:26.813 - Info: [   5.4309 ] kernel_dtb = kernel_tegra234-p3768-0000+p3767-0005-nv-super.dtb
20:15:26.813 - Info: [   5.4309 ] dce_with_dtb = display-t234-dce_with_kernel_tegra234-p3768-0000+p3767-0005-nv-super.bin
20:15:26.813 - Info: [   5.4458 ] Get magic id
20:15:26.813 - Info: [   5.4464 ] tegraparser_v2 --get_magic dce_fw
20:15:26.813 - Info: [   5.4474 ] DCEF
20:15:26.843 - Info: [   5.4485 ] partition type dce_fw, magic id = DCEF
20:15:26.843 - Info: [   5.4656 ] tegrahost_v2 --chip 0x23 0 --align display-t234-dce_with_kernel_tegra234-p3768-0000+p3767-0005-nv-super_aligned.bin
20:15:26.843 - Info: [   5.4676 ] tegrahost_v2 --chip 0x23 0 --magicid DCEF --ratchet_blob ratchet_blob.bin --appendsigheader display-t234-dce_with_kernel_tegra234-p3768-0000+p3767-0005-nv-super_aligned.bin zerosbk
20:15:26.843 - Info: [   5.4682 ] adding BCH for display-t234-dce_with_kernel_tegra234-p3768-0000+p3767-0005-nv-super_aligned.bin
20:15:27.143 - Info: [   5.7726 ] tegrasign_v3.py --key None --list display-t234-dce_with_kernel_tegra234-p3768-0000+p3767-0005-nv-super_aligned_sigheader.bin_list.xml --sha sha512
20:15:27.143 - Info: [   5.7727 ] Assuming zero filled SBK key
20:15:27.252 - Info: [   5.8377 ] tegrahost_v2 --chip 0x23 0 --updatesigheader display-t234-dce_with_kernel_tegra234-p3768-0000+p3767-0005-nv-super_aligned_sigheader.bin.encrypt display-t234-dce_with_kernel_tegra234-p3768-0000+p3767-0005-nv-super_aligned_sigheader.bin.hash zerosbk
20:15:27.252 - Info: [   5.8860 ] Get magic id
20:15:27.252 - Info: [   5.8867 ] tegraparser_v2 --get_magic nvdec
20:15:27.252 - Info: [   5.8872 ] NDEC
20:15:27.259 - Info: [   5.8873 ] partition type nvdec, magic id = NDEC
20:15:27.259 - Info: [   5.8909 ] tegrahost_v2 --chip 0x23 0 --align nvdec_t234_prod_aligned.fw
20:15:27.259 - Info: [   5.8942 ] tegrahost_v2 --chip 0x23 0 --magicid NDEC --ratchet_blob ratchet_blob.bin --appendsigheader nvdec_t234_prod_aligned.fw zerosbk
20:15:27.259 - Info: [   5.8945 ] Header already present for nvdec_t234_prod_aligned.fw
20:15:27.267 - Info: [   5.9020 ] tegrasign_v3.py --key None --list nvdec_t234_prod_aligned_sigheader.fw_list.xml --sha sha512
20:15:27.267 - Info: [   5.9022 ] Assuming zero filled SBK key
20:15:27.278 - Info: [   5.9047 ] tegrahost_v2 --chip 0x23 0 --updatesigheader nvdec_t234_prod_aligned_sigheader.fw.encrypt nvdec_t234_prod_aligned_sigheader.fw.hash zerosbk
20:15:27.278 - Info: [   5.9068 ] Get magic id
20:15:27.278 - Info: [   5.9072 ] tegraparser_v2 --get_magic bpmp_fw
20:15:27.278 - Info: [   5.9080 ] BPMF
20:15:27.278 - Info: [   5.9080 ] 
20:15:27.278 - Info: [   5.9080 ] partition type bpmp_fw, magic id = BPMF
20:15:27.278 - Info: [   5.9103 ] tegrahost_v2 --chip 0x23 0 --align bpmp_t234-TE950M-A1_prod_aligned.bin
20:15:27.278 - Info: [   5.9116 ] tegrahost_v2 --chip 0x23 0 --magicid BPMF --ratchet_blob ratchet_blob.bin --appendsigheader bpmp_t234-TE950M-A1_prod_aligned.bin zerosbk
20:15:27.279 - Info: [   5.9120 ] Header already present for bpmp_t234-TE950M-A1_prod_aligned.bin
20:15:27.293 - Info: [   5.9262 ] tegrasign_v3.py --key None --list bpmp_t234-TE950M-A1_prod_aligned_sigheader.bin_list.xml --sha sha512
20:15:27.293 - Info: [   5.9263 ] Assuming zero filled SBK key
20:15:27.305 - Info: [   5.9331 ] tegrahost_v2 --chip 0x23 0 --updatesigheader bpmp_t234-TE950M-A1_prod_aligned_sigheader.bin.encrypt bpmp_t234-TE950M-A1_prod_aligned_sigheader.bin.hash zerosbk
20:15:27.305 - Info: [   5.9388 ] Using bpmp-dtb concatenated with odmdata
20:15:27.305 - Info: [   5.9388 ] Get magic id
20:15:27.305 - Info: [   5.9396 ] tegraparser_v2 --get_magic bpmp_fw_dtb
20:15:27.305 - Info: [   5.9400 ] BPMD
20:15:27.308 - Info: [   5.9406 ] partition type bpmp_fw_dtb, magic id = BPMD
20:15:27.308 - Info: [   5.9416 ] tegrahost_v2 --chip 0x23 0 --align tegra234-bpmp-3767-0003-3768-super_with_odm_aligned.dtb
20:15:27.308 - Info: [   5.9424 ] tegrahost_v2 --chip 0x23 0 --magicid BPMD --ratchet_blob ratchet_blob.bin --appendsigheader tegra234-bpmp-3767-0003-3768-super_with_odm_aligned.dtb zerosbk
20:15:27.308 - Info: [   5.9435 ] adding BCH for tegra234-bpmp-3767-0003-3768-super_with_odm_aligned.dtb
20:15:27.320 - Info: [   5.9542 ] tegrasign_v3.py --key None --list tegra234-bpmp-3767-0003-3768-super_with_odm_aligned_sigheader.dtb_list.xml --sha sha512
20:15:27.320 - Info: [   5.9543 ] Assuming zero filled SBK key
20:15:27.324 - Info: [   5.9569 ] tegrahost_v2 --chip 0x23 0 --updatesigheader tegra234-bpmp-3767-0003-3768-super_with_odm_aligned_sigheader.dtb.encrypt tegra234-bpmp-3767-0003-3768-super_with_odm_aligned_sigheader.dtb.hash zerosbk
20:15:27.324 - Info: [   5.9588 ] Get magic id
20:15:27.324 - Info: [   5.9591 ] tegraparser_v2 --get_magic rce_fw
20:15:27.325 - Info: [   5.9594 ] RCEF
20:15:27.329 - Info: [   5.9598 ] partition type rce_fw, magic id = RCEF
20:15:27.329 - Info: [   5.9612 ] tegrahost_v2 --chip 0x23 0 --align camera-rtcpu-t234-rce_aligned.img
20:15:27.329 - Info: [   5.9633 ] tegrahost_v2 --chip 0x23 0 --magicid RCEF --ratchet_blob ratchet_blob.bin --appendsigheader camera-rtcpu-t234-rce_aligned.img zerosbk
20:15:27.329 - Info: [   5.9642 ] adding BCH for camera-rtcpu-t234-rce_aligned.img
20:15:27.347 - Info: [   5.9809 ] tegrasign_v3.py --key None --list camera-rtcpu-t234-rce_aligned_sigheader.img_list.xml --sha sha512
20:15:27.347 - Info: [   5.9810 ] Assuming zero filled SBK key
20:15:27.356 - Info: [   5.9836 ] tegrahost_v2 --chip 0x23 0 --updatesigheader camera-rtcpu-t234-rce_aligned_sigheader.img.encrypt camera-rtcpu-t234-rce_aligned_sigheader.img.hash zerosbk
20:15:27.356 - Info: [   5.9898 ] Get magic id
20:15:27.356 - Info: [   5.9906 ] tegraparser_v2 --get_magic ape_fw
20:15:27.356 - Info: [   5.9910 ] APEF
20:15:27.359 - Info: [   5.9912 ] partition type ape_fw, magic id = APEF
20:15:27.359 - Info: [   5.9929 ] tegrahost_v2 --chip 0x23 0 --align adsp-fw_aligned.bin
20:15:27.359 - Info: [   5.9943 ] tegrahost_v2 --chip 0x23 0 --magicid APEF --ratchet_blob ratchet_blob.bin --appendsigheader adsp-fw_aligned.bin zerosbk
20:15:27.360 - Info: [   5.9947 ] adding BCH for adsp-fw_aligned.bin
20:15:27.373 - Info: [   6.0071 ] tegrasign_v3.py --key None --list adsp-fw_aligned_sigheader.bin_list.xml --sha sha512
20:15:27.373 - Info: [   6.0073 ] Assuming zero filled SBK key
20:15:27.380 - Info: [   6.0103 ] tegrahost_v2 --chip 0x23 0 --updatesigheader adsp-fw_aligned_sigheader.bin.encrypt adsp-fw_aligned_sigheader.bin.hash zerosbk
20:15:27.380 - Info: [   6.0132 ] Get magic id
20:15:27.380 - Info: [   6.0140 ] tegraparser_v2 --get_magic spe_fw
20:15:27.380 - Info: [   6.0144 ] SPEF
20:15:27.383 - Info: [   6.0157 ] partition type spe_fw, magic id = SPEF
20:15:27.383 - Info: [   6.0174 ] tegrahost_v2 --chip 0x23 0 --align spe_t234_aligned.bin
20:15:27.383 - Info: [   6.0181 ] tegrahost_v2 --chip 0x23 0 --magicid SPEF --ratchet_blob ratchet_blob.bin --appendsigheader spe_t234_aligned.bin zerosbk
20:15:27.385 - Info: [   6.0183 ] adding BCH for spe_t234_aligned.bin
20:15:27.393 - Info: [   6.0281 ] tegrasign_v3.py --key None --list spe_t234_aligned_sigheader.bin_list.xml --sha sha512
20:15:27.393 - Info: [   6.0282 ] Assuming zero filled SBK key
20:15:27.399 - Info: [   6.0306 ] tegrahost_v2 --chip 0x23 0 --updatesigheader spe_t234_aligned_sigheader.bin.encrypt spe_t234_aligned_sigheader.bin.hash zerosbk
20:15:27.399 - Info: [   6.0339 ] Get magic id
20:15:27.399 - Info: [   6.0343 ] tegraparser_v2 --get_magic tos
20:15:27.400 - Info: [   6.0345 ] TOSB
20:15:27.407 - Info: [   6.0356 ] partition type tos, magic id = TOSB
20:15:27.407 - Info: [   6.0386 ] tegrahost_v2 --chip 0x23 0 --align tos-optee_t234_aligned.img
20:15:27.407 - Info: [   6.0412 ] tegrahost_v2 --chip 0x23 0 --magicid TOSB --ratchet_blob ratchet_blob.bin --appendsigheader tos-optee_t234_aligned.img zerosbk
20:15:27.407 - Info: [   6.0418 ] adding BCH for tos-optee_t234_aligned.img
20:15:27.452 - Info: [   6.0841 ] tegrasign_v3.py --key None --list tos-optee_t234_aligned_sigheader.img_list.xml --sha sha512
20:15:27.452 - Info: [   6.0842 ] Assuming zero filled SBK key
20:15:27.464 - Info: [   6.0915 ] tegrahost_v2 --chip 0x23 0 --updatesigheader tos-optee_t234_aligned_sigheader.img.encrypt tos-optee_t234_aligned_sigheader.img.hash zerosbk
20:15:27.464 - Info: [   6.0981 ] Get magic id
20:15:27.464 - Info: [   6.0989 ] tegraparser_v2 --get_magic eks
20:15:27.464 - Info: [   6.0992 ] EKSB
20:15:27.467 - Info: [   6.0998 ] partition type eks, magic id = EKSB
20:15:27.467 - Info: [   6.1003 ] tegrahost_v2 --chip 0x23 0 --align eks_t234_aligned.img
20:15:27.467 - Info: [   6.1018 ] tegrahost_v2 --chip 0x23 0 --magicid EKSB --ratchet_blob ratchet_blob.bin --appendsigheader eks_t234_aligned.img zerosbk
20:15:27.468 - Info: [   6.1030 ] adding BCH for eks_t234_aligned.img
20:15:27.469 - Info: [   6.1042 ] tegrasign_v3.py --key None --list eks_t234_aligned_sigheader.img_list.xml --sha sha512
20:15:27.469 - Info: [   6.1043 ] Assuming zero filled SBK key
20:15:27.480 - Info: [   6.1057 ] tegrahost_v2 --chip 0x23 0 --updatesigheader eks_t234_aligned_sigheader.img.encrypt eks_t234_aligned_sigheader.img.hash zerosbk
20:15:27.480 - Info: [   6.1121 ] tegrahost_v2 --chip 0x23 0 --align uefi_t23x_general_with_dtb_aligned.bin
20:15:27.480 - Info: [   6.1130 ] tegrahost_v2 --chip 0x23 0 --magicid CPBL --ratchet_blob ratchet_blob.bin --appendsigheader uefi_t23x_general_with_dtb_aligned.bin zerosbk
20:15:27.481 - Info: [   6.1133 ] adding BCH for uefi_t23x_general_with_dtb_aligned.bin
20:15:27.558 - Info: [   6.1910 ] tegrasign_v3.py --key None --list uefi_t23x_general_with_dtb_aligned_sigheader.bin_list.xml --sha sha512
20:15:27.558 - Info: [   6.1912 ] Assuming zero filled SBK key
20:15:27.871 - Info: [   6.2004 ] tegrahost_v2 --chip 0x23 0 --updatesigheader uefi_t23x_general_with_dtb_aligned_sigheader.bin.encrypt uefi_t23x_general_with_dtb_aligned_sigheader.bin.hash zerosbk
20:15:27.871 - Info: [   6.2106 ] Copying enc/signed file in /home/ckw/nvidia/nvidia_sdk/JetPack_7.2_Linux_JETSON_ORIN_NANO_TARGETS/Linux_for_Tegra/bootloader/signed
20:15:27.871 - Info: [   6.2406 ] Copying br bct for multi chains
20:15:27.871 - Info: [   6.2407 ] Signed BCT for boot chain A is copied to /home/ckw/nvidia/nvidia_sdk/JetPack_7.2_Linux_JETSON_ORIN_NANO_TARGETS/Linux_for_Tegra/bootloader/signed/br_bct_BR.bct
20:15:27.871 - Info: 
20:15:27.871 - Info: [   6.2408 ] Signed BCT for boot chain B is copied to /home/ckw/nvidia/nvidia_sdk/JetPack_7.2_Linux_JETSON_ORIN_NANO_TARGETS/Linux_for_Tegra/bootloader/signed/br_bct_b_BR.bct
20:15:27.871 - Info: 
20:15:27.871 - Info: [   6.2408 ] Copying BCT backup image bct_backup.img to /home/ckw/nvidia/nvidia_sdk/JetPack_7.2_Linux_JETSON_ORIN_NANO_TARGETS/Linux_for_Tegra/bootloader/signed/bct_backup.img
20:15:27.871 - Info: [   6.2442 ] Copying pscfw_t234_prod_sigheader.bin.encrypt to /home/ckw/nvidia/nvidia_sdk/JetPack_7.2_Linux_JETSON_ORIN_NANO_TARGETS/Linux_for_Tegra/bootloader/signed
20:15:27.871 - Info: [   6.2450 ] Signed file: /home/ckw/nvidia/nvidia_sdk/JetPack_7.2_Linux_JETSON_ORIN_NANO_TARGETS/Linux_for_Tegra/bootloader/signed/pscfw_t234_prod_sigheader.bin.encrypt
20:15:27.871 - Info: [   6.2451 ] Copying mce_flash_o10_cr_prod_sigheader.bin.encrypt to /home/ckw/nvidia/nvidia_sdk/JetPack_7.2_Linux_JETSON_ORIN_NANO_TARGETS/Linux_for_Tegra/bootloader/signed
20:15:27.871 - Info: [   6.2457 ] Signed file: /home/ckw/nvidia/nvidia_sdk/JetPack_7.2_Linux_JETSON_ORIN_NANO_TARGETS/Linux_for_Tegra/bootloader/signed/mce_flash_o10_cr_prod_sigheader.bin.encrypt
20:15:27.871 - Info: [   6.2457 ] Copying tsec_t234_sigheader.bin.encrypt to /home/ckw/nvidia/nvidia_sdk/JetPack_7.2_Linux_JETSON_ORIN_NANO_TARGETS/Linux_for_Tegra/bootloader/signed
20:15:27.871 - Info: [   6.2463 ] Signed file: /home/ckw/nvidia/nvidia_sdk/JetPack_7.2_Linux_JETSON_ORIN_NANO_TARGETS/Linux_for_Tegra/bootloader/signed/tsec_t234_sigheader.bin.encrypt
20:15:27.871 - Info: [   6.2463 ] Copying applet_t234_sigheader.bin.encrypt to /home/ckw/nvidia/nvidia_sdk/JetPack_7.2_Linux_JETSON_ORIN_NANO_TARGETS/Linux_for_Tegra/bootloader/signed
20:15:27.871 - Info: [   6.2465 ] Signed file: /home/ckw/nvidia/nvidia_sdk/JetPack_7.2_Linux_JETSON_ORIN_NANO_TARGETS/Linux_for_Tegra/bootloader/signed/applet_t234_sigheader.bin.encrypt
20:15:27.871 - Info: [   6.2466 ] Copying mb2_t234_with_mb2_bct_MB2_sigheader.bin.encrypt to /home/ckw/nvidia/nvidia_sdk/JetPack_7.2_Linux_JETSON_ORIN_NANO_TARGETS/Linux_for_Tegra/bootloader/signed
20:15:27.871 - Info: [   6.2468 ] Signed file: /home/ckw/nvidia/nvidia_sdk/JetPack_7.2_Linux_JETSON_ORIN_NANO_TARGETS/Linux_for_Tegra/bootloader/signed/mb2_t234_with_mb2_bct_MB2_sigheader.bin.encrypt
20:15:27.871 - Info: [   6.2468 ] Copying xusb_t234_prod_sigheader.bin.encrypt to /home/ckw/nvidia/nvidia_sdk/JetPack_7.2_Linux_JETSON_ORIN_NANO_TARGETS/Linux_for_Tegra/bootloader/signed
20:15:27.871 - Info: [   6.2471 ] Signed file: /home/ckw/nvidia/nvidia_sdk/JetPack_7.2_Linux_JETSON_ORIN_NANO_TARGETS/Linux_for_Tegra/bootloader/signed/xusb_t234_prod_sigheader.bin.encrypt
20:15:27.871 - Info: [   6.2471 ] Copying nvpva_020_sigheader.fw.encrypt to /home/ckw/nvidia/nvidia_sdk/JetPack_7.2_Linux_JETSON_ORIN_NANO_TARGETS/Linux_for_Tegra/bootloader/signed
20:15:27.871 - Info: [   6.2481 ] Signed file: /home/ckw/nvidia/nvidia_sdk/JetPack_7.2_Linux_JETSON_ORIN_NANO_TARGETS/Linux_for_Tegra/bootloader/signed/nvpva_020_sigheader.fw.encrypt
20:15:27.871 - Info: [   6.2481 ] Copying display-t234-dce_sigheader.bin.encrypt to /home/ckw/nvidia/nvidia_sdk/JetPack_7.2_Linux_JETSON_ORIN_NANO_TARGETS/Linux_for_Tegra/bootloader/signed
20:15:27.871 - Info: [   6.2512 ] Signed file: /home/ckw/nvidia/nvidia_sdk/JetPack_7.2_Linux_JETSON_ORIN_NANO_TARGETS/Linux_for_Tegra/bootloader/signed/display-t234-dce_sigheader.bin.encrypt
20:15:27.871 - Info: [   6.2513 ] Copying display-t234-dce_with_kernel_tegra234-p3768-0000+p3767-0005-nv-super_sigheader.bin.encrypt to /home/ckw/nvidia/nvidia_sdk/JetPack_7.2_Linux_JETSON_ORIN_NANO_TARGETS/Linux_for_Tegra/bootloader/signed
20:15:27.871 - Info: [   6.2552 ] Signed file: /home/ckw/nvidia/nvidia_sdk/JetPack_7.2_Linux_JETSON_ORIN_NANO_TARGETS/Linux_for_Tegra/bootloader/signed/display-t234-dce_with_kernel_tegra234-p3768-0000+p3767-0005-nv-super_sigheader.bin.encrypt
20:15:27.871 - Info: [   6.2552 ] Copying nvdec_t234_prod_sigheader.fw.encrypt to /home/ckw/nvidia/nvidia_sdk/JetPack_7.2_Linux_JETSON_ORIN_NANO_TARGETS/Linux_for_Tegra/bootloader/signed
20:15:27.871 - Info: [   6.2561 ] Signed file: /home/ckw/nvidia/nvidia_sdk/JetPack_7.2_Linux_JETSON_ORIN_NANO_TARGETS/Linux_for_Tegra/bootloader/signed/nvdec_t234_prod_sigheader.fw.encrypt
20:15:27.871 - Info: [   6.2561 ] Copying bpmp_t234-TE950M-A1_prod_sigheader.bin.encrypt to /home/ckw/nvidia/nvidia_sdk/JetPack_7.2_Linux_JETSON_ORIN_NANO_TARGETS/Linux_for_Tegra/bootloader/signed
20:15:27.871 - Info: [   6.2572 ] Signed file: /home/ckw/nvidia/nvidia_sdk/JetPack_7.2_Linux_JETSON_ORIN_NANO_TARGETS/Linux_for_Tegra/bootloader/signed/bpmp_t234-TE950M-A1_prod_sigheader.bin.encrypt
20:15:27.871 - Info: [   6.2573 ] Copying tegra234-bpmp-3767-0003-3768-super_with_odm_sigheader.dtb.encrypt to /home/ckw/nvidia/nvidia_sdk/JetPack_7.2_Linux_JETSON_ORIN_NANO_TARGETS/Linux_for_Tegra/bootloader/signed
20:15:27.871 - Info: [   6.2580 ] Signed file: /home/ckw/nvidia/nvidia_sdk/JetPack_7.2_Linux_JETSON_ORIN_NANO_TARGETS/Linux_for_Tegra/bootloader/signed/tegra234-bpmp-3767-0003-3768-super_with_odm_sigheader.dtb.encrypt
20:15:27.871 - Info: [   6.2581 ] Copying camera-rtcpu-t234-rce_sigheader.img.encrypt to /home/ckw/nvidia/nvidia_sdk/JetPack_7.2_Linux_JETSON_ORIN_NANO_TARGETS/Linux_for_Tegra/bootloader/signed
20:15:27.871 - Info: [   6.2589 ] Signed file: /home/ckw/nvidia/nvidia_sdk/JetPack_7.2_Linux_JETSON_ORIN_NANO_TARGETS/Linux_for_Tegra/bootloader/signed/camera-rtcpu-t234-rce_sigheader.img.encrypt
20:15:27.871 - Info: [   6.2589 ] Copying adsp-fw_sigheader.bin.encrypt to /home/ckw/nvidia/nvidia_sdk/JetPack_7.2_Linux_JETSON_ORIN_NANO_TARGETS/Linux_for_Tegra/bootloader/signed
20:15:27.871 - Info: [   6.2595 ] Signed file: /home/ckw/nvidia/nvidia_sdk/JetPack_7.2_Linux_JETSON_ORIN_NANO_TARGETS/Linux_for_Tegra/bootloader/signed/adsp-fw_sigheader.bin.encrypt
20:15:27.871 - Info: [   6.2595 ] Copying spe_t234_sigheader.bin.encrypt to /home/ckw/nvidia/nvidia_sdk/JetPack_7.2_Linux_JETSON_ORIN_NANO_TARGETS/Linux_for_Tegra/bootloader/signed
20:15:27.871 - Info: [   6.2612 ] Signed file: /home/ckw/nvidia/nvidia_sdk/JetPack_7.2_Linux_JETSON_ORIN_NANO_TARGETS/Linux_for_Tegra/bootloader/signed/spe_t234_sigheader.bin.encrypt
20:15:27.871 - Info: [   6.2612 ] Copying tos-optee_t234_sigheader.img.encrypt to /home/ckw/nvidia/nvidia_sdk/JetPack_7.2_Linux_JETSON_ORIN_NANO_TARGETS/Linux_for_Tegra/bootloader/signed
20:15:27.871 - Info: [   6.2631 ] Signed file: /home/ckw/nvidia/nvidia_sdk/JetPack_7.2_Linux_JETSON_ORIN_NANO_TARGETS/Linux_for_Tegra/bootloader/signed/tos-optee_t234_sigheader.img.encrypt
20:15:27.871 - Info: [   6.2631 ] Copying eks_t234_sigheader.img.encrypt to /home/ckw/nvidia/nvidia_sdk/JetPack_7.2_Linux_JETSON_ORIN_NANO_TARGETS/Linux_for_Tegra/bootloader/signed
20:15:27.871 - Info: [   6.2636 ] Signed file: /home/ckw/nvidia/nvidia_sdk/JetPack_7.2_Linux_JETSON_ORIN_NANO_TARGETS/Linux_for_Tegra/bootloader/signed/eks_t234_sigheader.img.encrypt
20:15:27.871 - Info: [   6.2636 ] Copying uefi_t23x_general_with_dtb_sigheader.bin.encrypt to /home/ckw/nvidia/nvidia_sdk/JetPack_7.2_Linux_JETSON_ORIN_NANO_TARGETS/Linux_for_Tegra/bootloader/signed
20:15:27.871 - Info: [   6.2645 ] Signed file: /home/ckw/nvidia/nvidia_sdk/JetPack_7.2_Linux_JETSON_ORIN_NANO_TARGETS/Linux_for_Tegra/bootloader/signed/uefi_t23x_general_with_dtb_sigheader.bin.encrypt
20:15:27.871 - Info: [   6.2664 ] tegraparser_v2 --pt flash.xml.bin --generateflashindex /home/ckw/nvidia/nvidia_sdk/JetPack_7.2_Linux_JETSON_ORIN_NANO_TARGETS/Linux_for_Tegra/bootloader/signed/flash.xml.tmp flash.idx
20:15:27.979 - Info: Using bpmp-dtb concatenated with odmdata in blob for t23x
20:15:28.012 - Info: ./tegraflash.py --bl uefi_t23x_general_with_dtb_sigheader.bin.encrypt --bct br_bct_BR.bct --bldtb tegra234-p3768-0000+p3767-0005-nv-super.dtb --applet rcm_2_encrypt.rcm --applet_softfuse rcm_1_encrypt.rcm --cmd "secureflash;reboot"  --cfg secureflash.xml --chip 0x23 --mb1_bct mb1_bct_MB1_sigheader.bct.encrypt --mem_bct mem_rcm_sigheader.bct.encrypt --mb1_cold_boot_bct mb1_cold_boot_bct_MB1_sigheader.bct.encrypt --mb1_bin mb1_t234_prod_aligned_sigheader.bin.encrypt --psc_bl1_bin psc_bl1_t234_prod_aligned_sigheader.bin.encrypt --mem_bct_cold_boot mem_coldboot_sigheader.bct.encrypt  --bins "psc_fw pscfw_t234_prod_sigheader.bin.encrypt; mts_mce mce_flash_o10_cr_prod_sigheader.bin.encrypt; tsec_fw tsec_t234_sigheader.bin.encrypt; mb2_applet applet_t234_sigheader.bin.encrypt; mb2_bootloader mb2_t234_with_mb2_bct_MB2_sigheader.bin.encrypt; xusb_fw xusb_t234_prod_sigheader.bin.encrypt; pva_fw nvpva_020_sigheader.fw.encrypt; dce_fw display-t234-dce_sigheader.bin.encrypt; nvdec nvdec_t234_prod_sigheader.fw.encrypt; bpmp_fw bpmp_t234-TE950M-A1_prod_sigheader.bin.encrypt; bpmp_fw_dtb tegra234-bpmp-3767-0003-3768-super_with_odm_sigheader.dtb.encrypt; rce_fw camera-rtcpu-t234-rce_sigheader.img.encrypt; ape_fw adsp-fw_sigheader.bin.encrypt; spe_fw spe_t234_sigheader.bin.encrypt; tos tos-optee_t234_sigheader.img.encrypt; eks eks_t234_sigheader.img.encrypt"    --bct_backup 
20:15:28.012 - Info: saving flash command in flashcmd.txt
20:15:28.016 - Info: 
20:15:28.016 - Info: *** no-flash flag enabled. Exiting now... *** 
20:15:28.016 - Info: 
20:15:28.016 - Info: User can run above saved command in factory environment without 
20:15:28.016 - Info: providing pkc and sbk keys to flash a device
20:15:28.016 - Info: 
20:15:28.016 - Info: Example:
20:15:28.016 - Info: 
20:15:28.017 - Info:     $ cd bootloader 
20:15:28.017 - Info:     $ sudo bash ./flashcmd.txt
20:15:28.017 - Info: 
20:15:28.021 - Info: '/home/ckw/nvidia/nvidia_sdk/JetPack_7.2_Linux_JETSON_ORIN_NANO_TARGETS/Linux_for_Tegra/bootloader/signed/flash.idx' -> '/home/ckw/nvidia/nvidia_sdk/JetPack_7.2_Linux_JETSON_ORIN_NANO_TARGETS/Linux_for_Tegra/tools/kernel_flash/images/internal/flash.idx'
20:15:28.022 - Info: Flash index file is /home/ckw/nvidia/nvidia_sdk/JetPack_7.2_Linux_JETSON_ORIN_NANO_TARGETS/Linux_for_Tegra/bootloader/signed/flash.idx
20:15:28.022 - Info: Number of lines is 61
20:15:28.022 - Info: max_index=60
20:15:28.040 - Info: Copying /home/ckw/nvidia/nvidia_sdk/JetPack_7.2_Linux_JETSON_ORIN_NANO_TARGETS/Linux_for_Tegra/bootloader/signed/br_bct_BR.bct  /home/ckw/nvidia/nvidia_sdk/JetPack_7.2_Linux_JETSON_ORIN_NANO_TARGETS/Linux_for_Tegra/tools/kernel_flash/images/internal/br_bct_BR.bct
20:15:28.046 - Info: '/home/ckw/nvidia/nvidia_sdk/JetPack_7.2_Linux_JETSON_ORIN_NANO_TARGETS/Linux_for_Tegra/bootloader/signed/br_bct_BR.bct' -> '/home/ckw/nvidia/nvidia_sdk/JetPack_7.2_Linux_JETSON_ORIN_NANO_TARGETS/Linux_for_Tegra/tools/kernel_flash/images/internal/br_bct_BR.bct'
20:15:28.064 - Info: Copying /home/ckw/nvidia/nvidia_sdk/JetPack_7.2_Linux_JETSON_ORIN_NANO_TARGETS/Linux_for_Tegra/bootloader/signed/mb1_t234_prod_aligned_sigheader.bin.encrypt  /home/ckw/nvidia/nvidia_sdk/JetPack_7.2_Linux_JETSON_ORIN_NANO_TARGETS/Linux_for_Tegra/tools/kernel_flash/images/internal/mb1_t234_prod_aligned_sigheader.bin.encrypt
20:15:28.068 - Info: '/home/ckw/nvidia/nvidia_sdk/JetPack_7.2_Linux_JETSON_ORIN_NANO_TARGETS/Linux_for_Tegra/bootloader/signed/mb1_t234_prod_aligned_sigheader.bin.encrypt' -> '/home/ckw/nvidia/nvidia_sdk/JetPack_7.2_Linux_JETSON_ORIN_NANO_TARGETS/Linux_for_Tegra/tools/kernel_flash/images/internal/mb1_t234_prod_aligned_sigheader.bin.encrypt'
20:15:28.086 - Info: Copying /home/ckw/nvidia/nvidia_sdk/JetPack_7.2_Linux_JETSON_ORIN_NANO_TARGETS/Linux_for_Tegra/bootloader/signed/psc_bl1_t234_prod_aligned_sigheader.bin.encrypt  /home/ckw/nvidia/nvidia_sdk/JetPack_7.2_Linux_JETSON_ORIN_NANO_TARGETS/Linux_for_Tegra/tools/kernel_flash/images/internal/psc_bl1_t234_prod_aligned_sigheader.bin.encrypt
20:15:28.092 - Info: '/home/ckw/nvidia/nvidia_sdk/JetPack_7.2_Linux_JETSON_ORIN_NANO_TARGETS/Linux_for_Tegra/bootloader/signed/psc_bl1_t234_prod_aligned_sigheader.bin.encrypt' -> '/home/ckw/nvidia/nvidia_sdk/JetPack_7.2_Linux_JETSON_ORIN_NANO_TARGETS/Linux_for_Tegra/tools/kernel_flash/images/internal/psc_bl1_t234_prod_aligned_sigheader.bin.encrypt'
20:15:28.113 - Info: Copying /home/ckw/nvidia/nvidia_sdk/JetPack_7.2_Linux_JETSON_ORIN_NANO_TARGETS/Linux_for_Tegra/bootloader/signed/mb1_cold_boot_bct_MB1_sigheader.bct.encrypt  /home/ckw/nvidia/nvidia_sdk/JetPack_7.2_Linux_JETSON_ORIN_NANO_TARGETS/Linux_for_Tegra/tools/kernel_flash/images/internal/mb1_cold_boot_bct_MB1_sigheader.bct.encrypt
20:15:28.116 - Info: '/home/ckw/nvidia/nvidia_sdk/JetPack_7.2_Linux_JETSON_ORIN_NANO_TARGETS/Linux_for_Tegra/bootloader/signed/mb1_cold_boot_bct_MB1_sigheader.bct.encrypt' -> '/home/ckw/nvidia/nvidia_sdk/JetPack_7.2_Linux_JETSON_ORIN_NANO_TARGETS/Linux_for_Tegra/tools/kernel_flash/images/internal/mb1_cold_boot_bct_MB1_sigheader.bct.encrypt'
20:15:28.136 - Info: Copying /home/ckw/nvidia/nvidia_sdk/JetPack_7.2_Linux_JETSON_ORIN_NANO_TARGETS/Linux_for_Tegra/bootloader/signed/mem_coldboot_sigheader.bct.encrypt  /home/ckw/nvidia/nvidia_sdk/JetPack_7.2_Linux_JETSON_ORIN_NANO_TARGETS/Linux_for_Tegra/tools/kernel_flash/images/internal/mem_coldboot_sigheader.bct.encrypt
20:15:28.142 - Info: '/home/ckw/nvidia/nvidia_sdk/JetPack_7.2_Linux_JETSON_ORIN_NANO_TARGETS/Linux_for_Tegra/bootloader/signed/mem_coldboot_sigheader.bct.encrypt' -> '/home/ckw/nvidia/nvidia_sdk/JetPack_7.2_Linux_JETSON_ORIN_NANO_TARGETS/Linux_for_Tegra/tools/kernel_flash/images/internal/mem_coldboot_sigheader.bct.encrypt'
20:15:28.160 - Info: Copying /home/ckw/nvidia/nvidia_sdk/JetPack_7.2_Linux_JETSON_ORIN_NANO_TARGETS/Linux_for_Tegra/bootloader/signed/tsec_t234_sigheader.bin.encrypt  /home/ckw/nvidia/nvidia_sdk/JetPack_7.2_Linux_JETSON_ORIN_NANO_TARGETS/Linux_for_Tegra/tools/kernel_flash/images/internal/tsec_t234_sigheader.bin.encrypt
20:15:28.165 - Info: '/home/ckw/nvidia/nvidia_sdk/JetPack_7.2_Linux_JETSON_ORIN_NANO_TARGETS/Linux_for_Tegra/bootloader/signed/tsec_t234_sigheader.bin.encrypt' -> '/home/ckw/nvidia/nvidia_sdk/JetPack_7.2_Linux_JETSON_ORIN_NANO_TARGETS/Linux_for_Tegra/tools/kernel_flash/images/internal/tsec_t234_sigheader.bin.encrypt'
20:15:28.186 - Info: Copying /home/ckw/nvidia/nvidia_sdk/JetPack_7.2_Linux_JETSON_ORIN_NANO_TARGETS/Linux_for_Tegra/bootloader/signed/nvdec_t234_prod_sigheader.fw.encrypt  /home/ckw/nvidia/nvidia_sdk/JetPack_7.2_Linux_JETSON_ORIN_NANO_TARGETS/Linux_for_Tegra/tools/kernel_flash/images/internal/nvdec_t234_prod_sigheader.fw.encrypt
20:15:28.190 - Info: '/home/ckw/nvidia/nvidia_sdk/JetPack_7.2_Linux_JETSON_ORIN_NANO_TARGETS/Linux_for_Tegra/bootloader/signed/nvdec_t234_prod_sigheader.fw.encrypt' -> '/home/ckw/nvidia/nvidia_sdk/JetPack_7.2_Linux_JETSON_ORIN_NANO_TARGETS/Linux_for_Tegra/tools/kernel_flash/images/internal/nvdec_t234_prod_sigheader.fw.encrypt'
20:15:28.208 - Info: Copying /home/ckw/nvidia/nvidia_sdk/JetPack_7.2_Linux_JETSON_ORIN_NANO_TARGETS/Linux_for_Tegra/bootloader/signed/mb2_t234_with_mb2_cold_boot_bct_MB2_sigheader.bin.encrypt  /home/ckw/nvidia/nvidia_sdk/JetPack_7.2_Linux_JETSON_ORIN_NANO_TARGETS/Linux_for_Tegra/tools/kernel_flash/images/internal/mb2_t234_with_mb2_cold_boot_bct_MB2_sigheader.bin.encrypt
20:15:28.212 - Info: '/home/ckw/nvidia/nvidia_sdk/JetPack_7.2_Linux_JETSON_ORIN_NANO_TARGETS/Linux_for_Tegra/bootloader/signed/mb2_t234_with_mb2_cold_boot_bct_MB2_sigheader.bin.encrypt' -> '/home/ckw/nvidia/nvidia_sdk/JetPack_7.2_Linux_JETSON_ORIN_NANO_TARGETS/Linux_for_Tegra/tools/kernel_flash/images/internal/mb2_t234_with_mb2_cold_boot_bct_MB2_sigheader.bin.encrypt'
20:15:28.231 - Info: Copying /home/ckw/nvidia/nvidia_sdk/JetPack_7.2_Linux_JETSON_ORIN_NANO_TARGETS/Linux_for_Tegra/bootloader/signed/xusb_t234_prod_sigheader.bin.encrypt  /home/ckw/nvidia/nvidia_sdk/JetPack_7.2_Linux_JETSON_ORIN_NANO_TARGETS/Linux_for_Tegra/tools/kernel_flash/images/internal/xusb_t234_prod_sigheader.bin.encrypt
20:15:28.234 - Info: '/home/ckw/nvidia/nvidia_sdk/JetPack_7.2_Linux_JETSON_ORIN_NANO_TARGETS/Linux_for_Tegra/bootloader/signed/xusb_t234_prod_sigheader.bin.encrypt' -> '/home/ckw/nvidia/nvidia_sdk/JetPack_7.2_Linux_JETSON_ORIN_NANO_TARGETS/Linux_for_Tegra/tools/kernel_flash/images/internal/xusb_t234_prod_sigheader.bin.encrypt'
20:15:28.251 - Info: Copying /home/ckw/nvidia/nvidia_sdk/JetPack_7.2_Linux_JETSON_ORIN_NANO_TARGETS/Linux_for_Tegra/bootloader/signed/bpmp_t234-TE950M-A1_prod_sigheader.bin.encrypt  /home/ckw/nvidia/nvidia_sdk/JetPack_7.2_Linux_JETSON_ORIN_NANO_TARGETS/Linux_for_Tegra/tools/kernel_flash/images/internal/bpmp_t234-TE950M-A1_prod_sigheader.bin.encrypt
20:15:28.255 - Info: '/home/ckw/nvidia/nvidia_sdk/JetPack_7.2_Linux_JETSON_ORIN_NANO_TARGETS/Linux_for_Tegra/bootloader/signed/bpmp_t234-TE950M-A1_prod_sigheader.bin.encrypt' -> '/home/ckw/nvidia/nvidia_sdk/JetPack_7.2_Linux_JETSON_ORIN_NANO_TARGETS/Linux_for_Tegra/tools/kernel_flash/images/internal/bpmp_t234-TE950M-A1_prod_sigheader.bin.encrypt'
20:15:28.274 - Info: Copying /home/ckw/nvidia/nvidia_sdk/JetPack_7.2_Linux_JETSON_ORIN_NANO_TARGETS/Linux_for_Tegra/bootloader/signed/tegra234-bpmp-3767-0003-3768-super_with_odm_sigheader.dtb.encrypt  /home/ckw/nvidia/nvidia_sdk/JetPack_7.2_Linux_JETSON_ORIN_NANO_TARGETS/Linux_for_Tegra/tools/kernel_flash/images/internal/tegra234-bpmp-3767-0003-3768-super_with_odm_sigheader.dtb.encrypt
20:15:28.280 - Info: '/home/ckw/nvidia/nvidia_sdk/JetPack_7.2_Linux_JETSON_ORIN_NANO_TARGETS/Linux_for_Tegra/bootloader/signed/tegra234-bpmp-3767-0003-3768-super_with_odm_sigheader.dtb.encrypt' -> '/home/ckw/nvidia/nvidia_sdk/JetPack_7.2_Linux_JETSON_ORIN_NANO_TARGETS/Linux_for_Tegra/tools/kernel_flash/images/internal/tegra234-bpmp-3767-0003-3768-super_with_odm_sigheader.dtb.encrypt'
20:15:28.299 - Info: Copying /home/ckw/nvidia/nvidia_sdk/JetPack_7.2_Linux_JETSON_ORIN_NANO_TARGETS/Linux_for_Tegra/bootloader/signed/pscfw_t234_prod_sigheader.bin.encrypt  /home/ckw/nvidia/nvidia_sdk/JetPack_7.2_Linux_JETSON_ORIN_NANO_TARGETS/Linux_for_Tegra/tools/kernel_flash/images/internal/pscfw_t234_prod_sigheader.bin.encrypt
20:15:28.303 - Info: '/home/ckw/nvidia/nvidia_sdk/JetPack_7.2_Linux_JETSON_ORIN_NANO_TARGETS/Linux_for_Tegra/bootloader/signed/pscfw_t234_prod_sigheader.bin.encrypt' -> '/home/ckw/nvidia/nvidia_sdk/JetPack_7.2_Linux_JETSON_ORIN_NANO_TARGETS/Linux_for_Tegra/tools/kernel_flash/images/internal/pscfw_t234_prod_sigheader.bin.encrypt'
20:15:28.321 - Info: Copying /home/ckw/nvidia/nvidia_sdk/JetPack_7.2_Linux_JETSON_ORIN_NANO_TARGETS/Linux_for_Tegra/bootloader/signed/mce_flash_o10_cr_prod_sigheader.bin.encrypt  /home/ckw/nvidia/nvidia_sdk/JetPack_7.2_Linux_JETSON_ORIN_NANO_TARGETS/Linux_for_Tegra/tools/kernel_flash/images/internal/mce_flash_o10_cr_prod_sigheader.bin.encrypt
20:15:28.325 - Info: '/home/ckw/nvidia/nvidia_sdk/JetPack_7.2_Linux_JETSON_ORIN_NANO_TARGETS/Linux_for_Tegra/bootloader/signed/mce_flash_o10_cr_prod_sigheader.bin.encrypt' -> '/home/ckw/nvidia/nvidia_sdk/JetPack_7.2_Linux_JETSON_ORIN_NANO_TARGETS/Linux_for_Tegra/tools/kernel_flash/images/internal/mce_flash_o10_cr_prod_sigheader.bin.encrypt'
20:15:28.348 - Info: Copying /home/ckw/nvidia/nvidia_sdk/JetPack_7.2_Linux_JETSON_ORIN_NANO_TARGETS/Linux_for_Tegra/bootloader/signed/sc7_t234_prod_sigheader.bin.encrypt  /home/ckw/nvidia/nvidia_sdk/JetPack_7.2_Linux_JETSON_ORIN_NANO_TARGETS/Linux_for_Tegra/tools/kernel_flash/images/internal/sc7_t234_prod_sigheader.bin.encrypt
20:15:28.352 - Info: '/home/ckw/nvidia/nvidia_sdk/JetPack_7.2_Linux_JETSON_ORIN_NANO_TARGETS/Linux_for_Tegra/bootloader/signed/sc7_t234_prod_sigheader.bin.encrypt' -> '/home/ckw/nvidia/nvidia_sdk/JetPack_7.2_Linux_JETSON_ORIN_NANO_TARGETS/Linux_for_Tegra/tools/kernel_flash/images/internal/sc7_t234_prod_sigheader.bin.encrypt'
20:15:28.378 - Info: Copying /home/ckw/nvidia/nvidia_sdk/JetPack_7.2_Linux_JETSON_ORIN_NANO_TARGETS/Linux_for_Tegra/bootloader/signed/psc_rf_t234_prod_sigheader.bin.encrypt  /home/ckw/nvidia/nvidia_sdk/JetPack_7.2_Linux_JETSON_ORIN_NANO_TARGETS/Linux_for_Tegra/tools/kernel_flash/images/internal/psc_rf_t234_prod_sigheader.bin.encrypt
20:15:28.383 - Info: '/home/ckw/nvidia/nvidia_sdk/JetPack_7.2_Linux_JETSON_ORIN_NANO_TARGETS/Linux_for_Tegra/bootloader/signed/psc_rf_t234_prod_sigheader.bin.encrypt' -> '/home/ckw/nvidia/nvidia_sdk/JetPack_7.2_Linux_JETSON_ORIN_NANO_TARGETS/Linux_for_Tegra/tools/kernel_flash/images/internal/psc_rf_t234_prod_sigheader.bin.encrypt'
20:15:28.403 - Info: Copying /home/ckw/nvidia/nvidia_sdk/JetPack_7.2_Linux_JETSON_ORIN_NANO_TARGETS/Linux_for_Tegra/bootloader/signed/mb2rf_t234_sigheader.bin.encrypt  /home/ckw/nvidia/nvidia_sdk/JetPack_7.2_Linux_JETSON_ORIN_NANO_TARGETS/Linux_for_Tegra/tools/kernel_flash/images/internal/mb2rf_t234_sigheader.bin.encrypt
20:15:28.408 - Info: '/home/ckw/nvidia/nvidia_sdk/JetPack_7.2_Linux_JETSON_ORIN_NANO_TARGETS/Linux_for_Tegra/bootloader/signed/mb2rf_t234_sigheader.bin.encrypt' -> '/home/ckw/nvidia/nvidia_sdk/JetPack_7.2_Linux_JETSON_ORIN_NANO_TARGETS/Linux_for_Tegra/tools/kernel_flash/images/internal/mb2rf_t234_sigheader.bin.encrypt'
20:15:28.426 - Info: Copying /home/ckw/nvidia/nvidia_sdk/JetPack_7.2_Linux_JETSON_ORIN_NANO_TARGETS/Linux_for_Tegra/bootloader/signed/uefi_t23x_general_with_dtb_aligned_blob_w_bin_sigheader.bin.encrypt  /home/ckw/nvidia/nvidia_sdk/JetPack_7.2_Linux_JETSON_ORIN_NANO_TARGETS/Linux_for_Tegra/tools/kernel_flash/images/internal/uefi_t23x_general_with_dtb_aligned_blob_w_bin_sigheader.bin.encrypt
20:15:28.432 - Info: '/home/ckw/nvidia/nvidia_sdk/JetPack_7.2_Linux_JETSON_ORIN_NANO_TARGETS/Linux_for_Tegra/bootloader/signed/uefi_t23x_general_with_dtb_aligned_blob_w_bin_sigheader.bin.encrypt' -> '/home/ckw/nvidia/nvidia_sdk/JetPack_7.2_Linux_JETSON_ORIN_NANO_TARGETS/Linux_for_Tegra/tools/kernel_flash/images/internal/uefi_t23x_general_with_dtb_aligned_blob_w_bin_sigheader.bin.encrypt'
20:15:28.451 - Info: Copying /home/ckw/nvidia/nvidia_sdk/JetPack_7.2_Linux_JETSON_ORIN_NANO_TARGETS/Linux_for_Tegra/bootloader/signed/tos-optee_t234_sigheader.img.encrypt  /home/ckw/nvidia/nvidia_sdk/JetPack_7.2_Linux_JETSON_ORIN_NANO_TARGETS/Linux_for_Tegra/tools/kernel_flash/images/internal/tos-optee_t234_sigheader.img.encrypt
20:15:28.455 - Info: '/home/ckw/nvidia/nvidia_sdk/JetPack_7.2_Linux_JETSON_ORIN_NANO_TARGETS/Linux_for_Tegra/bootloader/signed/tos-optee_t234_sigheader.img.encrypt' -> '/home/ckw/nvidia/nvidia_sdk/JetPack_7.2_Linux_JETSON_ORIN_NANO_TARGETS/Linux_for_Tegra/tools/kernel_flash/images/internal/tos-optee_t234_sigheader.img.encrypt'
20:15:28.475 - Info: Warning: skip writing A_smm-fw partition as no image is specified
20:15:28.486 - Info: Copying /home/ckw/nvidia/nvidia_sdk/JetPack_7.2_Linux_JETSON_ORIN_NANO_TARGETS/Linux_for_Tegra/bootloader/signed/eks_t234_sigheader.img.encrypt  /home/ckw/nvidia/nvidia_sdk/JetPack_7.2_Linux_JETSON_ORIN_NANO_TARGETS/Linux_for_Tegra/tools/kernel_flash/images/internal/eks_t234_sigheader.img.encrypt
20:15:28.493 - Info: '/home/ckw/nvidia/nvidia_sdk/JetPack_7.2_Linux_JETSON_ORIN_NANO_TARGETS/Linux_for_Tegra/bootloader/signed/eks_t234_sigheader.img.encrypt' -> '/home/ckw/nvidia/nvidia_sdk/JetPack_7.2_Linux_JETSON_ORIN_NANO_TARGETS/Linux_for_Tegra/tools/kernel_flash/images/internal/eks_t234_sigheader.img.encrypt'
20:15:28.513 - Info: Copying /home/ckw/nvidia/nvidia_sdk/JetPack_7.2_Linux_JETSON_ORIN_NANO_TARGETS/Linux_for_Tegra/bootloader/signed/display-t234-dce_with_kernel_tegra234-p3768-0000+p3767-0005-nv-super_aligned_blob_w_bin_sigheader.bin.encrypt  /home/ckw/nvidia/nvidia_sdk/JetPack_7.2_Linux_JETSON_ORIN_NANO_TARGETS/Linux_for_Tegra/tools/kernel_flash/images/internal/display-t234-dce_with_kernel_tegra234-p3768-0000+p3767-0005-nv-super_aligned_blob_w_bin_sigheader.bin.encrypt
20:15:28.517 - Info: '/home/ckw/nvidia/nvidia_sdk/JetPack_7.2_Linux_JETSON_ORIN_NANO_TARGETS/Linux_for_Tegra/bootloader/signed/display-t234-dce_with_kernel_tegra234-p3768-0000+p3767-0005-nv-super_aligned_blob_w_bin_sigheader.bin.encrypt' -> '/home/ckw/nvidia/nvidia_sdk/JetPack_7.2_Linux_JETSON_ORIN_NANO_TARGETS/Linux_for_Tegra/tools/kernel_flash/images/internal/display-t234-dce_with_kernel_tegra234-p3768-0000+p3767-0005-nv-super_aligned_blob_w_bin_sigheader.bin.encrypt'
20:15:28.536 - Info: Copying /home/ckw/nvidia/nvidia_sdk/JetPack_7.2_Linux_JETSON_ORIN_NANO_TARGETS/Linux_for_Tegra/bootloader/signed/spe_t234_sigheader.bin.encrypt  /home/ckw/nvidia/nvidia_sdk/JetPack_7.2_Linux_JETSON_ORIN_NANO_TARGETS/Linux_for_Tegra/tools/kernel_flash/images/internal/spe_t234_sigheader.bin.encrypt
20:15:28.541 - Info: '/home/ckw/nvidia/nvidia_sdk/JetPack_7.2_Linux_JETSON_ORIN_NANO_TARGETS/Linux_for_Tegra/bootloader/signed/spe_t234_sigheader.bin.encrypt' -> '/home/ckw/nvidia/nvidia_sdk/JetPack_7.2_Linux_JETSON_ORIN_NANO_TARGETS/Linux_for_Tegra/tools/kernel_flash/images/internal/spe_t234_sigheader.bin.encrypt'
20:15:28.564 - Info: Copying /home/ckw/nvidia/nvidia_sdk/JetPack_7.2_Linux_JETSON_ORIN_NANO_TARGETS/Linux_for_Tegra/bootloader/signed/camera-rtcpu-t234-rce_sigheader.img.encrypt  /home/ckw/nvidia/nvidia_sdk/JetPack_7.2_Linux_JETSON_ORIN_NANO_TARGETS/Linux_for_Tegra/tools/kernel_flash/images/internal/camera-rtcpu-t234-rce_sigheader.img.encrypt
20:15:28.569 - Info: '/home/ckw/nvidia/nvidia_sdk/JetPack_7.2_Linux_JETSON_ORIN_NANO_TARGETS/Linux_for_Tegra/bootloader/signed/camera-rtcpu-t234-rce_sigheader.img.encrypt' -> '/home/ckw/nvidia/nvidia_sdk/JetPack_7.2_Linux_JETSON_ORIN_NANO_TARGETS/Linux_for_Tegra/tools/kernel_flash/images/internal/camera-rtcpu-t234-rce_sigheader.img.encrypt'
20:15:28.592 - Info: Copying /home/ckw/nvidia/nvidia_sdk/JetPack_7.2_Linux_JETSON_ORIN_NANO_TARGETS/Linux_for_Tegra/bootloader/signed/adsp-fw_sigheader.bin.encrypt  /home/ckw/nvidia/nvidia_sdk/JetPack_7.2_Linux_JETSON_ORIN_NANO_TARGETS/Linux_for_Tegra/tools/kernel_flash/images/internal/adsp-fw_sigheader.bin.encrypt
20:15:28.598 - Info: '/home/ckw/nvidia/nvidia_sdk/JetPack_7.2_Linux_JETSON_ORIN_NANO_TARGETS/Linux_for_Tegra/bootloader/signed/adsp-fw_sigheader.bin.encrypt' -> '/home/ckw/nvidia/nvidia_sdk/JetPack_7.2_Linux_JETSON_ORIN_NANO_TARGETS/Linux_for_Tegra/tools/kernel_flash/images/internal/adsp-fw_sigheader.bin.encrypt'
20:15:28.617 - Info: Copying /home/ckw/nvidia/nvidia_sdk/JetPack_7.2_Linux_JETSON_ORIN_NANO_TARGETS/Linux_for_Tegra/bootloader/signed/nvpva_020_aligned_blob_w_bin_sigheader.fw.encrypt  /home/ckw/nvidia/nvidia_sdk/JetPack_7.2_Linux_JETSON_ORIN_NANO_TARGETS/Linux_for_Tegra/tools/kernel_flash/images/internal/nvpva_020_aligned_blob_w_bin_sigheader.fw.encrypt
20:15:28.624 - Info: '/home/ckw/nvidia/nvidia_sdk/JetPack_7.2_Linux_JETSON_ORIN_NANO_TARGETS/Linux_for_Tegra/bootloader/signed/nvpva_020_aligned_blob_w_bin_sigheader.fw.encrypt' -> '/home/ckw/nvidia/nvidia_sdk/JetPack_7.2_Linux_JETSON_ORIN_NANO_TARGETS/Linux_for_Tegra/tools/kernel_flash/images/internal/nvpva_020_aligned_blob_w_bin_sigheader.fw.encrypt'
20:15:28.641 - Info: Warning: skip writing A_reserved_on_boot partition as no image is specified
20:15:28.655 - Info: Copying /home/ckw/nvidia/nvidia_sdk/JetPack_7.2_Linux_JETSON_ORIN_NANO_TARGETS/Linux_for_Tegra/bootloader/signed/mb1_t234_prod_aligned_sigheader.bin.encrypt  /home/ckw/nvidia/nvidia_sdk/JetPack_7.2_Linux_JETSON_ORIN_NANO_TARGETS/Linux_for_Tegra/tools/kernel_flash/images/internal/mb1_t234_prod_aligned_sigheader.bin.encrypt
20:15:28.660 - Info: '/home/ckw/nvidia/nvidia_sdk/JetPack_7.2_Linux_JETSON_ORIN_NANO_TARGETS/Linux_for_Tegra/bootloader/signed/mb1_t234_prod_aligned_sigheader.bin.encrypt' -> '/home/ckw/nvidia/nvidia_sdk/JetPack_7.2_Linux_JETSON_ORIN_NANO_TARGETS/Linux_for_Tegra/tools/kernel_flash/images/internal/mb1_t234_prod_aligned_sigheader.bin.encrypt'
20:15:28.680 - Info: Copying /home/ckw/nvidia/nvidia_sdk/JetPack_7.2_Linux_JETSON_ORIN_NANO_TARGETS/Linux_for_Tegra/bootloader/signed/psc_bl1_t234_prod_aligned_sigheader.bin.encrypt  /home/ckw/nvidia/nvidia_sdk/JetPack_7.2_Linux_JETSON_ORIN_NANO_TARGETS/Linux_for_Tegra/tools/kernel_flash/images/internal/psc_bl1_t234_prod_aligned_sigheader.bin.encrypt
20:15:28.687 - Info: '/home/ckw/nvidia/nvidia_sdk/JetPack_7.2_Linux_JETSON_ORIN_NANO_TARGETS/Linux_for_Tegra/bootloader/signed/psc_bl1_t234_prod_aligned_sigheader.bin.encrypt' -> '/home/ckw/nvidia/nvidia_sdk/JetPack_7.2_Linux_JETSON_ORIN_NANO_TARGETS/Linux_for_Tegra/tools/kernel_flash/images/internal/psc_bl1_t234_prod_aligned_sigheader.bin.encrypt'
20:15:28.705 - Info: Copying /home/ckw/nvidia/nvidia_sdk/JetPack_7.2_Linux_JETSON_ORIN_NANO_TARGETS/Linux_for_Tegra/bootloader/signed/mb1_cold_boot_bct_MB1_sigheader.bct.encrypt  /home/ckw/nvidia/nvidia_sdk/JetPack_7.2_Linux_JETSON_ORIN_NANO_TARGETS/Linux_for_Tegra/tools/kernel_flash/images/internal/mb1_cold_boot_bct_MB1_sigheader.bct.encrypt
20:15:28.709 - Info: '/home/ckw/nvidia/nvidia_sdk/JetPack_7.2_Linux_JETSON_ORIN_NANO_TARGETS/Linux_for_Tegra/bootloader/signed/mb1_cold_boot_bct_MB1_sigheader.bct.encrypt' -> '/home/ckw/nvidia/nvidia_sdk/JetPack_7.2_Linux_JETSON_ORIN_NANO_TARGETS/Linux_for_Tegra/tools/kernel_flash/images/internal/mb1_cold_boot_bct_MB1_sigheader.bct.encrypt'
20:15:28.729 - Info: Copying /home/ckw/nvidia/nvidia_sdk/JetPack_7.2_Linux_JETSON_ORIN_NANO_TARGETS/Linux_for_Tegra/bootloader/signed/mem_coldboot_sigheader.bct.encrypt  /home/ckw/nvidia/nvidia_sdk/JetPack_7.2_Linux_JETSON_ORIN_NANO_TARGETS/Linux_for_Tegra/tools/kernel_flash/images/internal/mem_coldboot_sigheader.bct.encrypt
20:15:28.734 - Info: '/home/ckw/nvidia/nvidia_sdk/JetPack_7.2_Linux_JETSON_ORIN_NANO_TARGETS/Linux_for_Tegra/bootloader/signed/mem_coldboot_sigheader.bct.encrypt' -> '/home/ckw/nvidia/nvidia_sdk/JetPack_7.2_Linux_JETSON_ORIN_NANO_TARGETS/Linux_for_Tegra/tools/kernel_flash/images/internal/mem_coldboot_sigheader.bct.encrypt'
20:15:28.761 - Info: Copying /home/ckw/nvidia/nvidia_sdk/JetPack_7.2_Linux_JETSON_ORIN_NANO_TARGETS/Linux_for_Tegra/bootloader/signed/tsec_t234_sigheader.bin.encrypt  /home/ckw/nvidia/nvidia_sdk/JetPack_7.2_Linux_JETSON_ORIN_NANO_TARGETS/Linux_for_Tegra/tools/kernel_flash/images/internal/tsec_t234_sigheader.bin.encrypt
20:15:28.765 - Info: '/home/ckw/nvidia/nvidia_sdk/JetPack_7.2_Linux_JETSON_ORIN_NANO_TARGETS/Linux_for_Tegra/bootloader/signed/tsec_t234_sigheader.bin.encrypt' -> '/home/ckw/nvidia/nvidia_sdk/JetPack_7.2_Linux_JETSON_ORIN_NANO_TARGETS/Linux_for_Tegra/tools/kernel_flash/images/internal/tsec_t234_sigheader.bin.encrypt'
20:15:28.784 - Info: Copying /home/ckw/nvidia/nvidia_sdk/JetPack_7.2_Linux_JETSON_ORIN_NANO_TARGETS/Linux_for_Tegra/bootloader/signed/nvdec_t234_prod_sigheader.fw.encrypt  /home/ckw/nvidia/nvidia_sdk/JetPack_7.2_Linux_JETSON_ORIN_NANO_TARGETS/Linux_for_Tegra/tools/kernel_flash/images/internal/nvdec_t234_prod_sigheader.fw.encrypt
20:15:28.789 - Info: '/home/ckw/nvidia/nvidia_sdk/JetPack_7.2_Linux_JETSON_ORIN_NANO_TARGETS/Linux_for_Tegra/bootloader/signed/nvdec_t234_prod_sigheader.fw.encrypt' -> '/home/ckw/nvidia/nvidia_sdk/JetPack_7.2_Linux_JETSON_ORIN_NANO_TARGETS/Linux_for_Tegra/tools/kernel_flash/images/internal/nvdec_t234_prod_sigheader.fw.encrypt'
20:15:28.810 - Info: Copying /home/ckw/nvidia/nvidia_sdk/JetPack_7.2_Linux_JETSON_ORIN_NANO_TARGETS/Linux_for_Tegra/bootloader/signed/mb2_t234_with_mb2_cold_boot_bct_MB2_sigheader.bin.encrypt  /home/ckw/nvidia/nvidia_sdk/JetPack_7.2_Linux_JETSON_ORIN_NANO_TARGETS/Linux_for_Tegra/tools/kernel_flash/images/internal/mb2_t234_with_mb2_cold_boot_bct_MB2_sigheader.bin.encrypt
20:15:28.816 - Info: '/home/ckw/nvidia/nvidia_sdk/JetPack_7.2_Linux_JETSON_ORIN_NANO_TARGETS/Linux_for_Tegra/bootloader/signed/mb2_t234_with_mb2_cold_boot_bct_MB2_sigheader.bin.encrypt' -> '/home/ckw/nvidia/nvidia_sdk/JetPack_7.2_Linux_JETSON_ORIN_NANO_TARGETS/Linux_for_Tegra/tools/kernel_flash/images/internal/mb2_t234_with_mb2_cold_boot_bct_MB2_sigheader.bin.encrypt'
20:15:28.839 - Info: Copying /home/ckw/nvidia/nvidia_sdk/JetPack_7.2_Linux_JETSON_ORIN_NANO_TARGETS/Linux_for_Tegra/bootloader/signed/xusb_t234_prod_sigheader.bin.encrypt  /home/ckw/nvidia/nvidia_sdk/JetPack_7.2_Linux_JETSON_ORIN_NANO_TARGETS/Linux_for_Tegra/tools/kernel_flash/images/internal/xusb_t234_prod_sigheader.bin.encrypt
20:15:28.844 - Info: '/home/ckw/nvidia/nvidia_sdk/JetPack_7.2_Linux_JETSON_ORIN_NANO_TARGETS/Linux_for_Tegra/bootloader/signed/xusb_t234_prod_sigheader.bin.encrypt' -> '/home/ckw/nvidia/nvidia_sdk/JetPack_7.2_Linux_JETSON_ORIN_NANO_TARGETS/Linux_for_Tegra/tools/kernel_flash/images/internal/xusb_t234_prod_sigheader.bin.encrypt'
20:15:28.863 - Info: Copying /home/ckw/nvidia/nvidia_sdk/JetPack_7.2_Linux_JETSON_ORIN_NANO_TARGETS/Linux_for_Tegra/bootloader/signed/bpmp_t234-TE950M-A1_prod_sigheader.bin.encrypt  /home/ckw/nvidia/nvidia_sdk/JetPack_7.2_Linux_JETSON_ORIN_NANO_TARGETS/Linux_for_Tegra/tools/kernel_flash/images/internal/bpmp_t234-TE950M-A1_prod_sigheader.bin.encrypt
20:15:28.869 - Info: '/home/ckw/nvidia/nvidia_sdk/JetPack_7.2_Linux_JETSON_ORIN_NANO_TARGETS/Linux_for_Tegra/bootloader/signed/bpmp_t234-TE950M-A1_prod_sigheader.bin.encrypt' -> '/home/ckw/nvidia/nvidia_sdk/JetPack_7.2_Linux_JETSON_ORIN_NANO_TARGETS/Linux_for_Tegra/tools/kernel_flash/images/internal/bpmp_t234-TE950M-A1_prod_sigheader.bin.encrypt'
20:15:28.888 - Info: Copying /home/ckw/nvidia/nvidia_sdk/JetPack_7.2_Linux_JETSON_ORIN_NANO_TARGETS/Linux_for_Tegra/bootloader/signed/tegra234-bpmp-3767-0003-3768-super_with_odm_sigheader.dtb.encrypt  /home/ckw/nvidia/nvidia_sdk/JetPack_7.2_Linux_JETSON_ORIN_NANO_TARGETS/Linux_for_Tegra/tools/kernel_flash/images/internal/tegra234-bpmp-3767-0003-3768-super_with_odm_sigheader.dtb.encrypt
20:15:28.894 - Info: '/home/ckw/nvidia/nvidia_sdk/JetPack_7.2_Linux_JETSON_ORIN_NANO_TARGETS/Linux_for_Tegra/bootloader/signed/tegra234-bpmp-3767-0003-3768-super_with_odm_sigheader.dtb.encrypt' -> '/home/ckw/nvidia/nvidia_sdk/JetPack_7.2_Linux_JETSON_ORIN_NANO_TARGETS/Linux_for_Tegra/tools/kernel_flash/images/internal/tegra234-bpmp-3767-0003-3768-super_with_odm_sigheader.dtb.encrypt'
20:15:28.916 - Info: Copying /home/ckw/nvidia/nvidia_sdk/JetPack_7.2_Linux_JETSON_ORIN_NANO_TARGETS/Linux_for_Tegra/bootloader/signed/pscfw_t234_prod_sigheader.bin.encrypt  /home/ckw/nvidia/nvidia_sdk/JetPack_7.2_Linux_JETSON_ORIN_NANO_TARGETS/Linux_for_Tegra/tools/kernel_flash/images/internal/pscfw_t234_prod_sigheader.bin.encrypt
20:15:28.923 - Info: '/home/ckw/nvidia/nvidia_sdk/JetPack_7.2_Linux_JETSON_ORIN_NANO_TARGETS/Linux_for_Tegra/bootloader/signed/pscfw_t234_prod_sigheader.bin.encrypt' -> '/home/ckw/nvidia/nvidia_sdk/JetPack_7.2_Linux_JETSON_ORIN_NANO_TARGETS/Linux_for_Tegra/tools/kernel_flash/images/internal/pscfw_t234_prod_sigheader.bin.encrypt'
20:15:28.941 - Info: Copying /home/ckw/nvidia/nvidia_sdk/JetPack_7.2_Linux_JETSON_ORIN_NANO_TARGETS/Linux_for_Tegra/bootloader/signed/mce_flash_o10_cr_prod_sigheader.bin.encrypt  /home/ckw/nvidia/nvidia_sdk/JetPack_7.2_Linux_JETSON_ORIN_NANO_TARGETS/Linux_for_Tegra/tools/kernel_flash/images/internal/mce_flash_o10_cr_prod_sigheader.bin.encrypt
20:15:28.946 - Info: '/home/ckw/nvidia/nvidia_sdk/JetPack_7.2_Linux_JETSON_ORIN_NANO_TARGETS/Linux_for_Tegra/bootloader/signed/mce_flash_o10_cr_prod_sigheader.bin.encrypt' -> '/home/ckw/nvidia/nvidia_sdk/JetPack_7.2_Linux_JETSON_ORIN_NANO_TARGETS/Linux_for_Tegra/tools/kernel_flash/images/internal/mce_flash_o10_cr_prod_sigheader.bin.encrypt'
20:15:28.965 - Info: Copying /home/ckw/nvidia/nvidia_sdk/JetPack_7.2_Linux_JETSON_ORIN_NANO_TARGETS/Linux_for_Tegra/bootloader/signed/sc7_t234_prod_sigheader.bin.encrypt  /home/ckw/nvidia/nvidia_sdk/JetPack_7.2_Linux_JETSON_ORIN_NANO_TARGETS/Linux_for_Tegra/tools/kernel_flash/images/internal/sc7_t234_prod_sigheader.bin.encrypt
20:15:28.969 - Info: '/home/ckw/nvidia/nvidia_sdk/JetPack_7.2_Linux_JETSON_ORIN_NANO_TARGETS/Linux_for_Tegra/bootloader/signed/sc7_t234_prod_sigheader.bin.encrypt' -> '/home/ckw/nvidia/nvidia_sdk/JetPack_7.2_Linux_JETSON_ORIN_NANO_TARGETS/Linux_for_Tegra/tools/kernel_flash/images/internal/sc7_t234_prod_sigheader.bin.encrypt'
20:15:28.990 - Info: Copying /home/ckw/nvidia/nvidia_sdk/JetPack_7.2_Linux_JETSON_ORIN_NANO_TARGETS/Linux_for_Tegra/bootloader/signed/psc_rf_t234_prod_sigheader.bin.encrypt  /home/ckw/nvidia/nvidia_sdk/JetPack_7.2_Linux_JETSON_ORIN_NANO_TARGETS/Linux_for_Tegra/tools/kernel_flash/images/internal/psc_rf_t234_prod_sigheader.bin.encrypt
20:15:28.998 - Info: '/home/ckw/nvidia/nvidia_sdk/JetPack_7.2_Linux_JETSON_ORIN_NANO_TARGETS/Linux_for_Tegra/bootloader/signed/psc_rf_t234_prod_sigheader.bin.encrypt' -> '/home/ckw/nvidia/nvidia_sdk/JetPack_7.2_Linux_JETSON_ORIN_NANO_TARGETS/Linux_for_Tegra/tools/kernel_flash/images/internal/psc_rf_t234_prod_sigheader.bin.encrypt'
20:15:29.019 - Info: Copying /home/ckw/nvidia/nvidia_sdk/JetPack_7.2_Linux_JETSON_ORIN_NANO_TARGETS/Linux_for_Tegra/bootloader/signed/mb2rf_t234_sigheader.bin.encrypt  /home/ckw/nvidia/nvidia_sdk/JetPack_7.2_Linux_JETSON_ORIN_NANO_TARGETS/Linux_for_Tegra/tools/kernel_flash/images/internal/mb2rf_t234_sigheader.bin.encrypt
20:15:29.024 - Info: '/home/ckw/nvidia/nvidia_sdk/JetPack_7.2_Linux_JETSON_ORIN_NANO_TARGETS/Linux_for_Tegra/bootloader/signed/mb2rf_t234_sigheader.bin.encrypt' -> '/home/ckw/nvidia/nvidia_sdk/JetPack_7.2_Linux_JETSON_ORIN_NANO_TARGETS/Linux_for_Tegra/tools/kernel_flash/images/internal/mb2rf_t234_sigheader.bin.encrypt'
20:15:29.042 - Info: Copying /home/ckw/nvidia/nvidia_sdk/JetPack_7.2_Linux_JETSON_ORIN_NANO_TARGETS/Linux_for_Tegra/bootloader/signed/uefi_t23x_general_with_dtb_aligned_blob_w_bin_sigheader.bin.encrypt  /home/ckw/nvidia/nvidia_sdk/JetPack_7.2_Linux_JETSON_ORIN_NANO_TARGETS/Linux_for_Tegra/tools/kernel_flash/images/internal/uefi_t23x_general_with_dtb_aligned_blob_w_bin_sigheader.bin.encrypt
20:15:29.051 - Info: '/home/ckw/nvidia/nvidia_sdk/JetPack_7.2_Linux_JETSON_ORIN_NANO_TARGETS/Linux_for_Tegra/bootloader/signed/uefi_t23x_general_with_dtb_aligned_blob_w_bin_sigheader.bin.encrypt' -> '/home/ckw/nvidia/nvidia_sdk/JetPack_7.2_Linux_JETSON_ORIN_NANO_TARGETS/Linux_for_Tegra/tools/kernel_flash/images/internal/uefi_t23x_general_with_dtb_aligned_blob_w_bin_sigheader.bin.encrypt'
20:15:29.072 - Info: Copying /home/ckw/nvidia/nvidia_sdk/JetPack_7.2_Linux_JETSON_ORIN_NANO_TARGETS/Linux_for_Tegra/bootloader/signed/tos-optee_t234_sigheader.img.encrypt  /home/ckw/nvidia/nvidia_sdk/JetPack_7.2_Linux_JETSON_ORIN_NANO_TARGETS/Linux_for_Tegra/tools/kernel_flash/images/internal/tos-optee_t234_sigheader.img.encrypt
20:15:29.079 - Info: '/home/ckw/nvidia/nvidia_sdk/JetPack_7.2_Linux_JETSON_ORIN_NANO_TARGETS/Linux_for_Tegra/bootloader/signed/tos-optee_t234_sigheader.img.encrypt' -> '/home/ckw/nvidia/nvidia_sdk/JetPack_7.2_Linux_JETSON_ORIN_NANO_TARGETS/Linux_for_Tegra/tools/kernel_flash/images/internal/tos-optee_t234_sigheader.img.encrypt'
20:15:29.099 - Info: Warning: skip writing B_smm-fw partition as no image is specified
20:15:29.116 - Info: Copying /home/ckw/nvidia/nvidia_sdk/JetPack_7.2_Linux_JETSON_ORIN_NANO_TARGETS/Linux_for_Tegra/bootloader/signed/eks_t234_sigheader.img.encrypt  /home/ckw/nvidia/nvidia_sdk/JetPack_7.2_Linux_JETSON_ORIN_NANO_TARGETS/Linux_for_Tegra/tools/kernel_flash/images/internal/eks_t234_sigheader.img.encrypt
20:15:29.122 - Info: '/home/ckw/nvidia/nvidia_sdk/JetPack_7.2_Linux_JETSON_ORIN_NANO_TARGETS/Linux_for_Tegra/bootloader/signed/eks_t234_sigheader.img.encrypt' -> '/home/ckw/nvidia/nvidia_sdk/JetPack_7.2_Linux_JETSON_ORIN_NANO_TARGETS/Linux_for_Tegra/tools/kernel_flash/images/internal/eks_t234_sigheader.img.encrypt'
20:15:29.145 - Info: Copying /home/ckw/nvidia/nvidia_sdk/JetPack_7.2_Linux_JETSON_ORIN_NANO_TARGETS/Linux_for_Tegra/bootloader/signed/display-t234-dce_with_kernel_tegra234-p3768-0000+p3767-0005-nv-super_aligned_blob_w_bin_sigheader.bin.encrypt  /home/ckw/nvidia/nvidia_sdk/JetPack_7.2_Linux_JETSON_ORIN_NANO_TARGETS/Linux_for_Tegra/tools/kernel_flash/images/internal/display-t234-dce_with_kernel_tegra234-p3768-0000+p3767-0005-nv-super_aligned_blob_w_bin_sigheader.bin.encrypt
20:15:29.151 - Info: '/home/ckw/nvidia/nvidia_sdk/JetPack_7.2_Linux_JETSON_ORIN_NANO_TARGETS/Linux_for_Tegra/bootloader/signed/display-t234-dce_with_kernel_tegra234-p3768-0000+p3767-0005-nv-super_aligned_blob_w_bin_sigheader.bin.encrypt' -> '/home/ckw/nvidia/nvidia_sdk/JetPack_7.2_Linux_JETSON_ORIN_NANO_TARGETS/Linux_for_Tegra/tools/kernel_flash/images/internal/display-t234-dce_with_kernel_tegra234-p3768-0000+p3767-0005-nv-super_aligned_blob_w_bin_sigheader.bin.encrypt'
20:15:29.173 - Info: Copying /home/ckw/nvidia/nvidia_sdk/JetPack_7.2_Linux_JETSON_ORIN_NANO_TARGETS/Linux_for_Tegra/bootloader/signed/spe_t234_sigheader.bin.encrypt  /home/ckw/nvidia/nvidia_sdk/JetPack_7.2_Linux_JETSON_ORIN_NANO_TARGETS/Linux_for_Tegra/tools/kernel_flash/images/internal/spe_t234_sigheader.bin.encrypt
20:15:29.177 - Info: '/home/ckw/nvidia/nvidia_sdk/JetPack_7.2_Linux_JETSON_ORIN_NANO_TARGETS/Linux_for_Tegra/bootloader/signed/spe_t234_sigheader.bin.encrypt' -> '/home/ckw/nvidia/nvidia_sdk/JetPack_7.2_Linux_JETSON_ORIN_NANO_TARGETS/Linux_for_Tegra/tools/kernel_flash/images/internal/spe_t234_sigheader.bin.encrypt'
20:15:29.199 - Info: Copying /home/ckw/nvidia/nvidia_sdk/JetPack_7.2_Linux_JETSON_ORIN_NANO_TARGETS/Linux_for_Tegra/bootloader/signed/camera-rtcpu-t234-rce_sigheader.img.encrypt  /home/ckw/nvidia/nvidia_sdk/JetPack_7.2_Linux_JETSON_ORIN_NANO_TARGETS/Linux_for_Tegra/tools/kernel_flash/images/internal/camera-rtcpu-t234-rce_sigheader.img.encrypt
20:15:29.204 - Info: '/home/ckw/nvidia/nvidia_sdk/JetPack_7.2_Linux_JETSON_ORIN_NANO_TARGETS/Linux_for_Tegra/bootloader/signed/camera-rtcpu-t234-rce_sigheader.img.encrypt' -> '/home/ckw/nvidia/nvidia_sdk/JetPack_7.2_Linux_JETSON_ORIN_NANO_TARGETS/Linux_for_Tegra/tools/kernel_flash/images/internal/camera-rtcpu-t234-rce_sigheader.img.encrypt'
20:15:29.229 - Info: Copying /home/ckw/nvidia/nvidia_sdk/JetPack_7.2_Linux_JETSON_ORIN_NANO_TARGETS/Linux_for_Tegra/bootloader/signed/adsp-fw_sigheader.bin.encrypt  /home/ckw/nvidia/nvidia_sdk/JetPack_7.2_Linux_JETSON_ORIN_NANO_TARGETS/Linux_for_Tegra/tools/kernel_flash/images/internal/adsp-fw_sigheader.bin.encrypt
20:15:29.233 - Info: '/home/ckw/nvidia/nvidia_sdk/JetPack_7.2_Linux_JETSON_ORIN_NANO_TARGETS/Linux_for_Tegra/bootloader/signed/adsp-fw_sigheader.bin.encrypt' -> '/home/ckw/nvidia/nvidia_sdk/JetPack_7.2_Linux_JETSON_ORIN_NANO_TARGETS/Linux_for_Tegra/tools/kernel_flash/images/internal/adsp-fw_sigheader.bin.encrypt'
20:15:29.255 - Info: Copying /home/ckw/nvidia/nvidia_sdk/JetPack_7.2_Linux_JETSON_ORIN_NANO_TARGETS/Linux_for_Tegra/bootloader/signed/nvpva_020_aligned_blob_w_bin_sigheader.fw.encrypt  /home/ckw/nvidia/nvidia_sdk/JetPack_7.2_Linux_JETSON_ORIN_NANO_TARGETS/Linux_for_Tegra/tools/kernel_flash/images/internal/nvpva_020_aligned_blob_w_bin_sigheader.fw.encrypt
20:15:29.261 - Info: '/home/ckw/nvidia/nvidia_sdk/JetPack_7.2_Linux_JETSON_ORIN_NANO_TARGETS/Linux_for_Tegra/bootloader/signed/nvpva_020_aligned_blob_w_bin_sigheader.fw.encrypt' -> '/home/ckw/nvidia/nvidia_sdk/JetPack_7.2_Linux_JETSON_ORIN_NANO_TARGETS/Linux_for_Tegra/tools/kernel_flash/images/internal/nvpva_020_aligned_blob_w_bin_sigheader.fw.encrypt'
20:15:29.280 - Info: Warning: skip writing B_reserved_on_boot partition as no image is specified
20:15:29.293 - Info: Warning: skip writing uefi_variables partition as no image is specified
20:15:29.306 - Info: Warning: skip writing uefi_ftw partition as no image is specified
20:15:29.320 - Info: Warning: skip writing reserved partition as no image is specified
20:15:29.332 - Info: Warning: skip writing worm partition as no image is specified
20:15:29.348 - Info: Copying /home/ckw/nvidia/nvidia_sdk/JetPack_7.2_Linux_JETSON_ORIN_NANO_TARGETS/Linux_for_Tegra/bootloader/signed/bct_backup.img  /home/ckw/nvidia/nvidia_sdk/JetPack_7.2_Linux_JETSON_ORIN_NANO_TARGETS/Linux_for_Tegra/tools/kernel_flash/images/internal/bct_backup.img
20:15:29.353 - Info: '/home/ckw/nvidia/nvidia_sdk/JetPack_7.2_Linux_JETSON_ORIN_NANO_TARGETS/Linux_for_Tegra/bootloader/signed/bct_backup.img' -> '/home/ckw/nvidia/nvidia_sdk/JetPack_7.2_Linux_JETSON_ORIN_NANO_TARGETS/Linux_for_Tegra/tools/kernel_flash/images/internal/bct_backup.img'
20:15:29.369 - Info: Warning: skip writing reserved_partition partition as no image is specified
20:15:29.385 - Info: Copying /home/ckw/nvidia/nvidia_sdk/JetPack_7.2_Linux_JETSON_ORIN_NANO_TARGETS/Linux_for_Tegra/bootloader/signed/gpt_backup_secondary_3_0.bin  /home/ckw/nvidia/nvidia_sdk/JetPack_7.2_Linux_JETSON_ORIN_NANO_TARGETS/Linux_for_Tegra/tools/kernel_flash/images/internal/gpt_backup_secondary_3_0.bin
20:15:29.389 - Info: '/home/ckw/nvidia/nvidia_sdk/JetPack_7.2_Linux_JETSON_ORIN_NANO_TARGETS/Linux_for_Tegra/bootloader/signed/gpt_backup_secondary_3_0.bin' -> '/home/ckw/nvidia/nvidia_sdk/JetPack_7.2_Linux_JETSON_ORIN_NANO_TARGETS/Linux_for_Tegra/tools/kernel_flash/images/internal/gpt_backup_secondary_3_0.bin'
20:15:29.411 - Info: Copying /home/ckw/nvidia/nvidia_sdk/JetPack_7.2_Linux_JETSON_ORIN_NANO_TARGETS/Linux_for_Tegra/bootloader/qspi_bootblob_ver.txt  /home/ckw/nvidia/nvidia_sdk/JetPack_7.2_Linux_JETSON_ORIN_NANO_TARGETS/Linux_for_Tegra/tools/kernel_flash/images/internal/qspi_bootblob_ver.txt
20:15:29.414 - Info: '/home/ckw/nvidia/nvidia_sdk/JetPack_7.2_Linux_JETSON_ORIN_NANO_TARGETS/Linux_for_Tegra/bootloader/qspi_bootblob_ver.txt' -> '/home/ckw/nvidia/nvidia_sdk/JetPack_7.2_Linux_JETSON_ORIN_NANO_TARGETS/Linux_for_Tegra/tools/kernel_flash/images/internal/qspi_bootblob_ver.txt'
20:15:29.433 - Info: Copying /home/ckw/nvidia/nvidia_sdk/JetPack_7.2_Linux_JETSON_ORIN_NANO_TARGETS/Linux_for_Tegra/bootloader/qspi_bootblob_ver.txt  /home/ckw/nvidia/nvidia_sdk/JetPack_7.2_Linux_JETSON_ORIN_NANO_TARGETS/Linux_for_Tegra/tools/kernel_flash/images/internal/qspi_bootblob_ver.txt
20:15:29.437 - Info: '/home/ckw/nvidia/nvidia_sdk/JetPack_7.2_Linux_JETSON_ORIN_NANO_TARGETS/Linux_for_Tegra/bootloader/qspi_bootblob_ver.txt' -> '/home/ckw/nvidia/nvidia_sdk/JetPack_7.2_Linux_JETSON_ORIN_NANO_TARGETS/Linux_for_Tegra/tools/kernel_flash/images/internal/qspi_bootblob_ver.txt'
20:15:29.454 - Info: Copying /home/ckw/nvidia/nvidia_sdk/JetPack_7.2_Linux_JETSON_ORIN_NANO_TARGETS/Linux_for_Tegra/bootloader/signed/gpt_secondary_3_0.bin  /home/ckw/nvidia/nvidia_sdk/JetPack_7.2_Linux_JETSON_ORIN_NANO_TARGETS/Linux_for_Tegra/tools/kernel_flash/images/internal/gpt_secondary_3_0.bin
20:15:29.458 - Info: '/home/ckw/nvidia/nvidia_sdk/JetPack_7.2_Linux_JETSON_ORIN_NANO_TARGETS/Linux_for_Tegra/bootloader/signed/gpt_secondary_3_0.bin' -> '/home/ckw/nvidia/nvidia_sdk/JetPack_7.2_Linux_JETSON_ORIN_NANO_TARGETS/Linux_for_Tegra/tools/kernel_flash/images/internal/gpt_secondary_3_0.bin'
20:15:29.465 - Info: Generate image for external storage devices
20:15:29.466 - Info: Generate images to be flashed
20:15:29.466 - Info: BOOTDEV=internal ADDITIONAL_DTB_OVERLAY="BootOrderUsb.dtbo"  /home/ckw/nvidia/nvidia_sdk/JetPack_7.2_Linux_JETSON_ORIN_NANO_TARGETS/Linux_for_Tegra/flash.sh --no-flash --sign --external-device -c "tools/kernel_flash/flash_l4t_t234_nvme.xml" --boot-chain-flash ALL --boot-chain-select A -C nv-auto-config jetson-orin-nano-devkit-super internal
20:15:29.466 - Info: 
20:15:29.466 - Info: 
20:15:29.485 - Info: ###############################################################################
20:15:29.485 - Info: # L4T BSP Information:
20:15:29.485 - Info: # R39 , REVISION: 2.0
20:15:29.485 - Info: # User release: 0.0
20:15:29.486 - Info: ###############################################################################
20:15:29.521 - Info: # Target Board Information:
20:15:29.521 - Info: # Name: jetson-orin-nano-devkit-super, Board Family: generic, SoC: Tegra 234, 
20:15:29.521 - Info: # OpMode: production, Boot Authentication: NS, 
20:15:29.521 - Info: # Disk encryption: disabled ,
20:15:29.521 - Info: ###############################################################################
20:15:29.570 - Info: copying device_config(/home/ckw/nvidia/nvidia_sdk/JetPack_7.2_Linux_JETSON_ORIN_NANO_TARGETS/Linux_for_Tegra/bootloader/generic/BCT/tegra234-mb1-bct-device-p3767-0000.dts)... done.
20:15:29.574 - Info: copying misc_config(/home/ckw/nvidia/nvidia_sdk/JetPack_7.2_Linux_JETSON_ORIN_NANO_TARGETS/Linux_for_Tegra/bootloader/generic/BCT/tegra234-mb1-bct-misc-p3767-0000.dts)... done.
20:15:29.576 - Info: copying emc_fuse_dev_params(/home/ckw/nvidia/nvidia_sdk/JetPack_7.2_Linux_JETSON_ORIN_NANO_TARGETS/Linux_for_Tegra/bootloader/generic/BCT/tegra234-br-bct-diag-boot.dts)... done.
20:15:29.583 - Info: copying minratchet_config(/home/ckw/nvidia/nvidia_sdk/JetPack_7.2_Linux_JETSON_ORIN_NANO_TARGETS/Linux_for_Tegra/bootloader/generic/BCT/tegra234-mb1-bct-ratchet-p3767-0000.dts)... done.
20:15:29.591 - Info: Existing emcfuse(/home/ckw/nvidia/nvidia_sdk/JetPack_7.2_Linux_JETSON_ORIN_NANO_TARGETS/Linux_for_Tegra/bootloader/fuse_t234.xml) reused.
20:15:29.593 - Info: copying emc_fuse_dev_params(/home/ckw/nvidia/nvidia_sdk/JetPack_7.2_Linux_JETSON_ORIN_NANO_TARGETS/Linux_for_Tegra/bootloader/generic/BCT/tegra234-br-bct-diag-boot.dts)... done.
20:15:29.599 - Info: ./tegraflash.py --chip "0x23" --applet "/home/ckw/nvidia/nvidia_sdk/JetPack_7.2_Linux_JETSON_ORIN_NANO_TARGETS/Linux_for_Tegra/bootloader/mb1_t234_prod.bin" --skipuid --cfg readinfo_t234_min_prod.xml --dev_params tegra234-br-bct-diag-boot.dts --device_config tegra234-mb1-bct-device-p3767-0000.dts --misc_config tegra234-mb1-bct-misc-p3767-0000.dts --bins "mb2_applet applet_t234.bin" --minratchet_config tegra234-mb1-bct-ratchet-p3767-0000.dts --cmd "readfuses fuse_t234.bin fuse_t234.xml; dump eeprom cvm cvm.bin; dump try_custinfo custinfo_out.bin; reboot recovery" 
20:15:29.736 - Info: Welcome to Tegra Flash
20:15:29.736 - Info: version 1.0.0
20:15:29.736 - Info: Type ? or help for help and q or quit to exit
20:15:29.736 - Info: Use ! to execute system commands
20:15:29.736 - Info:  
20:15:29.736 - Info: [   0.0741 ] Reading fuses
20:15:29.736 - Info: [   0.0747 ] tegrarcm_v2 --chip 0x23 0 --ismb2applet
20:15:29.738 - Info: [   0.0754 ] File rcm_state open failed
20:15:29.738 - Info: [   0.0755 ] ERROR: failed to read rcm_state
20:15:29.785 - Info: [   0.0770 ] tegrasign_v3.py --key None --getmode mode.txt
20:15:29.785 - Info: [   0.0773 ] Assuming zero filled SBK key
20:15:29.785 - Info: [   0.0771 ] Pre-processing config: tegra234-mb1-bct-device-p3767-0000.dts
20:15:29.785 - Info: [   0.0895 ] Pre-processing config: tegra234-mb1-bct-misc-p3767-0000.dts
20:15:29.785 - Info: [   0.1055 ] Pre-processing config: tegra234-mb1-bct-ratchet-p3767-0000.dts
20:15:29.785 - Info: [   0.1165 ] Parsing partition layout
20:15:29.785 - Info: [   0.1173 ] tegraparser_v2 --pt readinfo_t234_min_prod.xml.tmp
20:15:29.785 - Info: [   0.1185 ] Kernel DTB used: None
20:15:29.785 - Info: [   0.1186 ] WARNING: dce base dtb is not provided
20:15:29.785 - Info: 
20:15:29.785 - Info: [   0.1186 ] Parsing partition layout
20:15:29.785 - Info: [   0.1189 ] tegraparser_v2 --pt readinfo_t234_min_prod.xml.tmp
20:15:29.785 - Info: [   0.1214 ] Creating list of images to be signed
20:15:29.785 - Info: [   0.1219 ] Generating ratchet blob
20:15:29.785 - Info: [   0.1219 ] Generating coldboot mb1-bct
20:15:29.785 - Info: [   0.1231 ] tegrabct_v2 --chip 0x23 0 --mb1bct mb1_cold_boot_bct.cfg --misc tegra234-mb1-bct-misc-p3767-0000_cpp.dtb --device tegra234-mb1-bct-device-p3767-0000_cpp.dtb --minratchet tegra234-mb1-bct-ratchet-p3767-0000_cpp.dtb --ratchet_blob ratchet_blob.bin --parse-error-mode quiet-continue
20:15:29.786 - Info: [   0.1240 ] parse-error-mode: quiet-continue
20:15:29.786 - Info: [   0.1245 ] MB1-BCT version: 0.12
20:15:29.789 - Info: 
20:15:29.790 - Info: [   0.1274 ] Parsing config file :tegra234-mb1-bct-device-p3767-0000_cpp.dtb 
20:15:29.791 - Info: [   0.1283 ] Added Platform Config 9 data with size :- 104
20:15:29.791 - Info: 
20:15:29.791 - Info: [   0.1284 ] Parsing config file :tegra234-mb1-bct-ratchet-p3767-0000_cpp.dtb 
20:15:29.792 - Info: [   0.1287 ] Setting MB1 bct size to 5632
20:15:29.792 - Info: [   0.1287 ] 
20:15:29.792 - Info: [   0.1288 ] Updating mb1-bct with firmware information
20:15:29.792 - Info: [   0.1299 ] tegrabct_v2 --chip 0x23 0 --mb1bct mb1_cold_boot_bct_MB1.bct --updatefwinfo readinfo_t234_min_prod.xml.bin
20:15:29.792 - Info: [   0.1306 ] parse-error-mode: show-continue (default)
20:15:29.792 - Info: [   0.1309 ] Setting MB1 bct size to 5632
20:15:29.793 - Info: [   0.1309 ] Setting MB1 bct size to 5632
20:15:29.797 - Info: [   0.1338 ] tegrahost_v2 --chip 0x23 0 --align mb1_cold_boot_bct_MB1_aligned.bct
20:15:29.797 - Info: [   0.1344 ] Generating SHA2 Hash for mb1bct
20:15:29.798 - Info: [   0.1363 ] Sha saved in mb1_cold_boot_bct_MB1_aligned.sha
20:15:29.799 - Info: [   0.1377 ] Sha saved in mb1_cold_boot_bct_MB1.sha
20:15:29.799 - Info: [   0.1378 ] tegrahost_v2 --chip 0x23 0 --magicid MBCT --ratchet_blob ratchet_blob.bin --appendsigheader mb1_cold_boot_bct_MB1_aligned.bct zerosbk
20:15:29.800 - Info: [   0.1383 ] adding BCH for mb1_cold_boot_bct_MB1_aligned.bct
20:15:29.802 - Info: [   0.1398 ] tegrasign_v3.py --key None --list mb1_cold_boot_bct_MB1_aligned_sigheader.bct_list.xml --sha sha512
20:15:29.802 - Info: [   0.1399 ] Assuming zero filled SBK key
20:15:29.807 - Info: [   0.1411 ] tegrahost_v2 --chip 0x23 0 --updatesigheader mb1_cold_boot_bct_MB1_aligned_sigheader.bct.encrypt mb1_cold_boot_bct_MB1_aligned_sigheader.bct.hash zerosbk
20:15:29.807 - Info: [   0.1442 ] tegrahost_v2 --chip 0x23 0 --partitionlayout readinfo_t234_min_prod.xml.bin --ratchet_blob ratchet_blob.bin --list images_list.xml zerosbk
20:15:29.807 - Info: [   0.1459 ] MB1: Nvheader already present is mb1_t234_prod_aligned.bin
20:15:29.808 - Info: [   0.1461 ] Header already present for mb1_t234_prod_aligned_sigheader.bin
20:15:29.814 - Info: [   0.1472 ] MB1: Nvheader already present is mb1_t234_prod_aligned.bin
20:15:29.815 - Info: [   0.1525 ] Header already present for mb1_t234_prod_aligned_sigheader.bin
20:15:29.819 - Info: [   0.1541 ] MB1: Nvheader already present is psc_bl1_t234_prod_aligned.bin
20:15:29.819 - Info: [   0.1578 ] Header already present for psc_bl1_t234_prod_aligned_sigheader.bin
20:15:29.823 - Info: [   0.1580 ] adding BCH for mb2_t234_aligned.bin
20:15:29.833 - Info: [   0.1621 ] MB1: Nvheader already present is psc_bl1_t234_prod_aligned.bin
20:15:29.837 - Info: [   0.1718 ] Header already present for psc_bl1_t234_prod_aligned_sigheader.bin
20:15:29.837 - Info: [   0.1736 ] adding BCH for mb2_t234_aligned.bin
20:15:29.858 - Info: [   0.1853 ] Filling MB1 storage info
20:15:29.858 - Info: [   0.1853 ] Parsing dev params for multi chains
20:15:29.858 - Info: [   0.1947 ] Generating br-bct
20:15:29.858 - Info: [   0.1952 ] Updating dev and MSS params in BR BCT
20:15:29.858 - Info: [   0.1952 ] tegrabct_v2 --dev_param tegra234-br-bct-diag-boot_cpp.dtb --brbct br_bct.cfg --chip 0x23 0
20:15:29.858 - Info: [   0.1964 ] parse-error-mode: show-continue (default)
20:15:29.858 - Info: [   0.1965 ] File br_bct.cfg saved.
20:15:29.862 - Info: [   0.1980 ] Updating bl info
20:15:29.862 - Info: [   0.2001 ] tegrabct_v2 --brbct br_bct_BR.bct --chip 0x23 0 --updateblinfo readinfo_t234_min_prod.xml.bin --parse-error-mode quiet-continue
20:15:29.863 - Info: [   0.2014 ] parse-error-mode: quiet-continue
20:15:29.864 - Info: [   0.2016 ] File br_bct_BR.bct saved.
20:15:29.866 - Info: [   0.2025 ] File br_bct_BR.bct saved.
20:15:29.870 - Info: [   0.2053 ] Generating signatures
20:15:29.870 - Info: [   0.2057 ] tegrasign_v3.py --key None --list images_list.xml --sha sha512
20:15:29.870 - Info: [   0.2068 ] Assuming zero filled SBK key
20:15:29.896 - Info: [   0.2327 ] Parsing dev params for multi chains
20:15:29.896 - Info: [   0.2327 ] Generating br-bct
20:15:29.896 - Info: [   0.2340 ] Updating dev and MSS params in BR BCT
20:15:29.896 - Info: [   0.2341 ] tegrabct_v2 --dev_param tegra234-br-bct-diag-boot_cpp.dtb --brbct br_bct.cfg --chip 0x23 0 --parse-error-mode quiet-continue
20:15:29.897 - Info: [   0.2346 ] parse-error-mode: quiet-continue
20:15:29.897 - Info: [   0.2353 ] File br_bct.cfg saved.
20:15:29.899 - Info: [   0.2363 ] Updating bl info
20:15:29.899 - Info: [   0.2375 ] tegrabct_v2 --brbct br_bct_BR.bct --chip 0x23 0 --updateblinfo readinfo_t234_min_prod.xml.bin --parse-error-mode quiet-continue --updatesig images_list_signed.xml
20:15:29.900 - Info: [   0.2379 ] parse-error-mode: quiet-continue
20:15:29.900 - Info: [   0.2384 ] File br_bct_BR.bct saved.
20:15:29.902 - Info: [   0.2385 ] File br_bct_BR.bct saved.
20:15:29.904 - Info: [   0.2410 ] File br_bct_BR.bct saved.
20:15:29.904 - Info: [   0.2424 ] File br_bct_BR.bct saved.
20:15:29.908 - Info: [   0.2431 ] Generating SHA2 Hash
20:15:29.913 - Info: [   0.2477 ] Sha saved in br_bct_BR.sha
20:15:29.913 - Info: [   0.2475 ] Get Signed section of bct
20:15:29.913 - Info: [   0.2496 ] tegrabct_v2 --brbct br_bct_BR.bct --chip 0x23 0 --listbct bct_list.xml
20:15:29.913 - Info: [   0.2512 ] parse-error-mode: show-continue (default)
20:15:29.915 - Info: [   0.2514 ] File br_bct_BR.bct saved.
20:15:29.918 - Info: [   0.2560 ] Signing BCT
20:15:29.918 - Info: [   0.2564 ] tegrasign_v3.py --key None --list bct_list.xml --sha sha512
20:15:29.918 - Info: [   0.2565 ] Assuming zero filled SBK key
20:15:29.923 - Info: [   0.2605 ] Sha saved in br_bct_BR.sha
20:15:29.923 - Info: [   0.2605 ] Updating BCT with signature
20:15:29.923 - Info: [   0.2609 ] tegrabct_v2 --brbct br_bct_BR.bct --chip 0x23 0 --updatesig bct_list_signed.xml
20:15:29.923 - Info: [   0.2619 ] parse-error-mode: show-continue (default)
20:15:29.923 - Info: [   0.2621 ] File br_bct_BR.bct saved.
20:15:29.923 - Info: [   0.2621 ] Offset :4608 Len :3584
20:15:29.924 - Info: [   0.2622 ] File br_bct_BR.bct saved.
20:15:29.926 - Info: [   0.2626 ] Generating SHA2 Hash
20:15:29.926 - Info: [   0.2630 ] tegrasign_v3.py --key None --list bct_list.xml --sha sha512
20:15:29.926 - Info: [   0.2632 ] Assuming zero filled SBK key
20:15:29.926 - Info: [   0.2632 ] Assuming zero filled SBK key
20:15:29.932 - Info: [   0.2685 ] Sha saved in br_bct_BR.sha
20:15:29.932 - Info: [   0.2689 ] Updating BCT with SHA2 Hash
20:15:29.932 - Info: [   0.2694 ] tegrabct_v2 --brbct br_bct_BR.bct --chip 0x23 0 --updatesha bct_list_signed.xml
20:15:29.932 - Info: [   0.2709 ] parse-error-mode: show-continue (default)
20:15:29.932 - Info: [   0.2710 ] File br_bct_BR.bct saved.
20:15:29.932 - Info: [   0.2711 ] Offset :4608 Len :3584
20:15:29.932 - Info: [   0.2712 ] Offset :68 Len :8124
20:15:29.933 - Info: [   0.2713 ] File br_bct_BR.bct saved.
20:15:29.934 - Info: [   0.2721 ] Generating coldboot mb1-bct
20:15:29.934 - Info: [   0.2725 ] tegrabct_v2 --chip 0x23 0 --mb1bct mb1_cold_boot_bct.cfg --misc tegra234-mb1-bct-misc-p3767-0000_cpp.dtb --device tegra234-mb1-bct-device-p3767-0000_cpp.dtb --minratchet tegra234-mb1-bct-ratchet-p3767-0000_cpp.dtb --ratchet_blob ratchet_blob.bin --parse-error-mode quiet-continue
20:15:29.934 - Info: [   0.2732 ] parse-error-mode: quiet-continue
20:15:29.935 - Info: [   0.2733 ] MB1-BCT version: 0.12
20:15:29.938 - Info: 
20:15:29.938 - Info: [   0.2760 ] Parsing config file :tegra234-mb1-bct-device-p3767-0000_cpp.dtb 
20:15:29.938 - Info: [   0.2762 ] Added Platform Config 9 data with size :- 104
20:15:29.938 - Info: 
20:15:29.938 - Info: [   0.2763 ] Parsing config file :tegra234-mb1-bct-ratchet-p3767-0000_cpp.dtb 
20:15:29.939 - Info: [   0.2765 ] Setting MB1 bct size to 5632
20:15:29.943 - Info: [   0.2793 ] Updating mb1-bct with firmware information
20:15:29.943 - Info: [   0.2800 ] tegrabct_v2 --chip 0x23 0 --mb1bct mb1_cold_boot_bct_MB1.bct --updatefwinfo readinfo_t234_min_prod.xml.bin
20:15:29.943 - Info: [   0.2809 ] parse-error-mode: show-continue (default)
20:15:29.943 - Info: [   0.2810 ] Setting MB1 bct size to 5632
20:15:29.943 - Info: [   0.2811 ] Setting MB1 bct size to 5632
20:15:29.948 - Info: [   0.2842 ] tegrahost_v2 --chip 0x23 0 --align mb1_cold_boot_bct_MB1_aligned.bct
20:15:29.948 - Info: [   0.2859 ] Generating SHA2 Hash for mb1bct
20:15:29.949 - Info: [   0.2876 ] Sha saved in mb1_cold_boot_bct_MB1_aligned.sha
20:15:29.952 - Info: [   0.2893 ] Sha saved in mb1_cold_boot_bct_MB1.sha
20:15:29.952 - Info: [   0.2897 ] tegrahost_v2 --chip 0x23 0 --magicid MBCT --ratchet_blob ratchet_blob.bin --appendsigheader mb1_cold_boot_bct_MB1_aligned.bct zerosbk
20:15:29.952 - Info: [   0.2907 ] adding BCH for mb1_cold_boot_bct_MB1_aligned.bct
20:15:29.957 - Info: [   0.2925 ] tegrasign_v3.py --key None --list mb1_cold_boot_bct_MB1_aligned_sigheader.bct_list.xml --sha sha512
20:15:29.957 - Info: [   0.2926 ] Assuming zero filled SBK key
20:15:29.961 - Info: [   0.2980 ] tegrahost_v2 --chip 0x23 0 --updatesigheader mb1_cold_boot_bct_MB1_aligned_sigheader.bct.encrypt mb1_cold_boot_bct_MB1_aligned_sigheader.bct.hash zerosbk
20:15:29.961 - Info: [   0.2993 ] Generating recovery mb1-bct
20:15:29.961 - Info: [   0.2998 ] tegrabct_v2 --chip 0x23 0 --mb1bct mb1_bct.cfg --misc tegra234-mb1-bct-misc-p3767-0000_cpp.dtb --device tegra234-mb1-bct-device-p3767-0000_cpp.dtb --minratchet tegra234-mb1-bct-ratchet-p3767-0000_cpp.dtb --ratchet_blob ratchet_blob.bin --parse-error-mode quiet-continue
20:15:29.961 - Info: [   0.3001 ] parse-error-mode: quiet-continue
20:15:29.962 - Info: [   0.3003 ] MB1-BCT version: 0.12
20:15:29.964 - Info: 
20:15:29.964 - Info: [   0.3017 ] Parsing config file :tegra234-mb1-bct-device-p3767-0000_cpp.dtb 
20:15:29.964 - Info: [   0.3023 ] Added Platform Config 9 data with size :- 104
20:15:29.964 - Info: 
20:15:29.964 - Info: [   0.3024 ] Parsing config file :tegra234-mb1-bct-ratchet-p3767-0000_cpp.dtb 
20:15:29.964 - Info: [   0.3026 ] Setting MB1 bct size to 5632
20:15:29.967 - Info: [   0.3029 ] Updating mb1-bct with firmware information
20:15:29.967 - Info: [   0.3033 ] tegrabct_v2 --chip 0x23 0 --mb1bct mb1_bct_MB1.bct --recov --updatefwinfo readinfo_t234_min_prod.xml.bin
20:15:29.967 - Info: [   0.3050 ] parse-error-mode: show-continue (default)
20:15:29.967 - Info: [   0.3052 ] Setting MB1 bct size to 5632
20:15:29.967 - Info: [   0.3053 ] Setting MB1 bct size to 5632
20:15:29.976 - Info: [   0.3093 ] tegrahost_v2 --chip 0x23 0 --align mb1_bct_MB1_aligned.bct
20:15:29.976 - Info: [   0.3108 ] Generating SHA2 Hash for mb1bct
20:15:29.977 - Info: [   0.3144 ] Sha saved in mb1_bct_MB1_aligned.sha
20:15:29.982 - Info: [   0.3173 ] Sha saved in mb1_bct_MB1.sha
20:15:29.982 - Info: [   0.3178 ] tegrahost_v2 --chip 0x23 0 --magicid MBCT --ratchet_blob ratchet_blob.bin --appendsigheader mb1_bct_MB1_aligned.bct zerosbk
20:15:29.982 - Info: [   0.3191 ] adding BCH for mb1_bct_MB1_aligned.bct
20:15:30.029 - Info: [   0.3225 ] tegrasign_v3.py --key None --list mb1_bct_MB1_aligned_sigheader.bct_list.xml --sha sha512
20:15:30.029 - Info: [   0.3226 ] Assuming zero filled SBK key
20:15:30.029 - Info: [   0.3249 ] tegrahost_v2 --chip 0x23 0 --updatesigheader mb1_bct_MB1_aligned_sigheader.bct.encrypt mb1_bct_MB1_aligned_sigheader.bct.hash zerosbk
20:15:30.029 - Info: [   0.3285 ] Info: Skip generating mem_bct because sdram_config is not defined
20:15:30.029 - Info: [   0.3285 ] Info: Skip generating mem_bct because sdram_config is not defined
20:15:30.029 - Info: [   0.3285 ] Copying signatures
20:15:30.029 - Info: [   0.3292 ] tegrahost_v2 --chip 0x23 0 --partitionlayout readinfo_t234_min_prod.xml.bin --updatesig images_list_signed.xml
20:15:30.029 - Info: [   0.3373 ] mb1_t234_prod_aligned_sigheader.bin.encrypt filename is from images_list
20:15:30.029 - Info: [   0.3374 ] psc_bl1_t234_prod_aligned_sigheader.bin.encrypt filename is from images_list
20:15:30.029 - Info: [   0.3374 ] Boot Rom communication
20:15:30.029 - Info: [   0.3383 ] tegrarcm_v2 --new_session --chip 0x23 0 --uid --download bct_br br_bct_BR.bct --download mb1 mb1_t234_prod_aligned_sigheader.bin.encrypt --download psc_bl1 psc_bl1_t234_prod_aligned_sigheader.bin.encrypt --download bct_mb1 mb1_bct_MB1_sigheader.bct.encrypt
20:15:30.030 - Info: [   0.3393 ] BR_CID: 0x80012344705E00613C00000014008240
20:15:30.038 - Info: [   0.3688 ] Sending bct_br
20:15:30.039 - Info: [   0.3766 ] Sending mb1
20:15:30.056 - Info: [   0.3778 ] Sending psc_bl1
20:15:30.065 - Info: [   0.3952 ] Sending bct_mb1
20:15:30.071 - Info: [   0.4048 ] Boot Rom communication completed
20:15:30.071 - Info: [   0.4057 ] tegrahost_v2 --chip 0x23 0 --align applet_t234_aligned.bin
20:15:30.071 - Info: [   0.4082 ] tegrahost_v2 --chip 0x23 0 --magicid MB2A --ratchet_blob ratchet_blob.bin --appendsigheader applet_t234_aligned.bin zerosbk
20:15:30.071 - Info: [   0.4099 ] adding BCH for applet_t234_aligned.bin
20:15:30.080 - Info: [   0.4172 ] tegrasign_v3.py --key None --list applet_t234_aligned_sigheader.bin_list.xml --sha sha512
20:15:30.080 - Info: [   0.4174 ] Assuming zero filled SBK key
20:15:30.295 - Info: [   0.4213 ] tegrahost_v2 --chip 0x23 0 --updatesigheader applet_t234_aligned_sigheader.bin.encrypt applet_t234_aligned_sigheader.bin.hash zerosbk
20:15:30.295 - Info: [   0.4262 ] Sending mb2_applet...
20:15:30.295 - Info: 
20:15:30.295 - Info: [   0.4267 ] tegrarcm_v2 --chip 0x23 0 --pollbl --download applet applet_t234_sigheader.bin.encrypt
20:15:30.295 - Info: [   0.4278 ] BL: version 1.0.1.17-t234-54845784-9b0d5809 last_boot_error: 0
20:15:30.318 - Info: [   0.6340 ] Sending applet
20:15:30.550 - Info: [   0.7410 ] completed
20:15:30.550 - Info: [   0.7415 ] tegrarcm_v2 --chip 0x23 0 --ismb2applet
20:15:30.550 - Info: [   0.7432 ] MB2 Applet version 01.00.0000
20:15:30.581 - Info: [   0.8916 ] tegrarcm_v2 --chip 0x23 0 --ismb2applet
20:15:30.582 - Info: [   0.8921 ] MB2 Applet version 01.00.0000
20:15:30.583 - Info: [   0.9207 ] Parsing fuse info as per xml file
20:15:30.583 - Info: [   0.9212 ] tegraparser_v2 --chip 0x23 0 --get_fuse_names fuse_t234.xml read_fuse_names.txt
20:15:30.583 - Info: [   0.9218 ] MagicId=0x45535546 version=0x2
20:15:30.612 - Info: [   0.9228 ] trying to read fuse with MB2 Applet
20:15:30.612 - Info: [   0.9233 ] tegraparser_v2 --chip 0x23 0 --read_fusetype PublicKeyHash read_fuse.bin
20:15:30.612 - Info: [   0.9247 ] tegrarcm_v2 --oem readfuses __fuse_read_scatter.bin read_fuse.bin
20:15:30.612 - Info: [   0.9255 ] MB2 Applet version 01.00.0000
20:15:30.620 - Info: [   0.9508 ] Saved read fuses in file __fuse_read_scatter.bin
20:15:30.623 - Info: [   0.9587 ] Fuse read successful
20:15:30.649 - Info: [   0.9635 ] tegraparser_v2 --chip 0x23 0 --read_fusetype PkcPubkeyHash1 read_fuse.bin
20:15:30.649 - Info: [   0.9647 ] tegrarcm_v2 --oem readfuses __fuse_read_scatter.bin read_fuse.bin
20:15:30.650 - Info: [   0.9651 ] MB2 Applet version 01.00.0000
20:15:30.659 - Info: [   0.9888 ] Saved read fuses in file __fuse_read_scatter.bin
20:15:30.661 - Info: [   0.9961 ] Fuse read successful
20:15:30.682 - Info: [   1.0006 ] tegraparser_v2 --chip 0x23 0 --read_fusetype PkcPubkeyHash2 read_fuse.bin
20:15:30.682 - Info: [   1.0038 ] tegrarcm_v2 --oem readfuses __fuse_read_scatter.bin read_fuse.bin
20:15:30.682 - Info: [   1.0047 ] MB2 Applet version 01.00.0000
20:15:30.690 - Info: [   1.0209 ] Saved read fuses in file __fuse_read_scatter.bin
20:15:30.693 - Info: [   1.0289 ] Fuse read successful
20:15:30.722 - Info: [   1.0326 ] tegraparser_v2 --chip 0x23 0 --read_fusetype BootSecurityInfo read_fuse.bin
20:15:30.722 - Info: [   1.0344 ] tegrarcm_v2 --oem readfuses __fuse_read_scatter.bin read_fuse.bin
20:15:30.722 - Info: [   1.0347 ] MB2 Applet version 01.00.0000
20:15:30.732 - Info: [   1.0611 ] Saved read fuses in file __fuse_read_scatter.bin
20:15:30.735 - Info: [   1.0705 ] Fuse read successful
20:15:30.767 - Info: [   1.0742 ] tegraparser_v2 --chip 0x23 0 --read_fusetype ArmJtagDisable read_fuse.bin
20:15:30.767 - Info: [   1.0770 ] tegrarcm_v2 --oem readfuses __fuse_read_scatter.bin read_fuse.bin
20:15:30.767 - Info: [   1.0775 ] MB2 Applet version 01.00.0000
20:15:30.776 - Info: [   1.1058 ] Saved read fuses in file __fuse_read_scatter.bin
20:15:30.782 - Info: [   1.1154 ] Fuse read successful
20:15:30.825 - Info: [   1.1211 ] tegraparser_v2 --chip 0x23 0 --read_fusetype SecurityMode read_fuse.bin
20:15:30.825 - Info: [   1.1233 ] tegrarcm_v2 --oem readfuses __fuse_read_scatter.bin read_fuse.bin
20:15:30.826 - Info: [   1.1235 ] MB2 Applet version 01.00.0000
20:15:30.835 - Info: [   1.1645 ] Saved read fuses in file __fuse_read_scatter.bin
20:15:30.841 - Info: [   1.1738 ] Fuse read successful
20:15:30.876 - Info: [   1.1795 ] tegraparser_v2 --chip 0x23 0 --read_fusetype SwReserved read_fuse.bin
20:15:30.876 - Info: [   1.1846 ] tegrarcm_v2 --oem readfuses __fuse_read_scatter.bin read_fuse.bin
20:15:30.877 - Info: [   1.1849 ] MB2 Applet version 01.00.0000
20:15:30.886 - Info: [   1.2151 ] Saved read fuses in file __fuse_read_scatter.bin
20:15:30.887 - Info: [   1.2236 ] Fuse read successful
20:15:30.915 - Info: [   1.2275 ] tegraparser_v2 --chip 0x23 0 --read_fusetype DebugAuthentication read_fuse.bin
20:15:30.915 - Info: [   1.2289 ] tegrarcm_v2 --oem readfuses __fuse_read_scatter.bin read_fuse.bin
20:15:30.916 - Info: [   1.2292 ] MB2 Applet version 01.00.0000
20:15:30.926 - Info: [   1.2545 ] Saved read fuses in file __fuse_read_scatter.bin
20:15:30.927 - Info: [   1.2642 ] Fuse read successful
20:15:30.954 - Info: [   1.2672 ] tegraparser_v2 --chip 0x23 0 --read_fusetype OdmInfo read_fuse.bin
20:15:30.954 - Info: [   1.2681 ] tegrarcm_v2 --oem readfuses __fuse_read_scatter.bin read_fuse.bin
20:15:30.954 - Info: [   1.2684 ] MB2 Applet version 01.00.0000
20:15:30.965 - Info: [   1.2934 ] Saved read fuses in file __fuse_read_scatter.bin
20:15:30.967 - Info: [   1.3027 ] Fuse read successful
20:15:30.995 - Info: [   1.3067 ] tegraparser_v2 --chip 0x23 0 --read_fusetype OdmId read_fuse.bin
20:15:30.995 - Info: [   1.3094 ] tegrarcm_v2 --oem readfuses __fuse_read_scatter.bin read_fuse.bin
20:15:30.996 - Info: [   1.3097 ] MB2 Applet version 01.00.0000
20:15:31.005 - Info: [   1.3348 ] Saved read fuses in file __fuse_read_scatter.bin
20:15:31.010 - Info: [   1.3445 ] Fuse read successful
20:15:31.060 - Info: [   1.3511 ] tegraparser_v2 --chip 0x23 0 --read_fusetype OdmLock read_fuse.bin
20:15:31.060 - Info: [   1.3535 ] tegrarcm_v2 --oem readfuses __fuse_read_scatter.bin read_fuse.bin
20:15:31.061 - Info: [   1.3544 ] MB2 Applet version 01.00.0000
20:15:31.070 - Info: [   1.3997 ] Saved read fuses in file __fuse_read_scatter.bin
20:15:31.073 - Info: [   1.4092 ] Fuse read successful
20:15:31.095 - Info: [   1.4129 ] tegraparser_v2 --chip 0x23 0 --read_fusetype ReservedOdm0 read_fuse.bin
20:15:31.095 - Info: [   1.4155 ] tegrarcm_v2 --oem readfuses __fuse_read_scatter.bin read_fuse.bin
20:15:31.096 - Info: [   1.4158 ] MB2 Applet version 01.00.0000
20:15:31.104 - Info: [   1.4349 ] Saved read fuses in file __fuse_read_scatter.bin
20:15:31.106 - Info: [   1.4431 ] Fuse read successful
20:15:31.132 - Info: [   1.4472 ] tegraparser_v2 --chip 0x23 0 --read_fusetype ReservedOdm1 read_fuse.bin
20:15:31.132 - Info: [   1.4493 ] tegrarcm_v2 --oem readfuses __fuse_read_scatter.bin read_fuse.bin
20:15:31.133 - Info: [   1.4496 ] MB2 Applet version 01.00.0000
20:15:31.141 - Info: [   1.4712 ] Saved read fuses in file __fuse_read_scatter.bin
20:15:31.146 - Info: [   1.4798 ] Fuse read successful
20:15:31.170 - Info: [   1.4859 ] tegraparser_v2 --chip 0x23 0 --read_fusetype ReservedOdm2 read_fuse.bin
20:15:31.170 - Info: [   1.4895 ] tegrarcm_v2 --oem readfuses __fuse_read_scatter.bin read_fuse.bin
20:15:31.170 - Info: [   1.4898 ] MB2 Applet version 01.00.0000
20:15:31.180 - Info: [   1.5088 ] Saved read fuses in file __fuse_read_scatter.bin
20:15:31.182 - Info: [   1.5192 ] Fuse read successful
20:15:31.205 - Info: [   1.5220 ] tegraparser_v2 --chip 0x23 0 --read_fusetype ReservedOdm3 read_fuse.bin
20:15:31.205 - Info: [   1.5266 ] tegrarcm_v2 --oem readfuses __fuse_read_scatter.bin read_fuse.bin
20:15:31.206 - Info: [   1.5271 ] MB2 Applet version 01.00.0000
20:15:31.214 - Info: [   1.5447 ] Saved read fuses in file __fuse_read_scatter.bin
20:15:31.220 - Info: [   1.5531 ] Fuse read successful
20:15:31.247 - Info: [   1.5594 ] tegraparser_v2 --chip 0x23 0 --read_fusetype ReservedOdm4 read_fuse.bin
20:15:31.247 - Info: [   1.5604 ] tegrarcm_v2 --oem readfuses __fuse_read_scatter.bin read_fuse.bin
20:15:31.249 - Info: [   1.5607 ] MB2 Applet version 01.00.0000
20:15:31.257 - Info: [   1.5876 ] Saved read fuses in file __fuse_read_scatter.bin
20:15:31.261 - Info: [   1.5960 ] Fuse read successful
20:15:31.304 - Info: [   1.6001 ] tegraparser_v2 --chip 0x23 0 --read_fusetype ReservedOdm5 read_fuse.bin
20:15:31.304 - Info: [   1.6031 ] tegrarcm_v2 --oem readfuses __fuse_read_scatter.bin read_fuse.bin
20:15:31.304 - Info: [   1.6033 ] MB2 Applet version 01.00.0000
20:15:31.319 - Info: [   1.6430 ] Saved read fuses in file __fuse_read_scatter.bin
20:15:31.321 - Info: [   1.6581 ] Fuse read successful
20:15:31.349 - Info: [   1.6609 ] tegraparser_v2 --chip 0x23 0 --read_fusetype ReservedOdm6 read_fuse.bin
20:15:31.349 - Info: [   1.6629 ] tegrarcm_v2 --oem readfuses __fuse_read_scatter.bin read_fuse.bin
20:15:31.351 - Info: [   1.6635 ] MB2 Applet version 01.00.0000
20:15:31.361 - Info: [   1.6894 ] Saved read fuses in file __fuse_read_scatter.bin
20:15:31.363 - Info: [   1.6999 ] Fuse read successful
20:15:31.373 - Info: [   1.7030 ] tegraparser_v2 --chip 0x23 0 --read_fusetype ReservedOdm7 read_fuse.bin
20:15:31.373 - Info: [   1.7056 ] tegrarcm_v2 --oem readfuses __fuse_read_scatter.bin read_fuse.bin
20:15:31.373 - Info: [   1.7068 ] MB2 Applet version 01.00.0000
20:15:31.383 - Info: [   1.7124 ] Saved read fuses in file __fuse_read_scatter.bin
20:15:31.385 - Info: [   1.7215 ] Fuse read successful
20:15:31.415 - Info: [   1.7246 ] tegraparser_v2 --chip 0x23 0 --read_fusetype Sku read_fuse.bin
20:15:31.415 - Info: [   1.7275 ] tegrarcm_v2 --oem readfuses __fuse_read_scatter.bin read_fuse.bin
20:15:31.416 - Info: [   1.7278 ] MB2 Applet version 01.00.0000
20:15:31.424 - Info: [   1.7555 ] Saved read fuses in file __fuse_read_scatter.bin
20:15:31.429 - Info: [   1.7635 ] Fuse read successful
20:15:31.460 - Info: [   1.7693 ] tegraparser_v2 --chip 0x23 0 --read_fusetype Uid read_fuse.bin
20:15:31.460 - Info: [   1.7721 ] tegrarcm_v2 --oem readfuses __fuse_read_scatter.bin read_fuse.bin
20:15:31.460 - Info: [   1.7730 ] MB2 Applet version 01.00.0000
20:15:31.470 - Info: [   1.7987 ] Saved read fuses in file __fuse_read_scatter.bin
20:15:31.474 - Info: [   1.8093 ] Fuse read successful
20:15:31.532 - Info: [   1.8132 ] tegraparser_v2 --chip 0x23 0 --read_fusetype OptEmcDisable read_fuse.bin
20:15:31.533 - Info: [   1.8165 ] tegrarcm_v2 --oem readfuses __fuse_read_scatter.bin read_fuse.bin
20:15:31.533 - Info: [   1.8168 ] MB2 Applet version 01.00.0000
20:15:31.543 - Info: [   1.8720 ] Saved read fuses in file __fuse_read_scatter.bin
20:15:31.546 - Info: [   1.8815 ] Fuse read successful
20:15:31.560 - Info: [   1.8857 ] tegrarcm_v2 --chip 0x23 0 --ismb2applet
20:15:31.560 - Info: [   1.8868 ] MB2 Applet version 01.00.0000
20:15:31.574 - Info: [   1.8995 ] tegrarcm_v2 --chip 0x23 0 --ismb2applet
20:15:31.574 - Info: [   1.9009 ] MB2 Applet version 01.00.0000
20:15:31.593 - Info: [   1.9147 ] Retrieving board information
20:15:31.593 - Info: [   1.9150 ] tegrarcm_v2 --chip 0x23 0 --oem platformdetails chip chip_info.bin
20:15:31.593 - Info: [   1.9153 ] MB2 Applet version 01.00.0000
20:15:31.600 - Info: [   1.9319 ] Saved platform info in chip_info.bin
20:15:31.600 - Info: [   1.9391 ] Chip minor revision: 1
20:15:31.600 - Info: [   1.9391 ] Bootrom revision: 0x7
20:15:31.600 - Info: [   1.9392 ] Ram code: 0x2
20:15:31.600 - Info: [   1.9392 ] Chip sku: 0xd5
20:15:31.600 - Info: [   1.9392 ] Chip Sample: prod
20:15:31.617 - Info: [   1.9432 ] Retrieving EEPROM data
20:15:31.617 - Info: [   1.9433 ] Renaming /home/ckw/nvidia/nvidia_sdk/JetPack_7.2_Linux_JETSON_ORIN_NANO_TARGETS/Linux_for_Tegra/bootloader/cvm.bin to /home/ckw/nvidia/nvidia_sdk/JetPack_7.2_Linux_JETSON_ORIN_NANO_TARGETS/Linux_for_Tegra/bootloader/cvm.bin.sav
20:15:31.617 - Info: [   1.9434 ] tegrarcm_v2 --oem platformdetails eeprom cvm /home/ckw/nvidia/nvidia_sdk/JetPack_7.2_Linux_JETSON_ORIN_NANO_TARGETS/Linux_for_Tegra/bootloader/cvm.bin --chip 0x23 0
20:15:31.617 - Info: [   1.9444 ] MB2 Applet version 01.00.0000
20:15:31.651 - Info: [   1.9558 ] Saved platform info in /home/ckw/nvidia/nvidia_sdk/JetPack_7.2_Linux_JETSON_ORIN_NANO_TARGETS/Linux_for_Tegra/bootloader/cvm.bin
20:15:31.668 - Info: [   1.9931 ] tegrarcm_v2 --chip 0x23 0 --ismb2applet
20:15:31.668 - Info: [   1.9939 ] MB2 Applet version 01.00.0000
20:15:31.681 - Info: [   2.0076 ] tegrarcm_v2 --chip 0x23 0 --ismb2applet
20:15:31.681 - Info: [   2.0084 ] MB2 Applet version 01.00.0000
20:15:31.702 - Info: [   2.0205 ] Dumping customer Info
20:15:31.702 - Info: [   2.0210 ] tegrarcm_v2 --chip 0x23 0 --oem dump bct tmp.bct
20:15:31.703 - Info: [   2.0213 ] MB2 Applet version 01.00.0000
20:15:31.722 - Info: [   2.0412 ] Saved bct in tmp.bct
20:15:31.729 - Info: [   2.0656 ] Renaming /home/ckw/nvidia/nvidia_sdk/JetPack_7.2_Linux_JETSON_ORIN_NANO_TARGETS/Linux_for_Tegra/bootloader/custinfo_out.bin to /home/ckw/nvidia/nvidia_sdk/JetPack_7.2_Linux_JETSON_ORIN_NANO_TARGETS/Linux_for_Tegra/bootloader/custinfo_out.bin.sav
20:15:31.729 - Info: [   2.0665 ] tegrabct_v2 --brbct tmp.bct --chip 0x23 0 --custinfo /home/ckw/nvidia/nvidia_sdk/JetPack_7.2_Linux_JETSON_ORIN_NANO_TARGETS/Linux_for_Tegra/bootloader/custinfo_out.bin
20:15:31.729 - Info: [   2.0671 ] parse-error-mode: show-continue (default)
20:15:31.730 - Info: [   2.0674 ] File tmp.bct saved.
20:15:31.778 - Info: [   2.0686 ] Customer data saved in /home/ckw/nvidia/nvidia_sdk/JetPack_7.2_Linux_JETSON_ORIN_NANO_TARGETS/Linux_for_Tegra/bootloader/custinfo_out.bin successfully
20:15:31.778 - Info: [   2.0689 ] Rebooting to recovery mode
20:15:31.778 - Info: [   2.0694 ] tegrarcm_v2 --chip 0x23 0 --ismb2
20:15:31.778 - Info: [   2.1100 ] tegrarcm_v2 --chip 0x23 0 --ismb2applet
20:15:31.778 - Info: [   2.1106 ] MB2 Applet version 01.00.0000
20:15:31.799 - Info: [   2.1179 ] Booting to recovery mode
20:15:31.799 - Info: [   2.1184 ] tegrarcm_v2 --chip 0x23 0 --reboot recovery
20:15:31.799 - Info: [   2.1189 ] MB2 Applet version 01.00.0000
20:15:33.838 - Info: Board ID(3767) version(300) sku(0005) revision(T.1)
20:15:33.839 - Info: RAMCODE is 2
20:15:33.854 - Info: Chip SKU(00:00:00:D5) ramcode(2) fuselevel(fuselevel_production) board_FAB(300)
20:15:33.933 - Info: Using user_dev sector size 512
20:15:34.271 - Info: Copy /home/ckw/nvidia/nvidia_sdk/JetPack_7.2_Linux_JETSON_ORIN_NANO_TARGETS/Linux_for_Tegra/kernel/dtb/tegra234-p3768-0000+p3767-0005-nv-super.dtb to /home/ckw/nvidia/nvidia_sdk/JetPack_7.2_Linux_JETSON_ORIN_NANO_TARGETS/Linux_for_Tegra/kernel/dtb/tegra234-p3768-0000+p3767-0005-nv-super.dtb.rec
20:15:34.315 - Info: Generated UUID dc6f4a5a-4c7e-4bb3-b960-75759d6282d3 for mounting root APP_ext partition.
20:15:34.322 - Info: copying bctfile(/home/ckw/nvidia/nvidia_sdk/JetPack_7.2_Linux_JETSON_ORIN_NANO_TARGETS/Linux_for_Tegra/bootloader/generic/BCT/tegra234-p3767-0001-sdram-l4t.dts)... done.
20:15:34.323 - Info: bct_flags_file: 
20:15:34.329 - Info: copying minratchet_config(/home/ckw/nvidia/nvidia_sdk/JetPack_7.2_Linux_JETSON_ORIN_NANO_TARGETS/Linux_for_Tegra/bootloader/generic/BCT/tegra234-mb1-bct-ratchet-p3767-0000.dts)... done.
20:15:34.333 - Info: copying device_config(/home/ckw/nvidia/nvidia_sdk/JetPack_7.2_Linux_JETSON_ORIN_NANO_TARGETS/Linux_for_Tegra/bootloader/generic/BCT/tegra234-mb1-bct-device-p3767-0000.dts)... done.
20:15:34.337 - Info: copying misc_config(/home/ckw/nvidia/nvidia_sdk/JetPack_7.2_Linux_JETSON_ORIN_NANO_TARGETS/Linux_for_Tegra/bootloader/generic/BCT/tegra234-mb1-bct-misc-p3767-0000.dts)... done.
20:15:34.342 - Info: copying pinmux_config(/home/ckw/nvidia/nvidia_sdk/JetPack_7.2_Linux_JETSON_ORIN_NANO_TARGETS/Linux_for_Tegra/bootloader/generic/BCT/tegra234-mb1-bct-pinmux-p3767-dp-a03.dtsi)... done.
20:15:34.345 - Info: copying gpioint_config(/home/ckw/nvidia/nvidia_sdk/JetPack_7.2_Linux_JETSON_ORIN_NANO_TARGETS/Linux_for_Tegra/bootloader/generic/BCT/tegra234-mb1-bct-gpioint-p3767-0000.dts)... done.
20:15:34.349 - Info: copying pmic_config(/home/ckw/nvidia/nvidia_sdk/JetPack_7.2_Linux_JETSON_ORIN_NANO_TARGETS/Linux_for_Tegra/bootloader/generic/BCT/tegra234-mb1-bct-pmic-p3767-0000-a02.dts)... done.
20:15:34.352 - Info: copying pmc_config(/home/ckw/nvidia/nvidia_sdk/JetPack_7.2_Linux_JETSON_ORIN_NANO_TARGETS/Linux_for_Tegra/bootloader/generic/BCT/tegra234-mb1-bct-padvoltage-p3767-dp-a03.dtsi)... done.
20:15:34.356 - Info: copying deviceprod_config(/home/ckw/nvidia/nvidia_sdk/JetPack_7.2_Linux_JETSON_ORIN_NANO_TARGETS/Linux_for_Tegra/bootloader/generic/BCT/tegra234-mb1-bct-cprod-p3767-0000.dts)... done.
20:15:34.359 - Info: copying prod_config(/home/ckw/nvidia/nvidia_sdk/JetPack_7.2_Linux_JETSON_ORIN_NANO_TARGETS/Linux_for_Tegra/bootloader/generic/BCT/tegra234-mb1-bct-prod-p3767-0000.dts)... done.
20:15:34.364 - Info: copying scr_config(/home/ckw/nvidia/nvidia_sdk/JetPack_7.2_Linux_JETSON_ORIN_NANO_TARGETS/Linux_for_Tegra/bootloader/generic/BCT/tegra234-mb2-bct-scr-p3767-0000.dts)... done.
20:15:34.368 - Info: copying wb0sdram(/home/ckw/nvidia/nvidia_sdk/JetPack_7.2_Linux_JETSON_ORIN_NANO_TARGETS/Linux_for_Tegra/bootloader/generic/BCT/tegra234-p3767-0001-wb0sdram-l4t.dts)... done.
20:15:34.371 - Info: copying bootrom_config(/home/ckw/nvidia/nvidia_sdk/JetPack_7.2_Linux_JETSON_ORIN_NANO_TARGETS/Linux_for_Tegra/bootloader/generic/BCT/tegra234-mb1-bct-reset-p3767-0000.dts)... done.
20:15:34.377 - Info: Existing uphylane_config(/home/ckw/nvidia/nvidia_sdk/JetPack_7.2_Linux_JETSON_ORIN_NANO_TARGETS/Linux_for_Tegra/bootloader/tegra234-mb1-bct-uphylane-si.dtsi) reused.
20:15:34.380 - Info: copying dev_params(/home/ckw/nvidia/nvidia_sdk/JetPack_7.2_Linux_JETSON_ORIN_NANO_TARGETS/Linux_for_Tegra/bootloader/generic/BCT/tegra234-br-bct-p3767-0000-l4t.dts)... done.
20:15:34.386 - Info: copying dev_params_b(/home/ckw/nvidia/nvidia_sdk/JetPack_7.2_Linux_JETSON_ORIN_NANO_TARGETS/Linux_for_Tegra/bootloader/generic/BCT/tegra234-br-bct_b-p3767-0000-l4t.dts)... done.
20:15:34.392 - Info: copying mb2bct_cfg(/home/ckw/nvidia/nvidia_sdk/JetPack_7.2_Linux_JETSON_ORIN_NANO_TARGETS/Linux_for_Tegra/bootloader/generic/BCT/tegra234-mb2-bct-misc-p3767-0000.dts)... done.
20:15:34.397 - Info: Existing pscfwfile(/home/ckw/nvidia/nvidia_sdk/JetPack_7.2_Linux_JETSON_ORIN_NANO_TARGETS/Linux_for_Tegra/bootloader/pscfw_t234_prod.bin) reused.
20:15:34.403 - Info: Existing pscbl1file(/home/ckw/nvidia/nvidia_sdk/JetPack_7.2_Linux_JETSON_ORIN_NANO_TARGETS/Linux_for_Tegra/bootloader/psc_bl1_t234_prod.bin) reused.
20:15:34.409 - Info: Existing mtsmcefile(/home/ckw/nvidia/nvidia_sdk/JetPack_7.2_Linux_JETSON_ORIN_NANO_TARGETS/Linux_for_Tegra/bootloader/mce_flash_o10_cr_prod.bin) reused.
20:15:34.415 - Info: Existing tscfwfile(/home/ckw/nvidia/nvidia_sdk/JetPack_7.2_Linux_JETSON_ORIN_NANO_TARGETS/Linux_for_Tegra/bootloader/tsec_t234.bin) reused.
20:15:34.421 - Info: Existing mb2applet(/home/ckw/nvidia/nvidia_sdk/JetPack_7.2_Linux_JETSON_ORIN_NANO_TARGETS/Linux_for_Tegra/bootloader/applet_t234.bin) reused.
20:15:34.434 - Info: 	populating kernel to rootfs... Copying /home/ckw/nvidia/nvidia_sdk/JetPack_7.2_Linux_JETSON_ORIN_NANO_TARGETS/Linux_for_Tegra/kernel/Image to /home/ckw/nvidia/nvidia_sdk/JetPack_7.2_Linux_JETSON_ORIN_NANO_TARGETS/Linux_for_Tegra/rootfs/boot
20:15:34.493 - Info: done.
20:15:34.513 - Info: Using L4T_DIR to /home/ckw/nvidia/nvidia_sdk/JetPack_7.2_Linux_JETSON_ORIN_NANO_TARGETS/Linux_for_Tegra
20:15:34.514 - Info: Using rootfs directory: /home/ckw/nvidia/nvidia_sdk/JetPack_7.2_Linux_JETSON_ORIN_NANO_TARGETS/Linux_for_Tegra/rootfs
20:15:34.515 - Info: Updating the initrd: /home/ckw/nvidia/nvidia_sdk/JetPack_7.2_Linux_JETSON_ORIN_NANO_TARGETS/Linux_for_Tegra/bootloader/l4t_initrd.img
20:15:34.515 - Info: Copy /home/ckw/nvidia/nvidia_sdk/JetPack_7.2_Linux_JETSON_ORIN_NANO_TARGETS/Linux_for_Tegra/bootloader/l4t_initrd.img to /home/ckw/nvidia/nvidia_sdk/JetPack_7.2_Linux_JETSON_ORIN_NANO_TARGETS/Linux_for_Tegra/rootfs/boot/initrd
20:15:34.533 - Info: Preparing virtual env
20:15:34.788 - Info: Create the temporary directory /tmp/tmp.9RHiKGknzq for initrd contents. The files will be added later
20:15:39.134 - Info: Including /etc/nv-update-initrd/list.d/binlist
20:15:39.188 - Info: Including /etc/nv-update-initrd/list.d/modules_k6.8
20:15:39.240 - Info: Including /etc/nv-update-initrd/list.d/disable_initrd_bash
20:15:39.268 - Info: nv-update-initrd: Updating /boot/initrd from /etc/nv-update-initrd/list.d for kernel image /boot/Image and version 6.8.12-1021-tegra
20:15:39.431 - Info: Add /usr/sbin/nvluks-srv-app to /tmp/tmp.9RHiKGknzq//usr/sbin/nvluks-srv-app
20:15:39.591 - Info: Add /lib/modules/6.8.12-1021-tegra/modules* to /tmp/tmp.9RHiKGknzq//lib/modules/6.8.12-1021-tegra/
20:15:39.722 - Info: Add /lib/modules/6.8.12-1021-tegra/updates/drivers/net/ethernet/nvidia/nvethernet/nvethernet.ko to /tmp/tmp.9RHiKGknzq//lib/modules/6.8.12-1021-tegra/updates/drivers/net/ethernet/nvidia/nvethernet/nvethernet.ko
20:15:39.847 - Info: Add /lib/modules/6.8.12-1021-tegra/updates/drivers/nvpps/nvpps.ko to /tmp/tmp.9RHiKGknzq//lib/modules/6.8.12-1021-tegra/updates/drivers/nvpps/nvpps.ko
20:15:39.970 - Info: Add /lib/modules/6.8.12-1021-tegra/updates/drivers/net/ethernet/realtek/r8126/r8126.ko to /tmp/tmp.9RHiKGknzq//lib/modules/6.8.12-1021-tegra/updates/drivers/net/ethernet/realtek/r8126/r8126.ko
20:15:40.102 - Info: Add /lib/modules/6.8.12-1021-tegra/updates/drivers/net/ethernet/realtek/r8168/r8168.ko to /tmp/tmp.9RHiKGknzq//lib/modules/6.8.12-1021-tegra/updates/drivers/net/ethernet/realtek/r8168/r8168.ko
20:15:40.220 - Info: Add /lib/modules/6.8.12-1021-tegra/updates/drivers/usb/typec/fusb301.ko to /tmp/tmp.9RHiKGknzq//lib/modules/6.8.12-1021-tegra/updates/drivers/usb/typec/fusb301.ko
20:15:40.358 - Info: Add /lib/modules/6.8.12-1021-tegra/kernel/drivers/nvme/host/nvme.ko to /tmp/tmp.9RHiKGknzq//lib/modules/6.8.12-1021-tegra/kernel/drivers/nvme/host/nvme.ko
20:15:40.486 - Info: Add /lib/modules/6.8.12-1021-tegra/kernel/drivers/nvme/host/nvme-core.ko to /tmp/tmp.9RHiKGknzq//lib/modules/6.8.12-1021-tegra/kernel/drivers/nvme/host/nvme-core.ko
20:15:40.611 - Info: Add /lib/modules/6.8.12-1021-tegra/kernel/drivers/pci/controller/dwc/pcie-tegra194.ko to /tmp/tmp.9RHiKGknzq//lib/modules/6.8.12-1021-tegra/kernel/drivers/pci/controller/dwc/pcie-tegra194.ko
20:15:40.737 - Info: Add /lib/modules/6.8.12-1021-tegra/kernel/drivers/phy/tegra/phy-tegra194-p2u.ko to /tmp/tmp.9RHiKGknzq//lib/modules/6.8.12-1021-tegra/kernel/drivers/phy/tegra/phy-tegra194-p2u.ko
20:15:40.889 - Info: Add /lib/modules/6.8.12-1021-tegra/kernel/drivers/usb/gadget/udc/tegra-xudc.ko to /tmp/tmp.9RHiKGknzq//lib/modules/6.8.12-1021-tegra/kernel/drivers/usb/gadget/udc/tegra-xudc.ko
20:15:41.017 - Info: Add /lib/modules/6.8.12-1021-tegra/kernel/drivers/usb/typec/ucsi/typec_ucsi.ko to /tmp/tmp.9RHiKGknzq//lib/modules/6.8.12-1021-tegra/kernel/drivers/usb/typec/ucsi/typec_ucsi.ko
20:15:41.143 - Info: Add /lib/modules/6.8.12-1021-tegra/kernel/drivers/usb/typec/ucsi/ucsi_ccg.ko to /tmp/tmp.9RHiKGknzq//lib/modules/6.8.12-1021-tegra/kernel/drivers/usb/typec/ucsi/ucsi_ccg.ko
20:15:41.274 - Info: Add /lib/modules/6.8.12-1021-tegra/kernel/drivers/usb/typec/typec.ko to /tmp/tmp.9RHiKGknzq//lib/modules/6.8.12-1021-tegra/kernel/drivers/usb/typec/typec.ko
20:15:41.398 - Info: Add /lib/modules/6.8.12-1021-tegra/kernel/drivers/usb/storage/uas.ko to /tmp/tmp.9RHiKGknzq//lib/modules/6.8.12-1021-tegra/kernel/drivers/usb/storage/uas.ko
20:15:41.522 - Info: Add /lib/modules/6.8.12-1021-tegra/kernel/drivers/thermal/tegra/tegra-bpmp-thermal.ko to /tmp/tmp.9RHiKGknzq//lib/modules/6.8.12-1021-tegra/kernel/drivers/thermal/tegra/tegra-bpmp-thermal.ko
20:15:41.642 - Info: Add /lib/modules/6.8.12-1021-tegra/kernel/drivers/pwm/pwm-tegra.ko to /tmp/tmp.9RHiKGknzq//lib/modules/6.8.12-1021-tegra/kernel/drivers/pwm/pwm-tegra.ko
20:15:41.763 - Info: Add /lib/modules/6.8.12-1021-tegra/kernel/drivers/hwmon/pwm-fan.ko to /tmp/tmp.9RHiKGknzq//lib/modules/6.8.12-1021-tegra/kernel/drivers/hwmon/pwm-fan.ko
20:15:41.901 - Info: Add /lib/modules/6.8.12-1021-tegra/updates/drivers/scsi/ufs/ufs-tegra.ko to /tmp/tmp.9RHiKGknzq//lib/modules/6.8.12-1021-tegra/updates/drivers/scsi/ufs/ufs-tegra.ko
20:15:42.032 - Info: Add /lib/modules/6.8.12-1021-tegra/kernel/drivers/net/usb/r8152.ko to /tmp/tmp.9RHiKGknzq//lib/modules/6.8.12-1021-tegra/kernel/drivers/net/usb/r8152.ko
20:15:42.170 - Info: Add /lib/modules/6.8.12-1021-tegra/updates/drivers/pci/controller/pcie-tegra264.ko to /tmp/tmp.9RHiKGknzq//lib/modules/6.8.12-1021-tegra/updates/drivers/pci/controller/pcie-tegra264.ko
20:15:42.294 - Info: Add /lib/modules/6.8.12-1021-tegra/updates/drivers/block/tegra_virt_storage/tegra_vblk.ko to /tmp/tmp.9RHiKGknzq//lib/modules/6.8.12-1021-tegra/updates/drivers/block/tegra_virt_storage/tegra_vblk.ko
20:15:42.428 - Info: Add /lib/modules/6.8.12-1021-tegra/updates/drivers/block/tegra_oops_virt_storage/tegra_hv_vblk_oops.ko to /tmp/tmp.9RHiKGknzq//lib/modules/6.8.12-1021-tegra/updates/drivers/block/tegra_oops_virt_storage/tegra_hv_vblk_oops.ko
20:15:42.517 - Info: WARNING: File /etc/.disable_initrd_bash is not present in initrd. This is appropriate for development but must be packed for production!
20:15:42.517 - Info: Updating modprobe.d configuration directories for modprobe..
20:15:42.605 - Info: Add config /etc/modprobe.d/alsa-base.conf
20:15:42.663 - Info: Add config /etc/modprobe.d/blacklist-ath_pci.conf
20:15:42.724 - Info: Add config /etc/modprobe.d/blacklist-firewire.conf
20:15:42.786 - Info: Add config /etc/modprobe.d/blacklist-framebuffer.conf
20:15:42.857 - Info: Add config /etc/modprobe.d/blacklist-modem.conf
20:15:42.941 - Info: Add config-link /etc/modprobe.d/blacklist-oss.conf
20:15:43.006 - Info: Add config /etc/modprobe.d/blacklist-rare-network.conf
20:15:43.062 - Info: Add config /etc/modprobe.d/blacklist.conf
20:15:43.125 - Info: Add config /etc/modprobe.d/denylist-nouveau.conf
20:15:43.184 - Info: Add config /etc/modprobe.d/denylist-oot-modules.conf
20:15:43.245 - Info: Add config /etc/modprobe.d/denylist-tpm-ftpm-tee.conf
20:15:43.307 - Info: Add config /etc/modprobe.d/disable-algif_aead.conf
20:15:43.366 - Info: Add config /etc/modprobe.d/iwlwifi.conf
20:15:43.434 - Info: Add config /etc/modprobe.d/nvgpu.conf
20:15:43.494 - Info: Add config /etc/modprobe.d/nvidia-preferred-oot-modules.conf
20:15:43.615 - Info: Add config /lib/modprobe.d/aliases.conf
20:15:43.673 - Info: Add config /lib/modprobe.d/fbdev-blacklist.conf
20:15:43.735 - Info: Add config /lib/modprobe.d/systemd.conf
20:16:24.523 - Info: Cleaning up the temporary directory for updating the initrd..
20:16:24.632 - Info: nv-update-initrd successful!
20:16:24.632 - Info: Cleaning up virtual env
20:16:24.636 - Info: Update /home/ckw/nvidia/nvidia_sdk/JetPack_7.2_Linux_JETSON_ORIN_NANO_TARGETS/Linux_for_Tegra/rootfs/boot/initrd back to /home/ckw/nvidia/nvidia_sdk/JetPack_7.2_Linux_JETSON_ORIN_NANO_TARGETS/Linux_for_Tegra/bootloader/l4t_initrd.img
20:16:24.655 - Info: l4t_update_initrd.sh success!
20:16:24.659 - Info: done.
20:16:24.674 - Info: copying initrd(/home/ckw/nvidia/nvidia_sdk/JetPack_7.2_Linux_JETSON_ORIN_NANO_TARGETS/Linux_for_Tegra/bootloader/l4t_initrd.img)... done.
20:16:24.674 - Info: bl is uefi
20:16:25.069 - Info: Making Boot image... done.
20:16:25.070 - Info: Not signing of boot.img
20:16:25.070 - Info: Making recovery ramdisk for recovery image...
20:16:25.070 - Info: Re-generating recovery ramdisk for recovery image...
20:16:25.269 - Info: /home/ckw/nvidia/nvidia_sdk/JetPack_7.2_Linux_JETSON_ORIN_NANO_TARGETS/Linux_for_Tegra/bootloader/ramdisk_tmp /home/ckw/nvidia/nvidia_sdk/JetPack_7.2_Linux_JETSON_ORIN_NANO_TARGETS/Linux_for_Tegra/bootloader /home/ckw/nvidia/nvidia_sdk/JetPack_7.2_Linux_JETSON_ORIN_NANO_TARGETS/Linux_for_Tegra
20:16:25.422 - Info: 58950 blocks
20:16:25.783 - Info: _BASE_KERNEL_VERSION=6.8.12-1021-tegra
20:16:32.927 - Info: 90520 blocks
20:16:32.967 - Info: Making Recovery image...
20:16:34.114 - Info: 204800+0 records in
20:16:34.114 - Info: 204800+0 records out
20:16:34.117 - Info: 104857600 bytes (105 MB, 100 MiB) copied, 0.618168 s, 170 MB/s
20:16:34.228 - Info: copying recdtbfile(/home/ckw/nvidia/nvidia_sdk/JetPack_7.2_Linux_JETSON_ORIN_NANO_TARGETS/Linux_for_Tegra/kernel/dtb/tegra234-p3768-0000+p3767-0005-nv-super.dtb.rec)... done.
20:16:34.244 - Info: 1024+0 records in
20:16:34.244 - Info: 1024+0 records out
20:16:34.244 - Info: 524288 bytes (524 kB, 512 KiB) copied, 0.00191913 s, 273 MB/s
20:16:34.248 - Info: 20+0 records in
20:16:34.248 - Info: 20+0 records out
20:16:34.248 - Info: 20 bytes copied, 0.000460416 s, 43.4 kB/s
20:16:34.280 - Info: Existing sosfile(/home/ckw/nvidia/nvidia_sdk/JetPack_7.2_Linux_JETSON_ORIN_NANO_TARGETS/Linux_for_Tegra/bootloader/mb1_t234_prod.bin) reused.
20:16:34.288 - Info: Existing mb2blfile(/home/ckw/nvidia/nvidia_sdk/JetPack_7.2_Linux_JETSON_ORIN_NANO_TARGETS/Linux_for_Tegra/bootloader/mb2_t234.bin) reused.
20:16:34.295 - Info: Existing xusbfile(/home/ckw/nvidia/nvidia_sdk/JetPack_7.2_Linux_JETSON_ORIN_NANO_TARGETS/Linux_for_Tegra/bootloader/xusb_t234_prod.bin) reused.
20:16:34.307 - Info: Existing pvafile(/home/ckw/nvidia/nvidia_sdk/JetPack_7.2_Linux_JETSON_ORIN_NANO_TARGETS/Linux_for_Tegra/bootloader/nvpva_020.fw) reused.
20:16:34.350 - Info: Existing dcefile(/home/ckw/nvidia/nvidia_sdk/JetPack_7.2_Linux_JETSON_ORIN_NANO_TARGETS/Linux_for_Tegra/bootloader/display-t234-dce.bin) reused.
20:16:34.355 - Info: copying dcedtbfile(/home/ckw/nvidia/nvidia_sdk/JetPack_7.2_Linux_JETSON_ORIN_NANO_TARGETS/Linux_for_Tegra/kernel/dtb/tegra234-p3768-0000+p3767-0005-nv-super.dtb)... done.
20:16:34.360 - Info: Existing nvdecfile(/home/ckw/nvidia/nvidia_sdk/JetPack_7.2_Linux_JETSON_ORIN_NANO_TARGETS/Linux_for_Tegra/bootloader/nvdec_t234_prod.fw) reused.
20:16:34.368 - Info: Existing psc_rf(/home/ckw/nvidia/nvidia_sdk/JetPack_7.2_Linux_JETSON_ORIN_NANO_TARGETS/Linux_for_Tegra/bootloader/psc_rf_t234_prod.bin) reused.
20:16:34.376 - Info: Existing mb2_rf(/home/ckw/nvidia/nvidia_sdk/JetPack_7.2_Linux_JETSON_ORIN_NANO_TARGETS/Linux_for_Tegra/bootloader/mb2rf_t234.bin) reused.
20:16:34.382 - Info: Existing mb1file(/home/ckw/nvidia/nvidia_sdk/JetPack_7.2_Linux_JETSON_ORIN_NANO_TARGETS/Linux_for_Tegra/bootloader/mb1_t234_prod.bin) reused.
20:16:34.389 - Info: Existing bpffile(/home/ckw/nvidia/nvidia_sdk/JetPack_7.2_Linux_JETSON_ORIN_NANO_TARGETS/Linux_for_Tegra/bootloader/bpmp_t234-TE950M-A1_prod.bin) reused.
20:16:34.392 - Info: copying bpfdtbfile(/home/ckw/nvidia/nvidia_sdk/JetPack_7.2_Linux_JETSON_ORIN_NANO_TARGETS/Linux_for_Tegra/bootloader/generic/tegra234-bpmp-3767-0003-3768-super.dtb)... done.
20:16:34.400 - Info: Existing camerafw(/home/ckw/nvidia/nvidia_sdk/JetPack_7.2_Linux_JETSON_ORIN_NANO_TARGETS/Linux_for_Tegra/bootloader/camera-rtcpu-t234-rce.img) reused.
20:16:34.408 - Info: Existing apefile(/home/ckw/nvidia/nvidia_sdk/JetPack_7.2_Linux_JETSON_ORIN_NANO_TARGETS/Linux_for_Tegra/bootloader/adsp-fw.bin) reused.
20:16:34.413 - Info: Existing spefile(/home/ckw/nvidia/nvidia_sdk/JetPack_7.2_Linux_JETSON_ORIN_NANO_TARGETS/Linux_for_Tegra/bootloader/spe_t234.bin) reused.
20:16:34.419 - Info: Existing wb0boot(/home/ckw/nvidia/nvidia_sdk/JetPack_7.2_Linux_JETSON_ORIN_NANO_TARGETS/Linux_for_Tegra/bootloader/sc7_t234_prod.bin) reused.
20:16:34.430 - Info: Existing tosfile(/home/ckw/nvidia/nvidia_sdk/JetPack_7.2_Linux_JETSON_ORIN_NANO_TARGETS/Linux_for_Tegra/bootloader/tos-optee_t234.img) reused.
20:16:34.434 - Info: Existing eksfile(/home/ckw/nvidia/nvidia_sdk/JetPack_7.2_Linux_JETSON_ORIN_NANO_TARGETS/Linux_for_Tegra/bootloader/eks_t234.img) reused.
20:16:34.437 - Info: copying dtbfile(/home/ckw/nvidia/nvidia_sdk/JetPack_7.2_Linux_JETSON_ORIN_NANO_TARGETS/Linux_for_Tegra/kernel/dtb/tegra234-p3768-0000+p3767-0005-nv-super.dtb)... done.
20:16:34.442 - Info: Copying nv_boot_control.conf to rootfs
20:16:34.482 - Info: 	populating initrd to rootfs... done.
20:16:34.484 - Info: 	populating kernel_tegra234-p3768-0000+p3767-0005-nv-super.dtb to rootfs... done.
20:16:34.485 - Info: Making system.img... 
20:16:36.713 - Info: 	populating rootfs from /home/ckw/nvidia/nvidia_sdk/JetPack_7.2_Linux_JETSON_ORIN_NANO_TARGETS/Linux_for_Tegra/rootfs ... 	populating /boot/extlinux/extlinux.conf ... done.
20:18:22.131 - Info: 	Sync'ing system.img ... done.
20:18:28.679 - Info: 	Converting RAW image to Sparse image... done.
20:19:28.260 - Info: system.img built successfully. 
20:19:28.262 - Info: Not signing of kernel-dtb
20:19:28.295 - Info: copying tbcfile(/home/ckw/nvidia/nvidia_sdk/JetPack_7.2_Linux_JETSON_ORIN_NANO_TARGETS/Linux_for_Tegra/bootloader/uefi_bins/uefi_t23x_general.bin)... done.
20:19:28.306 - Info: copying rcm_tbcfile(/home/ckw/nvidia/nvidia_sdk/JetPack_7.2_Linux_JETSON_ORIN_NANO_TARGETS/Linux_for_Tegra/bootloader/uefi_bins/uefi_t23x_general.bin)... done.
20:19:28.440 - Info: Using esp partition size 67108864
20:19:29.205 - Info: 131072+0 records in
20:19:29.205 - Info: 131072+0 records out
20:19:29.205 - Info: 67108864 bytes (67 MB, 64 MiB) copied, 0.758318 s, 88.5 MB/s
20:19:29.453 - Info: 'esp.img' -> 'esp.img.alt'
20:19:29.478 - Info: Using "mkfs.vfat -I -F 32 -s 1 -S 512 /dev/loop10" to format esp.
20:19:31.713 - Info: 	Sync'ing esp.img ... done.
20:19:34.830 - Info: copying tbcdtbfile(/home/ckw/nvidia/nvidia_sdk/JetPack_7.2_Linux_JETSON_ORIN_NANO_TARGETS/Linux_for_Tegra/kernel/dtb/tegra234-p3768-0000+p3767-0005-nv-super.dtb)... done.
20:19:35.022 - Info: copying cfgfile(/home/ckw/nvidia/nvidia_sdk/JetPack_7.2_Linux_JETSON_ORIN_NANO_TARGETS/Linux_for_Tegra/tools/kernel_flash/flash_l4t_t234_nvme.xml) to flash.xml... done.
20:19:35.132 - Info: Existing flashapp(/home/ckw/nvidia/nvidia_sdk/JetPack_7.2_Linux_JETSON_ORIN_NANO_TARGETS/Linux_for_Tegra/bootloader/tegraflash.py) reused.
20:19:35.160 - Info: copying overlay_dtb(/home/ckw/nvidia/nvidia_sdk/JetPack_7.2_Linux_JETSON_ORIN_NANO_TARGETS/Linux_for_Tegra/kernel/dtb/L4TConfiguration.dtbo)... done.
20:19:35.178 - Info: copying overlay_dtb(/home/ckw/nvidia/nvidia_sdk/JetPack_7.2_Linux_JETSON_ORIN_NANO_TARGETS/Linux_for_Tegra/kernel/dtb/tegra234-carveouts.dtbo)... done.
20:19:35.193 - Info: copying overlay_dtb(/home/ckw/nvidia/nvidia_sdk/JetPack_7.2_Linux_JETSON_ORIN_NANO_TARGETS/Linux_for_Tegra/kernel/dtb/tegra-optee.dtbo)... done.
20:19:35.206 - Info: copying overlay_dtb(/home/ckw/nvidia/nvidia_sdk/JetPack_7.2_Linux_JETSON_ORIN_NANO_TARGETS/Linux_for_Tegra/kernel/dtb/T234SetFmpImageTypeGuid.dtbo)... done.
20:19:35.219 - Info: copying overlay_dtb(/home/ckw/nvidia/nvidia_sdk/JetPack_7.2_Linux_JETSON_ORIN_NANO_TARGETS/Linux_for_Tegra/kernel/dtb/tegra234-p3768-0000+p3767-0000-dynamic.dtbo)... done.
20:19:35.235 - Info: copying overlay_dtb(/home/ckw/nvidia/nvidia_sdk/JetPack_7.2_Linux_JETSON_ORIN_NANO_TARGETS/Linux_for_Tegra/kernel/dtb/BootOrderUsb.dtbo)... done.
20:19:35.255 - Info: /home/ckw/nvidia/nvidia_sdk/JetPack_7.2_Linux_JETSON_ORIN_NANO_TARGETS/Linux_for_Tegra/bootloader/L4TConfiguration_updated.dts: Warning (unit_address_vs_reg): Node /fragment@0 has a unit name, but no reg property
20:19:35.269 - Info: /home/ckw/nvidia/nvidia_sdk/JetPack_7.2_Linux_JETSON_ORIN_NANO_TARGETS/Linux_for_Tegra/bootloader/L4TConfiguration.dtbo: Warning (unit_address_vs_reg): Node /fragment@0 has a unit name, but no reg property
20:19:35.298 - Info: ./tegraflash.py  --bl uefi_t23x_general_with_dtb.bin  --odmdata gbe-uphy-config-8,hsstp-lane-map-3,hsio-uphy-config-0  --overlay_dtb L4TConfiguration.dtbo,tegra234-carveouts.dtbo,tegra-optee.dtbo,T234SetFmpImageTypeGuid.dtbo,tegra234-p3768-0000+p3767-0000-dynamic.dtbo,BootOrderUsb.dtbo  --rawkerneldtb kernel_tegra234-p3768-0000+p3767-0005-nv-super.dtb  --bldtb tegra234-p3768-0000+p3767-0005-nv-super.dtb --applet mb1_t234_prod.bin  --cmd " sign"  --cfg flash.xml --chip "0x23" --concat_cpubl_bldtb --cpubl uefi_t23x_general.bin --cpubl_rcm uefi_t23x_general.bin  --cust_info custinfo_out.bin --minratchet_config tegra234-mb1-bct-ratchet-p3767-0000.dts --device_config tegra234-mb1-bct-device-p3767-0000.dts --misc_config tegra234-mb1-bct-misc-p3767-0000.dts --pinmux_config tegra234-mb1-bct-pinmux-p3767-dp-a03.dtsi --gpioint_config tegra234-mb1-bct-gpioint-p3767-0000.dts --pmic_config tegra234-mb1-bct-pmic-p3767-0000-a02.dts --pmc_config tegra234-mb1-bct-padvoltage-p3767-dp-a03.dtsi --deviceprod_config tegra234-mb1-bct-cprod-p3767-0000.dts --prod_config tegra234-mb1-bct-prod-p3767-0000.dts --scr_config tegra234-mb2-bct-scr-p3767-0000.dts --wb0sdram_config tegra234-p3767-0001-wb0sdram-l4t.dts --br_cmd_config tegra234-mb1-bct-reset-p3767-0000.dts --uphy tegra234-mb1-bct-uphylane-si.dtsi --dev_params tegra234-br-bct-p3767-0000-l4t.dts,tegra234-br-bct_b-p3767-0000-l4t.dts --mb2bct_cfg tegra234-mb2-bct-misc-p3767-0000.dts  --bins "psc_fw pscfw_t234_prod.bin; mts_mce mce_flash_o10_cr_prod.bin; tsec_fw tsec_t234.bin; mb2_applet applet_t234.bin; mb2_bootloader mb2_t234.bin; xusb_fw xusb_t234_prod.bin; pva_fw nvpva_020.fw; dce_fw display-t234-dce.bin; nvdec nvdec_t234_prod.fw; bpmp_fw bpmp_t234-TE950M-A1_prod.bin; bpmp_fw_dtb tegra234-bpmp-3767-0003-3768-super.dtb; rce_fw camera-rtcpu-t234-rce.img; ape_fw adsp-fw.bin; spe_fw spe_t234.bin; tos tos-optee_t234.img; eks eks_t234.img"  --sdram_config tegra234-p3767-0001-sdram-l4t.dts --external_device  --boot_chain A  --no_pva 0  --ramcode 2  
20:19:39.575 - Info: Welcome to Tegra Flash
20:19:39.575 - Info: version 1.0.0
20:19:39.576 - Info: Type ? or help for help and q or quit to exit
20:19:39.576 - Info: Use ! to execute system commands
20:19:39.576 - Info:  
20:19:39.576 - Info: [   0.0637 ] tegrasign_v3.py --key None --getmode mode.txt
20:19:39.576 - Info: [   0.0639 ] Assuming zero filled SBK key
20:19:39.576 - Info: [   0.0638 ] Parsing partition layout
20:19:39.576 - Info: [   0.0659 ] tegraparser_v2 --pt flash.xml.tmp
20:19:39.576 - Info: [   0.1671 ] /usr/bin/python3 dtbcheck.py -c t234 -o tegra234-bpmp-3767-0003-3768-super_with_odm.dtb tegra234-bpmp-3767-0003-3768-super_with_odm_tmp.dtb
20:19:39.576 - Info: [   0.4263 ] Concatenating L4TConfiguration.dtbo,tegra234-carveouts.dtbo,tegra-optee.dtbo,T234SetFmpImageTypeGuid.dtbo,tegra234-p3768-0000+p3767-0000-dynamic.dtbo,BootOrderUsb.dtbo to tegra234-p3768-0000+p3767-0005-nv-super_with_odm_overlay.dtb.updated
20:19:39.576 - Info: [   0.4268 ] Concatenating bl dtb to cpubl binary
20:19:39.576 - Info: [   0.4369 ] Concatenating bl dtb:(tegra234-p3768-0000+p3767-0005-nv-super_with_odm_overlay.dtb.updated), to cpubl binary: uefi_t23x_general.bin
20:19:39.576 - Info: [   0.4471 ] Kernel DTB used: kernel_tegra234-p3768-0000+p3767-0005-nv-super.dtb
20:19:39.578 - Info: [   0.4471 ] Parsing partition layout
20:19:39.578 - Info: [   0.4481 ] tegraparser_v2 --pt flash.xml.tmp
20:19:39.578 - Info: [   0.4578 ] Creating list of images to be signed
20:19:39.579 - Info: [   0.4603 ] Generating ratchet blob
20:19:39.580 - Info: [   0.4603 ] Pre-processing config: tegra234-mb1-bct-reset-p3767-0000.dts
20:19:39.580 - Info: [   0.5184 ] Pre-processing config: tegra234-mb1-bct-device-p3767-0000.dts
20:19:39.580 - Info: [   0.5343 ] Pre-processing config: tegra234-mb1-bct-cprod-p3767-0000.dts
20:19:39.580 - Info: [   0.5474 ] Pre-processing config: tegra234-mb1-bct-gpioint-p3767-0000.dts
20:19:39.580 - Info: [   0.5656 ] Pre-processing config: tegra234-mb1-bct-misc-p3767-0000.dts
20:19:39.580 - Info: [   0.5847 ] Pre-processing config: tegra234-mb1-bct-pinmux-p3767-dp-a03.dtsi
20:19:39.580 - Info: [   0.6095 ] Pre-processing config: tegra234-mb1-bct-padvoltage-p3767-dp-a03.dtsi
20:19:39.580 - Info: [   0.6241 ] Pre-processing config: tegra234-mb1-bct-pmic-p3767-0000-a02.dts
20:19:39.580 - Info: [   0.6383 ] Pre-processing config: tegra234-mb1-bct-prod-p3767-0000.dts
20:19:39.580 - Info: [   0.6548 ] Pre-processing config: tegra234-mb2-bct-scr-p3767-0000.dts
20:19:39.580 - Info: [   1.1276 ] Pre-processing config: tegra234-p3767-0001-sdram-l4t.dts
20:19:39.580 - Info: [   2.6084 ] Pre-processing config: tegra234-mb1-bct-uphylane-si.dtsi
20:19:39.580 - Info: [   2.6244 ] Pre-processing config: tegra234-p3767-0001-wb0sdram-l4t.dts
20:19:39.580 - Info: [   3.9608 ] Pre-processing config: tegra234-mb1-bct-ratchet-p3767-0000.dts
20:19:39.581 - Info: [   3.9769 ] Generating coldboot mb1-bct
20:19:39.586 - Info: [   3.9775 ] tegrabct_v2 --chip 0x23 0 --mb1bct mb1_cold_boot_bct.cfg --misc tegra234-mb1-bct-misc-p3767-0000_cpp.dtb --wb0sdram tegra234-p3767-0001-wb0sdram-l4t_cpp.dtb --pinmux tegra234-mb1-bct-pinmux-p3767-dp-a03_cpp.dtb --pmc tegra234-mb1-bct-padvoltage-p3767-dp-a03_cpp.dtb --pmic tegra234-mb1-bct-pmic-p3767-0000-a02_cpp.dtb --brcommand tegra234-mb1-bct-reset-p3767-0000_cpp.dtb --prod tegra234-mb1-bct-prod-p3767-0000_cpp.dtb --gpioint tegra234-mb1-bct-gpioint-p3767-0000_cpp.dtb --uphy tegra234-mb1-bct-uphylane-si_cpp.dtb --device tegra234-mb1-bct-device-p3767-0000_cpp.dtb --deviceprod tegra234-mb1-bct-cprod-p3767-0000_cpp.dtb --minratchet tegra234-mb1-bct-ratchet-p3767-0000_cpp.dtb --ratchet_blob ratchet_blob.bin --parse-error-mode quiet-continue
20:19:39.586 - Info: [   3.9780 ] parse-error-mode: quiet-continue
20:19:39.586 - Info: [   3.9788 ] MB1-BCT version: 0.12
20:19:39.586 - Info: 
20:19:39.586 - Info: [   3.9822 ] Parsing config file :tegra234-mb1-bct-pinmux-p3767-dp-a03_cpp.dtb 
20:19:39.591 - Info: [   3.9825 ] Added Platform Config 0 data with size :- 2416
20:19:39.591 - Info: 
20:19:39.591 - Info: [   3.9930 ] Parsing config file :tegra234-mb1-bct-padvoltage-p3767-dp-a03_cpp.dtb 
20:19:39.591 - Info: [   3.9933 ] Added Platform Config 2 data with size :- 24
20:19:39.591 - Info: 
20:19:39.591 - Info: [   3.9935 ] Parsing config file :tegra234-mb1-bct-pmic-p3767-0000-a02_cpp.dtb 
20:19:39.591 - Info: [   3.9938 ] Added Platform Config 4 data with size :- 288
20:19:39.594 - Info: [   3.9941 ] 
20:19:39.594 - Info: [   3.9941 ] Parsing config file :tegra234-mb1-bct-reset-p3767-0000_cpp.dtb 
20:19:39.594 - Info: [   3.9941 ] Added Platform Config 3 data with size :- 52
20:19:39.594 - Info: [   3.9941 ] 
20:19:39.594 - Info: [   3.9941 ] Parsing config file :tegra234-mb1-bct-prod-p3767-0000_cpp.dtb 
20:19:39.594 - Info: [   3.9941 ] Added Platform Config 5 data with size :- 512
20:19:39.594 - Info: [   3.9941 ] 
20:19:39.594 - Info: [   3.9941 ] Parsing config file :tegra234-mb1-bct-gpioint-p3767-0000_cpp.dtb 
20:19:39.594 - Info: [   3.9941 ] Added Platform Config 7 data with size :- 380
20:19:39.594 - Info: [   3.9941 ] 
20:19:39.594 - Info: [   3.9941 ] Parsing config file :tegra234-mb1-bct-uphylane-si_cpp.dtb 
20:19:39.594 - Info: [   3.9941 ] Added Platform Config 8 data with size :- 24
20:19:39.594 - Info: [   3.9941 ] 
20:19:39.594 - Info: [   3.9941 ] Parsing config file :tegra234-mb1-bct-device-p3767-0000_cpp.dtb 
20:19:39.594 - Info: [   3.9941 ] Added Platform Config 9 data with size :- 104
20:19:39.594 - Info: [   3.9941 ] 
20:19:39.594 - Info: [   3.9941 ] Parsing config file :tegra234-mb1-bct-cprod-p3767-0000_cpp.dtb 
20:19:39.594 - Info: [   3.9941 ] Added Platform Config 6 data with size :- 16
20:19:39.594 - Info: [   3.9941 ] 
20:19:39.594 - Info: [   3.9941 ] Parsing config file :tegra234-mb1-bct-ratchet-p3767-0000_cpp.dtb 
20:19:39.594 - Info: [   3.9941 ] Setting MB1 bct size to 9344
20:19:39.594 - Info: [   3.9941 ] 
20:19:39.594 - Info: [   3.9942 ] Updating mb1-bct with firmware information
20:19:39.594 - Info: [   3.9960 ] tegrabct_v2 --chip 0x23 0 --mb1bct mb1_cold_boot_bct_MB1.bct --updatefwinfo flash.xml.bin
20:19:39.595 - Info: [   3.9963 ] parse-error-mode: show-continue (default)
20:19:39.595 - Info: [   3.9966 ] Setting MB1 bct size to 9344
20:19:39.595 - Info: [   3.9967 ] Setting MB1 bct size to 9344
20:19:39.611 - Info: [   4.0075 ] tegrahost_v2 --chip 0x23 0 --align mb1_cold_boot_bct_MB1_aligned.bct
20:19:39.611 - Info: [   4.0084 ] Generating SHA2 Hash for mb1bct
20:19:39.616 - Info: [   4.0146 ] Sha saved in mb1_cold_boot_bct_MB1_aligned.sha
20:19:39.622 - Info: [   4.0210 ] Sha saved in mb1_cold_boot_bct_MB1.sha
20:19:39.623 - Info: [   4.0234 ] tegrahost_v2 --chip 0x23 0 --magicid MBCT --ratchet_blob ratchet_blob.bin --appendsigheader mb1_cold_boot_bct_MB1_aligned.bct zerosbk
20:19:39.623 - Info: [   4.0243 ] adding BCH for mb1_cold_boot_bct_MB1_aligned.bct
20:19:39.627 - Info: [   4.0283 ] tegrasign_v3.py --key None --list mb1_cold_boot_bct_MB1_aligned_sigheader.bct_list.xml --sha sha512
20:19:39.627 - Info: [   4.0284 ] Assuming zero filled SBK key
20:19:39.655 - Info: [   4.0326 ] tegrahost_v2 --chip 0x23 0 --updatesigheader mb1_cold_boot_bct_MB1_aligned_sigheader.bct.encrypt mb1_cold_boot_bct_MB1_aligned_sigheader.bct.hash zerosbk
20:19:39.656 - Info: [   4.0360 ] tegrahost_v2 --chip 0x23 0 --partitionlayout flash.xml.bin --ratchet_blob ratchet_blob.bin --list images_list.xml zerosbk
20:19:39.656 - Info: [   4.0396 ] Filling MB1 storage info
20:19:39.656 - Info: [   4.0396 ] Parsing dev params for multi chains
20:19:39.656 - Info: [   4.0551 ] Generating br-bct
20:19:39.656 - Info: [   4.0567 ] Updating dev and MSS params in BR BCT
20:19:39.656 - Info: [   4.0567 ] tegrabct_v2 --dev_param tegra234-br-bct-p3767-0000-l4t_cpp.dtb --sdram tegra234-p3767-0001-sdram-l4t_cpp.dtb --brbct br_bct.cfg --chip 0x23 0
20:19:39.656 - Info: [   4.0579 ] parse-error-mode: show-continue (default)
20:19:39.776 - Info: [   4.0582 ] File br_bct.cfg saved.
20:19:39.779 - Info: [   4.1806 ] Updating bl info
20:19:39.781 - Info: [   4.1813 ] tegrabct_v2 --brbct br_bct_BR.bct --chip 0x23 0 --updateblinfo flash.xml.bin --parse-error-mode quiet-continue
20:19:39.781 - Info: [   4.1817 ] parse-error-mode: quiet-continue
20:19:39.781 - Info: [   4.1819 ] File br_bct_BR.bct saved.
20:19:39.781 - Info: [   4.1823 ] File br_bct_BR.bct saved.
20:19:39.808 - Info: [   4.2094 ] Generating br-bct
20:19:39.808 - Info: [   4.2104 ] Updating dev and MSS params in BR BCT
20:19:39.808 - Info: [   4.2104 ] tegrabct_v2 --dev_param tegra234-br-bct_b-p3767-0000-l4t_cpp.dtb --sdram tegra234-p3767-0001-sdram-l4t_cpp.dtb --brbct br_bct.cfg --chip 0x23 0
20:19:39.809 - Info: [   4.2115 ] parse-error-mode: show-continue (default)
20:19:39.913 - Info: [   4.2123 ] File br_bct.cfg saved.
20:19:39.916 - Info: [   4.3176 ] Updating bl info
20:19:39.916 - Info: [   4.3187 ] tegrabct_v2 --brbct br_bct_BR.bct --chip 0x23 0 --updateblinfo flash.xml.bin --parse-error-mode quiet-continue
20:19:39.916 - Info: [   4.3192 ] parse-error-mode: quiet-continue
20:19:39.918 - Info: [   4.3195 ] File br_bct_BR.bct saved.
20:19:39.923 - Info: [   4.3211 ] File br_bct_BR.bct saved.
20:19:39.923 - Info: [   4.3211 ] 
20:19:39.923 - Info: [   4.3212 ] Generating signatures
20:19:39.923 - Info: [   4.3215 ] tegrasign_v3.py --key None --list images_list.xml --sha sha512
20:19:39.923 - Info: [   4.3216 ] Assuming zero filled SBK key
20:19:39.923 - Info: [   4.3223 ] Parsing dev params for multi chains
20:19:39.924 - Info: [   4.3223 ] Generating br-bct
20:19:39.924 - Info: [   4.3247 ] Updating dev and MSS params in BR BCT
20:19:39.924 - Info: [   4.3248 ] tegrabct_v2 --dev_param tegra234-br-bct-p3767-0000-l4t_cpp.dtb --sdram tegra234-p3767-0001-sdram-l4t_cpp.dtb --brbct br_bct.cfg --chip 0x23 0 --parse-error-mode quiet-continue
20:19:39.924 - Info: [   4.3253 ] parse-error-mode: quiet-continue
20:19:40.022 - Info: [   4.3255 ] File br_bct.cfg saved.
20:19:40.023 - Info: [   4.4254 ] Updating customer data section
20:19:40.023 - Info: [   4.4263 ] tegrabct_v2 --chip 0x23 0 --brbct br_bct_BR.bct --update_custinfo custinfo_out.bin
20:19:40.025 - Info: [   4.4266 ] parse-error-mode: show-continue (default)
20:19:40.027 - Info: [   4.4279 ] File br_bct_BR.bct saved.
20:19:40.027 - Info: [   4.4279 ] File br_bct_BR.bct saved.
20:19:40.027 - Info: [   4.4279 ] 
20:19:40.027 - Info: [   4.4280 ] Updating bl info
20:19:40.027 - Info: [   4.4292 ] tegrabct_v2 --brbct br_bct_BR.bct --chip 0x23 0 --updateblinfo flash.xml.bin --parse-error-mode quiet-continue --updatesig images_list_signed.xml
20:19:40.029 - Info: [   4.4305 ] parse-error-mode: quiet-continue
20:19:40.029 - Info: [   4.4321 ] File br_bct_BR.bct saved.
20:19:40.031 - Info: [   4.4327 ] File br_bct_BR.bct saved.
20:19:40.031 - Info: [   4.4327 ] 
20:19:40.031 - Info: [   4.4327 ] Generating SHA2 Hash
20:19:40.037 - Info: [   4.4361 ] Sha saved in br_bct_BR.sha
20:19:40.037 - Info: [   4.4359 ] Get Signed section of bct
20:19:40.037 - Info: [   4.4371 ] tegrabct_v2 --brbct br_bct_BR.bct --chip 0x23 0 --listbct bct_list.xml
20:19:40.037 - Info: [   4.4395 ] parse-error-mode: show-continue (default)
20:19:40.037 - Info: [   4.4397 ] File br_bct_BR.bct saved.
20:19:40.041 - Info: [   4.4417 ] Signing BCT
20:19:40.041 - Info: [   4.4420 ] tegrasign_v3.py --key None --list bct_list.xml --sha sha512
20:19:40.041 - Info: [   4.4422 ] Assuming zero filled SBK key
20:19:40.045 - Info: [   4.4474 ] Sha saved in br_bct_BR.sha
20:19:40.045 - Info: [   4.4474 ] Updating BCT with signature
20:19:40.045 - Info: [   4.4479 ] tegrabct_v2 --brbct br_bct_BR.bct --chip 0x23 0 --updatesig bct_list_signed.xml
20:19:40.045 - Info: [   4.4482 ] parse-error-mode: show-continue (default)
20:19:40.046 - Info: [   4.4484 ] File br_bct_BR.bct saved.
20:19:40.046 - Info: [   4.4491 ] Offset :4608 Len :3584
20:19:40.047 - Info: [   4.4492 ] File br_bct_BR.bct saved.
20:19:40.048 - Info: [   4.4503 ] Generating SHA2 Hash
20:19:40.049 - Info: [   4.4506 ] tegrasign_v3.py --key None --list bct_list.xml --sha sha512
20:19:40.049 - Info: [   4.4507 ] Assuming zero filled SBK key
20:19:40.049 - Info: [   4.4507 ] Assuming zero filled SBK key
20:19:40.055 - Info: [   4.4570 ] Sha saved in br_bct_BR.sha
20:19:40.055 - Info: [   4.4575 ] Updating BCT with SHA2 Hash
20:19:40.055 - Info: [   4.4583 ] tegrabct_v2 --brbct br_bct_BR.bct --chip 0x23 0 --updatesha bct_list_signed.xml
20:19:40.057 - Info: [   4.4588 ] parse-error-mode: show-continue (default)
20:19:40.057 - Info: [   4.4596 ] File br_bct_BR.bct saved.
20:19:40.061 - Info: [   4.4597 ] Offset :4608 Len :3584
20:19:40.061 - Info: [   4.4625 ] Offset :68 Len :8124
20:19:40.061 - Info: [   4.4626 ] File br_bct_BR.bct saved.
20:19:40.063 - Info: [   4.4653 ] Generating br-bct
20:19:40.063 - Info: [   4.4663 ] Updating dev and MSS params in BR BCT
20:19:40.063 - Info: [   4.4664 ] tegrabct_v2 --dev_param tegra234-br-bct_b-p3767-0000-l4t_cpp.dtb --sdram tegra234-p3767-0001-sdram-l4t_cpp.dtb --brbct br_bct.cfg --chip 0x23 0 --parse-error-mode quiet-continue
20:19:40.063 - Info: [   4.4668 ] parse-error-mode: quiet-continue
20:19:40.167 - Info: [   4.4670 ] File br_bct.cfg saved.
20:19:40.170 - Info: [   4.5707 ] Updating customer data section
20:19:40.170 - Info: [   4.5726 ] tegrabct_v2 --chip 0x23 0 --brbct br_bct_BR.bct --update_custinfo custinfo_out.bin
20:19:40.170 - Info: [   4.5731 ] parse-error-mode: show-continue (default)
20:19:40.170 - Info: [   4.5738 ] File br_bct_BR.bct saved.
20:19:40.173 - Info: [   4.5739 ] File br_bct_BR.bct saved.
20:19:40.174 - Info: [   4.5767 ] Updating bl info
20:19:40.174 - Info: [   4.5773 ] tegrabct_v2 --brbct br_bct_BR.bct --chip 0x23 0 --updateblinfo flash.xml.bin --parse-error-mode quiet-continue --updatesig images_list_signed.xml
20:19:40.177 - Info: [   4.5777 ] parse-error-mode: quiet-continue
20:19:40.177 - Info: [   4.5792 ] File br_bct_BR.bct saved.
20:19:40.177 - Info: [   4.5793 ] File br_bct_BR.bct saved.
20:19:40.179 - Info: [   4.5806 ] Generating SHA2 Hash
20:19:40.191 - Info: [   4.5900 ] Sha saved in br_bct_BR.sha
20:19:40.191 - Info: [   4.5898 ] Get Signed section of bct
20:19:40.191 - Info: [   4.5924 ] tegrabct_v2 --brbct br_bct_BR.bct --chip 0x23 0 --listbct bct_list.xml
20:19:40.191 - Info: [   4.5930 ] parse-error-mode: show-continue (default)
20:19:40.191 - Info: [   4.5946 ] File br_bct_BR.bct saved.
20:19:40.194 - Info: [   4.5964 ] Signing BCT
20:19:40.194 - Info: [   4.5968 ] tegrasign_v3.py --key None --list bct_list.xml --sha sha512
20:19:40.194 - Info: [   4.5969 ] Assuming zero filled SBK key
20:19:40.203 - Info: [   4.6029 ] Sha saved in br_bct_BR.sha
20:19:40.203 - Info: [   4.6031 ] Updating BCT with signature
20:19:40.203 - Info: [   4.6046 ] tegrabct_v2 --brbct br_bct_BR.bct --chip 0x23 0 --updatesig bct_list_signed.xml
20:19:40.203 - Info: [   4.6056 ] parse-error-mode: show-continue (default)
20:19:40.203 - Info: [   4.6058 ] File br_bct_BR.bct saved.
20:19:40.205 - Info: [   4.6059 ] Offset :4608 Len :3584
20:19:40.206 - Info: [   4.6087 ] File br_bct_BR.bct saved.
20:19:40.209 - Info: [   4.6094 ] Generating SHA2 Hash
20:19:40.209 - Info: [   4.6097 ] tegrasign_v3.py --key None --list bct_list.xml --sha sha512
20:19:40.209 - Info: [   4.6099 ] Assuming zero filled SBK key
20:19:40.209 - Info: [   4.6099 ] Assuming zero filled SBK key
20:19:40.222 - Info: [   4.6169 ] Sha saved in br_bct_BR.sha
20:19:40.222 - Info: [   4.6169 ] Updating BCT with SHA2 Hash
20:19:40.222 - Info: [   4.6191 ] tegrabct_v2 --brbct br_bct_BR.bct --chip 0x23 0 --updatesha bct_list_signed.xml
20:19:40.222 - Info: [   4.6218 ] parse-error-mode: show-continue (default)
20:19:40.222 - Info: [   4.6232 ] File br_bct_BR.bct saved.
20:19:40.222 - Info: [   4.6233 ] Offset :4608 Len :3584
20:19:40.225 - Info: [   4.6255 ] Offset :68 Len :8124
20:19:40.225 - Info: [   4.6258 ] File br_bct_BR.bct saved.
20:19:40.231 - Info: [   4.6292 ] Generating coldboot mb1-bct
20:19:40.231 - Info: [   4.6306 ] tegrabct_v2 --chip 0x23 0 --mb1bct mb1_cold_boot_bct.cfg --misc tegra234-mb1-bct-misc-p3767-0000_cpp.dtb --wb0sdram tegra234-p3767-0001-wb0sdram-l4t_cpp.dtb --pinmux tegra234-mb1-bct-pinmux-p3767-dp-a03_cpp.dtb --pmc tegra234-mb1-bct-padvoltage-p3767-dp-a03_cpp.dtb --pmic tegra234-mb1-bct-pmic-p3767-0000-a02_cpp.dtb --brcommand tegra234-mb1-bct-reset-p3767-0000_cpp.dtb --prod tegra234-mb1-bct-prod-p3767-0000_cpp.dtb --gpioint tegra234-mb1-bct-gpioint-p3767-0000_cpp.dtb --uphy tegra234-mb1-bct-uphylane-si_cpp.dtb --device tegra234-mb1-bct-device-p3767-0000_cpp.dtb --deviceprod tegra234-mb1-bct-cprod-p3767-0000_cpp.dtb --minratchet tegra234-mb1-bct-ratchet-p3767-0000_cpp.dtb --ratchet_blob ratchet_blob.bin --parse-error-mode quiet-continue
20:19:40.232 - Info: [   4.6316 ] parse-error-mode: quiet-continue
20:19:40.232 - Info: [   4.6353 ] MB1-BCT version: 0.12
20:19:40.234 - Info: 
20:19:40.234 - Info: [   4.6376 ] Parsing config file :tegra234-mb1-bct-pinmux-p3767-dp-a03_cpp.dtb 
20:19:40.237 - Info: [   4.6380 ] Added Platform Config 0 data with size :- 2416
20:19:40.237 - Info: 
20:19:40.241 - Info: [   4.6404 ] Parsing config file :tegra234-mb1-bct-padvoltage-p3767-dp-a03_cpp.dtb 
20:19:40.241 - Info: [   4.6418 ] Added Platform Config 2 data with size :- 24
20:19:40.241 - Info: 
20:19:40.241 - Info: [   4.6419 ] Parsing config file :tegra234-mb1-bct-pmic-p3767-0000-a02_cpp.dtb 
20:19:40.241 - Info: [   4.6421 ] Added Platform Config 4 data with size :- 288
20:19:40.241 - Info: 
20:19:40.241 - Info: [   4.6423 ] Parsing config file :tegra234-mb1-bct-reset-p3767-0000_cpp.dtb 
20:19:40.241 - Info: [   4.6425 ] Added Platform Config 3 data with size :- 52
20:19:40.244 - Info: [   4.6435 ] 
20:19:40.244 - Info: [   4.6435 ] Parsing config file :tegra234-mb1-bct-prod-p3767-0000_cpp.dtb 
20:19:40.244 - Info: [   4.6435 ] Added Platform Config 5 data with size :- 512
20:19:40.244 - Info: [   4.6435 ] 
20:19:40.244 - Info: [   4.6435 ] Parsing config file :tegra234-mb1-bct-gpioint-p3767-0000_cpp.dtb 
20:19:40.244 - Info: [   4.6435 ] Added Platform Config 7 data with size :- 380
20:19:40.244 - Info: [   4.6435 ] 
20:19:40.244 - Info: [   4.6435 ] Parsing config file :tegra234-mb1-bct-uphylane-si_cpp.dtb 
20:19:40.244 - Info: [   4.6435 ] Added Platform Config 8 data with size :- 24
20:19:40.244 - Info: [   4.6435 ] 
20:19:40.244 - Info: [   4.6435 ] Parsing config file :tegra234-mb1-bct-device-p3767-0000_cpp.dtb 
20:19:40.244 - Info: [   4.6435 ] Added Platform Config 9 data with size :- 104
20:19:40.244 - Info: [   4.6435 ] 
20:19:40.244 - Info: [   4.6435 ] Parsing config file :tegra234-mb1-bct-cprod-p3767-0000_cpp.dtb 
20:19:40.244 - Info: [   4.6435 ] Added Platform Config 6 data with size :- 16
20:19:40.244 - Info: [   4.6435 ] 
20:19:40.244 - Info: [   4.6435 ] Parsing config file :tegra234-mb1-bct-ratchet-p3767-0000_cpp.dtb 
20:19:40.244 - Info: [   4.6435 ] Setting MB1 bct size to 9344
20:19:40.244 - Info: [   4.6435 ] 
20:19:40.244 - Info: [   4.6436 ] Updating mb1-bct with firmware information
20:19:40.244 - Info: [   4.6444 ] tegrabct_v2 --chip 0x23 0 --mb1bct mb1_cold_boot_bct_MB1.bct --updatefwinfo flash.xml.bin
20:19:40.244 - Info: [   4.6471 ] parse-error-mode: show-continue (default)
20:19:40.244 - Info: [   4.6472 ] Setting MB1 bct size to 9344
20:19:40.244 - Info: [   4.6473 ] Setting MB1 bct size to 9344
20:19:40.253 - Info: [   4.6508 ] tegrahost_v2 --chip 0x23 0 --align mb1_cold_boot_bct_MB1_aligned.bct
20:19:40.253 - Info: [   4.6538 ] Generating SHA2 Hash for mb1bct
20:19:40.257 - Info: [   4.6580 ] Sha saved in mb1_cold_boot_bct_MB1_aligned.sha
20:19:40.262 - Info: [   4.6620 ] Sha saved in mb1_cold_boot_bct_MB1.sha
20:19:40.262 - Info: [   4.6631 ] tegrahost_v2 --chip 0x23 0 --magicid MBCT --ratchet_blob ratchet_blob.bin --appendsigheader mb1_cold_boot_bct_MB1_aligned.bct zerosbk
20:19:40.262 - Info: [   4.6638 ] adding BCH for mb1_cold_boot_bct_MB1_aligned.bct
20:19:40.268 - Info: [   4.6681 ] tegrasign_v3.py --key None --list mb1_cold_boot_bct_MB1_aligned_sigheader.bct_list.xml --sha sha512
20:19:40.268 - Info: [   4.6683 ] Assuming zero filled SBK key
20:19:40.276 - Info: [   4.6733 ] tegrahost_v2 --chip 0x23 0 --updatesigheader mb1_cold_boot_bct_MB1_aligned_sigheader.bct.encrypt mb1_cold_boot_bct_MB1_aligned_sigheader.bct.hash zerosbk
20:19:40.276 - Info: [   4.6759 ] Generating recovery mb1-bct
20:19:40.276 - Info: [   4.6764 ] tegrabct_v2 --chip 0x23 0 --mb1bct mb1_bct.cfg --misc tegra234-mb1-bct-misc-p3767-0000_cpp.dtb --wb0sdram tegra234-p3767-0001-wb0sdram-l4t_cpp.dtb --pinmux tegra234-mb1-bct-pinmux-p3767-dp-a03_cpp.dtb --pmc tegra234-mb1-bct-padvoltage-p3767-dp-a03_cpp.dtb --pmic tegra234-mb1-bct-pmic-p3767-0000-a02_cpp.dtb --brcommand tegra234-mb1-bct-reset-p3767-0000_cpp.dtb --prod tegra234-mb1-bct-prod-p3767-0000_cpp.dtb --gpioint tegra234-mb1-bct-gpioint-p3767-0000_cpp.dtb --uphy tegra234-mb1-bct-uphylane-si_cpp.dtb --device tegra234-mb1-bct-device-p3767-0000_cpp.dtb --deviceprod tegra234-mb1-bct-cprod-p3767-0000_cpp.dtb --minratchet tegra234-mb1-bct-ratchet-p3767-0000_cpp.dtb --ratchet_blob ratchet_blob.bin --parse-error-mode quiet-continue
20:19:40.276 - Info: [   4.6786 ] parse-error-mode: quiet-continue
20:19:40.276 - Info: [   4.6787 ] MB1-BCT version: 0.12
20:19:40.279 - Info: 
20:19:40.279 - Info: [   4.6822 ] Parsing config file :tegra234-mb1-bct-pinmux-p3767-dp-a03_cpp.dtb 
20:19:40.286 - Info: [   4.6825 ] Added Platform Config 0 data with size :- 2416
20:19:40.286 - Info: 
20:19:40.286 - Info: [   4.6847 ] Parsing config file :tegra234-mb1-bct-padvoltage-p3767-dp-a03_cpp.dtb 
20:19:40.286 - Info: [   4.6849 ] Added Platform Config 2 data with size :- 24
20:19:40.286 - Info: 
20:19:40.286 - Info: [   4.6850 ] Parsing config file :tegra234-mb1-bct-pmic-p3767-0000-a02_cpp.dtb 
20:19:40.286 - Info: [   4.6852 ] Added Platform Config 4 data with size :- 288
20:19:40.286 - Info: 
20:19:40.286 - Info: [   4.6853 ] Parsing config file :tegra234-mb1-bct-reset-p3767-0000_cpp.dtb 
20:19:40.289 - Info: [   4.6855 ] Added Platform Config 3 data with size :- 52
20:19:40.289 - Info: 
20:19:40.289 - Info: [   4.6908 ] Parsing config file :tegra234-mb1-bct-prod-p3767-0000_cpp.dtb 
20:19:40.289 - Info: [   4.6910 ] Added Platform Config 5 data with size :- 512
20:19:40.289 - Info: 
20:19:40.289 - Info: [   4.6911 ] Parsing config file :tegra234-mb1-bct-gpioint-p3767-0000_cpp.dtb 
20:19:40.289 - Info: [   4.6913 ] Added Platform Config 7 data with size :- 380
20:19:40.289 - Info: 
20:19:40.289 - Info: [   4.6915 ] Parsing config file :tegra234-mb1-bct-uphylane-si_cpp.dtb 
20:19:40.293 - Info: [   4.6927 ] Added Platform Config 8 data with size :- 24
20:19:40.293 - Info: [   4.6933 ] 
20:19:40.293 - Info: [   4.6933 ] Parsing config file :tegra234-mb1-bct-device-p3767-0000_cpp.dtb 
20:19:40.293 - Info: [   4.6933 ] Added Platform Config 9 data with size :- 104
20:19:40.293 - Info: [   4.6933 ] 
20:19:40.293 - Info: [   4.6933 ] Parsing config file :tegra234-mb1-bct-cprod-p3767-0000_cpp.dtb 
20:19:40.293 - Info: [   4.6933 ] Added Platform Config 6 data with size :- 16
20:19:40.293 - Info: [   4.6933 ] 
20:19:40.293 - Info: [   4.6933 ] Parsing config file :tegra234-mb1-bct-ratchet-p3767-0000_cpp.dtb 
20:19:40.293 - Info: [   4.6933 ] Setting MB1 bct size to 9344
20:19:40.293 - Info: [   4.6933 ] 
20:19:40.293 - Info: [   4.6933 ] Updating mb1-bct with firmware information
20:19:40.293 - Info: [   4.6945 ] tegrabct_v2 --chip 0x23 0 --mb1bct mb1_bct_MB1.bct --recov --updatefwinfo flash.xml.bin
20:19:40.293 - Info: [   4.6962 ] parse-error-mode: show-continue (default)
20:19:40.293 - Info: [   4.6964 ] Setting MB1 bct size to 9344
20:19:40.299 - Info: [   4.6966 ] Setting MB1 bct size to 9344
20:19:40.307 - Info: [   4.7047 ] tegrahost_v2 --chip 0x23 0 --align mb1_bct_MB1_aligned.bct
20:19:40.307 - Info: [   4.7067 ] Generating SHA2 Hash for mb1bct
20:19:40.312 - Info: [   4.7137 ] Sha saved in mb1_bct_MB1_aligned.sha
20:19:40.319 - Info: [   4.7192 ] Sha saved in mb1_bct_MB1.sha
20:19:40.319 - Info: [   4.7198 ] tegrahost_v2 --chip 0x23 0 --magicid MBCT --ratchet_blob ratchet_blob.bin --appendsigheader mb1_bct_MB1_aligned.bct zerosbk
20:19:40.319 - Info: [   4.7226 ] adding BCH for mb1_bct_MB1_aligned.bct
20:19:40.329 - Info: [   4.7287 ] tegrasign_v3.py --key None --list mb1_bct_MB1_aligned_sigheader.bct_list.xml --sha sha512
20:19:40.329 - Info: [   4.7290 ] Assuming zero filled SBK key
20:19:40.340 - Info: [   4.7351 ] tegrahost_v2 --chip 0x23 0 --updatesigheader mb1_bct_MB1_aligned_sigheader.bct.encrypt mb1_bct_MB1_aligned_sigheader.bct.hash zerosbk
20:19:40.340 - Info: [   4.7419 ] Generating coldboot mem-bct
20:19:40.340 - Info: [   4.7426 ] tegrabct_v2 --chip 0x23 0 --parse-error-mode quiet-continue --sdram tegra234-p3767-0001-sdram-l4t_cpp.dtb --wb0sdram tegra234-p3767-0001-wb0sdram-l4t_cpp.dtb --membct tegra234-p3767-0001-sdram-l4t_cpp_1.bct tegra234-p3767-0001-sdram-l4t_cpp_2.bct tegra234-p3767-0001-sdram-l4t_cpp_3.bct tegra234-p3767-0001-sdram-l4t_cpp_4.bct
20:19:40.340 - Info: [   4.7436 ] parse-error-mode: quiet-continue
20:19:40.448 - Info: [   4.7437 ]  packing sdram params with Wb0 file tegra234-p3767-0001-wb0sdram-l4t_cpp.dtb
20:19:40.448 - Info: [   4.8510 ] Packing sdram param for instance[0]
20:19:40.449 - Info: [   4.8515 ] Packing sdram param for instance[1]
20:19:40.451 - Info: [   4.8519 ] Packing sdram param for instance[2]
20:19:40.451 - Info: [   4.8535 ] Packing sdram param for instance[3]
20:19:40.451 - Info: [   4.8537 ] Packing sdram param for instance[4]
20:19:40.451 - Info: [   4.8539 ] Packing sdram param for instance[5]
20:19:40.451 - Info: [   4.8540 ] Packing sdram param for instance[6]
20:19:40.451 - Info: [   4.8542 ] Packing sdram param for instance[7]
20:19:40.451 - Info: [   4.8544 ] Packing sdram param for instance[8]
20:19:40.454 - Info: [   4.8545 ] Packing sdram param for instance[9]
20:19:40.454 - Info: [   4.8559 ] Packing sdram param for instance[10]
20:19:40.455 - Info: [   4.8561 ] Packing sdram param for instance[11]
20:19:40.455 - Info: [   4.8562 ] Packing sdram param for instance[12]
20:19:40.455 - Info: [   4.8563 ] Packing sdram param for instance[13]
20:19:40.455 - Info: [   4.8565 ] Packing sdram param for instance[14]
20:19:40.455 - Info: [   4.8567 ] Packing sdram param for instance[15]
20:19:40.567 - Info: [   4.9685 ] Getting sector size from pt
20:19:40.567 - Info: [   4.9692 ] tegraparser_v2 --getsectorsize flash.xml.bin sector_info.bin
20:19:40.567 - Info: [   4.9699 ] BlockSize read from layout is 0x200
20:19:40.567 - Info: 
20:19:40.567 - Info: [   4.9704 ] tegrahost_v2 --chip 0x23 0 --blocksize 512 --magicid MEMB --addsigheader_multi tegra234-p3767-0001-sdram-l4t_cpp_1.bct tegra234-p3767-0001-sdram-l4t_cpp_2.bct tegra234-p3767-0001-sdram-l4t_cpp_3.bct tegra234-p3767-0001-sdram-l4t_cpp_4.bct
20:19:40.570 - Info: [   4.9708 ] Binary 0 length is 58752
20:19:40.570 - Info: [   4.9727 ] Binary 0 align length is 58880
20:19:40.570 - Info: [   4.9729 ] Binary 1 length is 58752
20:19:40.570 - Info: [   4.9730 ] Binary 1 align length is 58880
20:19:40.570 - Info: [   4.9731 ] Binary 2 length is 58752
20:19:40.571 - Info: [   4.9732 ] Binary 2 align length is 58880
20:19:40.571 - Info: [   4.9747 ] Binary 3 length is 58752
20:19:40.572 - Info: [   4.9748 ] Binary 3 align length is 58880
20:19:40.572 - Info: [   4.9758 ] Buffer length is 235520
20:19:40.572 - Info: [   4.9758 ] adding BCH for tegra234-p3767-0001-sdram-l4t_cpp_1.bct
20:19:40.572 - Info: [   4.9760 ] new length is 243712
20:19:40.579 - Info: [   4.9797 ] tegrahost_v2 --chip 0x23 0 --align mem_coldboot_aligned.bct
20:19:40.579 - Info: [   4.9821 ] tegrahost_v2 --chip 0x23 0 --magicid MEMB --ratchet_blob ratchet_blob.bin --appendsigheader mem_coldboot_aligned.bct zerosbk
20:19:40.580 - Info: [   4.9825 ] Header already present for mem_coldboot_aligned.bct
20:19:40.584 - Info: [   4.9846 ] tegrasign_v3.py --key None --list mem_coldboot_aligned_sigheader.bct_list.xml --sha sha512
20:19:40.584 - Info: [   4.9847 ] Assuming zero filled SBK key
20:19:40.594 - Info: [   4.9880 ] tegrahost_v2 --chip 0x23 0 --updatesigheader mem_coldboot_aligned_sigheader.bct.encrypt mem_coldboot_aligned_sigheader.bct.hash zerosbk
20:19:40.594 - Info: [   4.9951 ] Generating recovery mem-bct
20:19:40.594 - Info: [   4.9965 ] tegrabct_v2 --chip 0x23 0 --parse-error-mode quiet-continue --sdram tegra234-p3767-0001-sdram-l4t_cpp.dtb --wb0sdram tegra234-p3767-0001-wb0sdram-l4t_cpp.dtb --membct tegra234-p3767-0001-sdram-l4t_cpp_1.bct tegra234-p3767-0001-sdram-l4t_cpp_2.bct tegra234-p3767-0001-sdram-l4t_cpp_3.bct tegra234-p3767-0001-sdram-l4t_cpp_4.bct
20:19:40.595 - Info: [   4.9971 ] parse-error-mode: quiet-continue
20:19:40.701 - Info: [   4.9980 ]  packing sdram params with Wb0 file tegra234-p3767-0001-wb0sdram-l4t_cpp.dtb
20:19:40.701 - Info: [   5.1029 ] Packing sdram param for instance[0]
20:19:40.701 - Info: [   5.1030 ] Packing sdram param for instance[1]
20:19:40.701 - Info: [   5.1031 ] Packing sdram param for instance[2]
20:19:40.701 - Info: [   5.1033 ] Packing sdram param for instance[3]
20:19:40.701 - Info: [   5.1034 ] Packing sdram param for instance[4]
20:19:40.704 - Info: [   5.1035 ] Packing sdram param for instance[5]
20:19:40.704 - Info: [   5.1068 ] Packing sdram param for instance[6]
20:19:40.704 - Info: [   5.1071 ] Packing sdram param for instance[7]
20:19:40.704 - Info: [   5.1073 ] Packing sdram param for instance[8]
20:19:40.705 - Info: [   5.1074 ] Packing sdram param for instance[9]
20:19:40.705 - Info: [   5.1076 ] Packing sdram param for instance[10]
20:19:40.705 - Info: [   5.1078 ] Packing sdram param for instance[11]
20:19:40.705 - Info: [   5.1079 ] Packing sdram param for instance[12]
20:19:40.705 - Info: [   5.1080 ] Packing sdram param for instance[13]
20:19:40.706 - Info: [   5.1081 ] Packing sdram param for instance[14]
20:19:40.708 - Info: [   5.1082 ] Packing sdram param for instance[15]
20:19:40.806 - Info: [   5.2046 ] Generating mem_bct based on ramcode group number
20:19:40.806 - Info: [   5.2046 ] Got ramcode 2 from the command line
20:19:40.806 - Info: [   5.2046 ] Using ramcode group number 0
20:19:40.806 - Info: [   5.2046 ] Disabled BPMP dtb trim, using default dtb
20:19:40.806 - Info: [   5.2046 ] 
20:19:40.806 - Info: [   5.2058 ] tegrahost_v2 --chip 0x23 0 --align mem_rcm_aligned.bct
20:19:40.806 - Info: [   5.2071 ] tegrahost_v2 --chip 0x23 0 --magicid MEM0 --ratchet_blob ratchet_blob.bin --appendsigheader mem_rcm_aligned.bct zerosbk
20:19:40.807 - Info: [   5.2087 ] adding BCH for mem_rcm_aligned.bct
20:19:40.811 - Info: [   5.2132 ] tegrasign_v3.py --key None --list mem_rcm_aligned_sigheader.bct_list.xml --sha sha512
20:19:40.811 - Info: [   5.2133 ] Assuming zero filled SBK key
20:19:40.824 - Info: [   5.2170 ] tegrahost_v2 --chip 0x23 0 --updatesigheader mem_rcm_aligned_sigheader.bct.encrypt mem_rcm_aligned_sigheader.bct.hash zerosbk
20:19:40.824 - Info: [   5.2209 ] Generating all 4 mem_bct for ramcode group (0..3)
20:19:40.824 - Info: [   5.2209 ] Disabled BPMP dtb trim, using default dtb
20:19:40.824 - Info: [   5.2209 ] 
20:19:40.824 - Info: [   5.2219 ] tegrahost_v2 --chip 0x23 0 --align mem_rcm_0_aligned.bct
20:19:40.824 - Info: [   5.2231 ] tegrahost_v2 --chip 0x23 0 --magicid MEM0 --ratchet_blob ratchet_blob.bin --appendsigheader mem_rcm_0_aligned.bct zerosbk
20:19:40.824 - Info: [   5.2278 ] adding BCH for mem_rcm_0_aligned.bct
20:19:40.831 - Info: [   5.2330 ] tegrasign_v3.py --key None --list mem_rcm_0_aligned_sigheader.bct_list.xml --sha sha512
20:19:40.831 - Info: [   5.2331 ] Assuming zero filled SBK key
20:19:40.846 - Info: [   5.2373 ] tegrahost_v2 --chip 0x23 0 --updatesigheader mem_rcm_0_aligned_sigheader.bct.encrypt mem_rcm_0_aligned_sigheader.bct.hash zerosbk
20:19:40.846 - Info: [   5.2389 ] Disabled BPMP dtb trim, using default dtb
20:19:40.846 - Info: [   5.2389 ] 
20:19:40.846 - Info: [   5.2434 ] tegrahost_v2 --chip 0x23 0 --align mem_rcm_1_aligned.bct
20:19:40.846 - Info: [   5.2467 ] tegrahost_v2 --chip 0x23 0 --magicid MEM1 --ratchet_blob ratchet_blob.bin --appendsigheader mem_rcm_1_aligned.bct zerosbk
20:19:40.846 - Info: [   5.2472 ] adding BCH for mem_rcm_1_aligned.bct
20:19:40.852 - Info: [   5.2510 ] tegrasign_v3.py --key None --list mem_rcm_1_aligned_sigheader.bct_list.xml --sha sha512
20:19:40.852 - Info: [   5.2512 ] Assuming zero filled SBK key
20:19:40.863 - Info: [   5.2591 ] tegrahost_v2 --chip 0x23 0 --updatesigheader mem_rcm_1_aligned_sigheader.bct.encrypt mem_rcm_1_aligned_sigheader.bct.hash zerosbk
20:19:40.863 - Info: [   5.2629 ] Disabled BPMP dtb trim, using default dtb
20:19:40.863 - Info: [   5.2630 ] 
20:19:40.863 - Info: [   5.2645 ] tegrahost_v2 --chip 0x23 0 --align mem_rcm_2_aligned.bct
20:19:40.863 - Info: [   5.2661 ] tegrahost_v2 --chip 0x23 0 --magicid MEM2 --ratchet_blob ratchet_blob.bin --appendsigheader mem_rcm_2_aligned.bct zerosbk
20:19:40.864 - Info: [   5.2666 ] adding BCH for mem_rcm_2_aligned.bct
20:19:40.868 - Info: [   5.2698 ] tegrasign_v3.py --key None --list mem_rcm_2_aligned_sigheader.bct_list.xml --sha sha512
20:19:40.868 - Info: [   5.2700 ] Assuming zero filled SBK key
20:19:40.879 - Info: [   5.2748 ] tegrahost_v2 --chip 0x23 0 --updatesigheader mem_rcm_2_aligned_sigheader.bct.encrypt mem_rcm_2_aligned_sigheader.bct.hash zerosbk
20:19:40.880 - Info: [   5.2774 ] Disabled BPMP dtb trim, using default dtb
20:19:40.880 - Info: [   5.2775 ] 
20:19:40.881 - Info: [   5.2790 ] tegrahost_v2 --chip 0x23 0 --align mem_rcm_3_aligned.bct
20:19:40.881 - Info: [   5.2809 ] tegrahost_v2 --chip 0x23 0 --magicid MEM3 --ratchet_blob ratchet_blob.bin --appendsigheader mem_rcm_3_aligned.bct zerosbk
20:19:40.881 - Info: [   5.2812 ] adding BCH for mem_rcm_3_aligned.bct
20:19:40.884 - Info: [   5.2863 ] tegrasign_v3.py --key None --list mem_rcm_3_aligned_sigheader.bct_list.xml --sha sha512
20:19:40.884 - Info: [   5.2865 ] Assuming zero filled SBK key
20:19:40.896 - Info: [   5.2935 ] tegrahost_v2 --chip 0x23 0 --updatesigheader mem_rcm_3_aligned_sigheader.bct.encrypt mem_rcm_3_aligned_sigheader.bct.hash zerosbk
20:19:40.896 - Info: [   5.2965 ] Copying signatures
20:19:40.896 - Info: [   5.2974 ] tegrahost_v2 --chip 0x23 0 --partitionlayout flash.xml.bin --updatesig images_list_signed.xml
20:19:40.896 - Info: [   5.2988 ] tegraparser_v2 --generategpt --pt flash.xml.bin
20:19:40.896 - Info: [   5.2991 ] gpt_primary_9_0.bin:
20:19:40.897 - Info: [   5.2998 ] partition_id	partition_name			      StartingLba	EndingLba
20:19:40.898 - Info: [   5.3003 ]            1	APP                                 	 3131968	119537623
20:19:40.898 - Info: [   5.3007 ]            2	A_kernel                            	      40	  262183
20:19:40.898 - Info: [   5.3009 ]            3	A_kernel-dtb                        	  262184	  263719
20:19:40.898 - Info: [   5.3011 ]            4	A_reserved_on_user                  	  263720	  328487
20:19:40.899 - Info: [   5.3013 ]            5	B_kernel                            	  328488	  590631
20:19:40.901 - Info: [   5.3030 ]            6	B_kernel-dtb                        	  590632	  592167
20:19:40.901 - Info: [   5.3041 ]            7	B_reserved_on_user                  	  592168	  656935
20:19:40.920 - Info: [   5.3044 ]            8	recovery                            	  656936	  861735
20:19:40.921 - Info: [   5.3044 ]            9	recovery-dtb                        	  861736	  862759
20:19:40.921 - Info: [   5.3044 ]           10	esp                                 	  862760	  993831
20:19:40.921 - Info: [   5.3044 ]           11	recovery_alt                        	  993832	 1198631
20:19:40.921 - Info: [   5.3044 ]           12	recovery-dtb_alt                    	 1198632	 1199655
20:19:40.921 - Info: [   5.3044 ]           13	esp_alt                             	 1199656	 1330727
20:19:40.921 - Info: [   5.3044 ]           14	UDA                                 	 1330752	 2149951
20:19:40.921 - Info: [   5.3044 ]           15	reserved                            	 2149952	 3131967
20:19:40.921 - Info: [   5.3044 ] gpt_secondary_9_0.bin:
20:19:40.921 - Info: [   5.3044 ] partition_id	partition_name			      StartingLba	EndingLba
20:19:40.921 - Info: [   5.3044 ]            1	APP                                 	 3131968	119537623
20:19:40.921 - Info: [   5.3044 ]            2	A_kernel                            	      40	  262183
20:19:40.921 - Info: [   5.3044 ]            3	A_kernel-dtb                        	  262184	  263719
20:19:40.921 - Info: [   5.3044 ]            4	A_reserved_on_user                  	  263720	  328487
20:19:40.921 - Info: [   5.3044 ]            5	B_kernel                            	  328488	  590631
20:19:40.921 - Info: [   5.3044 ]            6	B_kernel-dtb                        	  590632	  592167
20:19:40.921 - Info: [   5.3044 ]            7	B_reserved_on_user                  	  592168	  656935
20:19:40.921 - Info: [   5.3044 ]            8	recovery                            	  656936	  861735
20:19:40.921 - Info: [   5.3044 ]            9	recovery-dtb                        	  861736	  862759
20:19:40.921 - Info: [   5.3044 ]           10	esp                                 	  862760	  993831
20:19:40.921 - Info: [   5.3044 ]           11	recovery_alt                        	  993832	 1198631
20:19:40.921 - Info: [   5.3044 ]           12	recovery-dtb_alt                    	 1198632	 1199655
20:19:40.921 - Info: [   5.3044 ]           13	esp_alt                             	 1199656	 1330727
20:19:40.921 - Info: [   5.3044 ]           14	UDA                                 	 1330752	 2149951
20:19:40.921 - Info: [   5.3044 ]           15	reserved                            	 2149952	 3131967
20:19:40.921 - Info: [   5.3044 ] 
20:19:40.921 - Info: [   5.3173 ] tegrahost_v2 --chip 0x23 0 --align uefi_t23x_general_with_dtb_aligned.bin
20:19:40.921 - Info: [   5.3202 ] tegrahost_v2 --chip 0x23 0 --magicid CPBL --ratchet_blob ratchet_blob.bin --appendsigheader uefi_t23x_general_with_dtb_aligned.bin zerosbk
20:19:40.921 - Info: [   5.3218 ] adding BCH for uefi_t23x_general_with_dtb_aligned.bin
20:19:41.023 - Info: [   5.4241 ] tegrasign_v3.py --key None --list uefi_t23x_general_with_dtb_aligned_sigheader.bin_list.xml --sha sha512
20:19:41.023 - Info: [   5.4242 ] Assuming zero filled SBK key
20:19:44.094 - Info: [   5.4452 ] tegrahost_v2 --chip 0x23 0 --updatesigheader uefi_t23x_general_with_dtb_aligned_sigheader.bin.encrypt uefi_t23x_general_with_dtb_aligned_sigheader.bin.hash zerosbk
20:19:44.094 - Info: [   5.4658 ] Copying enc/signed file in /home/ckw/nvidia/nvidia_sdk/JetPack_7.2_Linux_JETSON_ORIN_NANO_TARGETS/Linux_for_Tegra/bootloader/signed
20:19:44.094 - Info: [   5.4659 ] Copying br bct for multi chains
20:19:44.094 - Info: [   5.4668 ] Signed BCT for boot chain A is copied to /home/ckw/nvidia/nvidia_sdk/JetPack_7.2_Linux_JETSON_ORIN_NANO_TARGETS/Linux_for_Tegra/bootloader/signed/br_bct_BR.bct
20:19:44.094 - Info: 
20:19:44.094 - Info: [   5.4673 ] Signed BCT for boot chain B is copied to /home/ckw/nvidia/nvidia_sdk/JetPack_7.2_Linux_JETSON_ORIN_NANO_TARGETS/Linux_for_Tegra/bootloader/signed/br_bct_b_BR.bct
20:19:44.094 - Info: 
20:19:44.094 - Info: [   5.4721 ] Copying uefi_t23x_general_with_dtb_sigheader.bin.encrypt to /home/ckw/nvidia/nvidia_sdk/JetPack_7.2_Linux_JETSON_ORIN_NANO_TARGETS/Linux_for_Tegra/bootloader/signed
20:19:44.094 - Info: [   5.4808 ] Signed file: /home/ckw/nvidia/nvidia_sdk/JetPack_7.2_Linux_JETSON_ORIN_NANO_TARGETS/Linux_for_Tegra/bootloader/signed/uefi_t23x_general_with_dtb_sigheader.bin.encrypt
20:19:44.094 - Info: [   5.4830 ] tegraparser_v2 --pt flash.xml.bin --generateflashindex /home/ckw/nvidia/nvidia_sdk/JetPack_7.2_Linux_JETSON_ORIN_NANO_TARGETS/Linux_for_Tegra/bootloader/signed/flash.xml.tmp flash.idx
20:19:44.207 - Info: Using bpmp-dtb concatenated with odmdata in blob for t23x
20:19:44.255 - Info: ./tegraflash.py --bl uefi_t23x_general_with_dtb_sigheader.bin.encrypt --bct br_bct_BR.bct --bldtb tegra234-p3768-0000+p3767-0005-nv-super.dtb --applet rcm_2_encrypt.rcm --applet_softfuse rcm_1_encrypt.rcm --cmd "secureflash;reboot"  --cfg secureflash.xml --chip 0x23 --mb1_bct mb1_bct_MB1_sigheader.bct.encrypt --mem_bct mem_rcm_sigheader.bct.encrypt --mb1_cold_boot_bct mb1_cold_boot_bct_MB1_sigheader.bct.encrypt --mb1_bin mb1_t234_prod_aligned_sigheader.bin.encrypt --psc_bl1_bin psc_bl1_t234_prod_aligned_sigheader.bin.encrypt --mem_bct_cold_boot mem_coldboot_sigheader.bct.encrypt  --bins "psc_fw pscfw_t234_prod_sigheader.bin.encrypt; mts_mce mce_flash_o10_cr_prod_sigheader.bin.encrypt; tsec_fw tsec_t234_sigheader.bin.encrypt; mb2_applet applet_t234_sigheader.bin.encrypt; mb2_bootloader mb2_t234_with_mb2_bct_MB2_sigheader.bin.encrypt; xusb_fw xusb_t234_prod_sigheader.bin.encrypt; pva_fw nvpva_020_sigheader.fw.encrypt; dce_fw display-t234-dce_sigheader.bin.encrypt; nvdec nvdec_t234_prod_sigheader.fw.encrypt; bpmp_fw bpmp_t234-TE950M-A1_prod_sigheader.bin.encrypt; bpmp_fw_dtb tegra234-bpmp-3767-0003-3768-super_with_odm_sigheader.dtb.encrypt; rce_fw camera-rtcpu-t234-rce_sigheader.img.encrypt; ape_fw adsp-fw_sigheader.bin.encrypt; spe_fw spe_t234_sigheader.bin.encrypt; tos tos-optee_t234_sigheader.img.encrypt; eks eks_t234_sigheader.img.encrypt"   
20:19:44.255 - Info: saving flash command in flashcmd.txt
20:19:44.258 - Info: 
20:19:44.258 - Info: *** no-flash flag enabled. Exiting now... *** 
20:19:44.259 - Info: 
20:19:44.260 - Info: User can run above saved command in factory environment without 
20:19:44.260 - Info: providing pkc and sbk keys to flash a device
20:19:44.260 - Info: 
20:19:44.260 - Info: Example:
20:19:44.260 - Info: 
20:19:44.260 - Info:     $ cd bootloader 
20:19:44.260 - Info:     $ sudo bash ./flashcmd.txt
20:19:44.260 - Info: 
20:19:44.290 - Info: '/home/ckw/nvidia/nvidia_sdk/JetPack_7.2_Linux_JETSON_ORIN_NANO_TARGETS/Linux_for_Tegra/bootloader/signed/flash.idx' -> '/home/ckw/nvidia/nvidia_sdk/JetPack_7.2_Linux_JETSON_ORIN_NANO_TARGETS/Linux_for_Tegra/tools/kernel_flash/images/external/flash.idx'
20:19:44.293 - Info: Flash index file is /home/ckw/nvidia/nvidia_sdk/JetPack_7.2_Linux_JETSON_ORIN_NANO_TARGETS/Linux_for_Tegra/bootloader/signed/flash.idx
20:19:44.293 - Info: Number of lines is 18
20:19:44.293 - Info: max_index=17
20:19:44.325 - Info: Copying /home/ckw/nvidia/nvidia_sdk/JetPack_7.2_Linux_JETSON_ORIN_NANO_TARGETS/Linux_for_Tegra/bootloader/signed/mbr_9_0.bin  /home/ckw/nvidia/nvidia_sdk/JetPack_7.2_Linux_JETSON_ORIN_NANO_TARGETS/Linux_for_Tegra/tools/kernel_flash/images/external/mbr_9_0.bin
20:19:44.329 - Info: '/home/ckw/nvidia/nvidia_sdk/JetPack_7.2_Linux_JETSON_ORIN_NANO_TARGETS/Linux_for_Tegra/bootloader/signed/mbr_9_0.bin' -> '/home/ckw/nvidia/nvidia_sdk/JetPack_7.2_Linux_JETSON_ORIN_NANO_TARGETS/Linux_for_Tegra/tools/kernel_flash/images/external/mbr_9_0.bin'
20:19:44.357 - Info: Copying /home/ckw/nvidia/nvidia_sdk/JetPack_7.2_Linux_JETSON_ORIN_NANO_TARGETS/Linux_for_Tegra/bootloader/signed/gpt_primary_9_0.bin  /home/ckw/nvidia/nvidia_sdk/JetPack_7.2_Linux_JETSON_ORIN_NANO_TARGETS/Linux_for_Tegra/tools/kernel_flash/images/external/gpt_primary_9_0.bin
20:19:44.362 - Info: '/home/ckw/nvidia/nvidia_sdk/JetPack_7.2_Linux_JETSON_ORIN_NANO_TARGETS/Linux_for_Tegra/bootloader/signed/gpt_primary_9_0.bin' -> '/home/ckw/nvidia/nvidia_sdk/JetPack_7.2_Linux_JETSON_ORIN_NANO_TARGETS/Linux_for_Tegra/tools/kernel_flash/images/external/gpt_primary_9_0.bin'
20:19:44.390 - Info: Copying /home/ckw/nvidia/nvidia_sdk/JetPack_7.2_Linux_JETSON_ORIN_NANO_TARGETS/Linux_for_Tegra/bootloader/boot.img  /home/ckw/nvidia/nvidia_sdk/JetPack_7.2_Linux_JETSON_ORIN_NANO_TARGETS/Linux_for_Tegra/tools/kernel_flash/images/external/boot.img
20:19:44.434 - Info: '/home/ckw/nvidia/nvidia_sdk/JetPack_7.2_Linux_JETSON_ORIN_NANO_TARGETS/Linux_for_Tegra/bootloader/boot.img' -> '/home/ckw/nvidia/nvidia_sdk/JetPack_7.2_Linux_JETSON_ORIN_NANO_TARGETS/Linux_for_Tegra/tools/kernel_flash/images/external/boot.img'
20:19:44.458 - Info: Copying /home/ckw/nvidia/nvidia_sdk/JetPack_7.2_Linux_JETSON_ORIN_NANO_TARGETS/Linux_for_Tegra/bootloader/kernel_tegra234-p3768-0000+p3767-0005-nv-super.dtb  /home/ckw/nvidia/nvidia_sdk/JetPack_7.2_Linux_JETSON_ORIN_NANO_TARGETS/Linux_for_Tegra/tools/kernel_flash/images/external/kernel_tegra234-p3768-0000+p3767-0005-nv-super.dtb
20:19:44.464 - Info: '/home/ckw/nvidia/nvidia_sdk/JetPack_7.2_Linux_JETSON_ORIN_NANO_TARGETS/Linux_for_Tegra/bootloader/kernel_tegra234-p3768-0000+p3767-0005-nv-super.dtb' -> '/home/ckw/nvidia/nvidia_sdk/JetPack_7.2_Linux_JETSON_ORIN_NANO_TARGETS/Linux_for_Tegra/tools/kernel_flash/images/external/kernel_tegra234-p3768-0000+p3767-0005-nv-super.dtb'
20:19:44.496 - Info: Warning: skip writing A_reserved_on_user partition as no image is specified
20:19:44.524 - Info: Copying /home/ckw/nvidia/nvidia_sdk/JetPack_7.2_Linux_JETSON_ORIN_NANO_TARGETS/Linux_for_Tegra/bootloader/boot.img  /home/ckw/nvidia/nvidia_sdk/JetPack_7.2_Linux_JETSON_ORIN_NANO_TARGETS/Linux_for_Tegra/tools/kernel_flash/images/external/boot.img
20:19:44.628 - Info: '/home/ckw/nvidia/nvidia_sdk/JetPack_7.2_Linux_JETSON_ORIN_NANO_TARGETS/Linux_for_Tegra/bootloader/boot.img' -> '/home/ckw/nvidia/nvidia_sdk/JetPack_7.2_Linux_JETSON_ORIN_NANO_TARGETS/Linux_for_Tegra/tools/kernel_flash/images/external/boot.img'
20:19:44.660 - Info: Copying /home/ckw/nvidia/nvidia_sdk/JetPack_7.2_Linux_JETSON_ORIN_NANO_TARGETS/Linux_for_Tegra/bootloader/kernel_tegra234-p3768-0000+p3767-0005-nv-super.dtb  /home/ckw/nvidia/nvidia_sdk/JetPack_7.2_Linux_JETSON_ORIN_NANO_TARGETS/Linux_for_Tegra/tools/kernel_flash/images/external/kernel_tegra234-p3768-0000+p3767-0005-nv-super.dtb
20:19:44.670 - Info: '/home/ckw/nvidia/nvidia_sdk/JetPack_7.2_Linux_JETSON_ORIN_NANO_TARGETS/Linux_for_Tegra/bootloader/kernel_tegra234-p3768-0000+p3767-0005-nv-super.dtb' -> '/home/ckw/nvidia/nvidia_sdk/JetPack_7.2_Linux_JETSON_ORIN_NANO_TARGETS/Linux_for_Tegra/tools/kernel_flash/images/external/kernel_tegra234-p3768-0000+p3767-0005-nv-super.dtb'
20:19:44.694 - Info: Warning: skip writing B_reserved_on_user partition as no image is specified
20:19:44.716 - Info: Copying /home/ckw/nvidia/nvidia_sdk/JetPack_7.2_Linux_JETSON_ORIN_NANO_TARGETS/Linux_for_Tegra/bootloader/recovery.img  /home/ckw/nvidia/nvidia_sdk/JetPack_7.2_Linux_JETSON_ORIN_NANO_TARGETS/Linux_for_Tegra/tools/kernel_flash/images/external/recovery.img
20:19:44.810 - Info: '/home/ckw/nvidia/nvidia_sdk/JetPack_7.2_Linux_JETSON_ORIN_NANO_TARGETS/Linux_for_Tegra/bootloader/recovery.img' -> '/home/ckw/nvidia/nvidia_sdk/JetPack_7.2_Linux_JETSON_ORIN_NANO_TARGETS/Linux_for_Tegra/tools/kernel_flash/images/external/recovery.img'
20:19:44.841 - Info: Copying /home/ckw/nvidia/nvidia_sdk/JetPack_7.2_Linux_JETSON_ORIN_NANO_TARGETS/Linux_for_Tegra/bootloader/tegra234-p3768-0000+p3767-0005-nv-super.dtb.rec  /home/ckw/nvidia/nvidia_sdk/JetPack_7.2_Linux_JETSON_ORIN_NANO_TARGETS/Linux_for_Tegra/tools/kernel_flash/images/external/tegra234-p3768-0000+p3767-0005-nv-super.dtb.rec
20:19:44.851 - Info: '/home/ckw/nvidia/nvidia_sdk/JetPack_7.2_Linux_JETSON_ORIN_NANO_TARGETS/Linux_for_Tegra/bootloader/tegra234-p3768-0000+p3767-0005-nv-super.dtb.rec' -> '/home/ckw/nvidia/nvidia_sdk/JetPack_7.2_Linux_JETSON_ORIN_NANO_TARGETS/Linux_for_Tegra/tools/kernel_flash/images/external/tegra234-p3768-0000+p3767-0005-nv-super.dtb.rec'
20:19:44.883 - Info: Copying /home/ckw/nvidia/nvidia_sdk/JetPack_7.2_Linux_JETSON_ORIN_NANO_TARGETS/Linux_for_Tegra/bootloader/esp.img  /home/ckw/nvidia/nvidia_sdk/JetPack_7.2_Linux_JETSON_ORIN_NANO_TARGETS/Linux_for_Tegra/tools/kernel_flash/images/external/esp.img
20:19:45.024 - Info: '/home/ckw/nvidia/nvidia_sdk/JetPack_7.2_Linux_JETSON_ORIN_NANO_TARGETS/Linux_for_Tegra/bootloader/esp.img' -> '/home/ckw/nvidia/nvidia_sdk/JetPack_7.2_Linux_JETSON_ORIN_NANO_TARGETS/Linux_for_Tegra/tools/kernel_flash/images/external/esp.img'
20:19:45.052 - Info: Warning: skip writing recovery_alt partition as no image is specified
20:19:45.075 - Info: Warning: skip writing recovery-dtb_alt partition as no image is specified
20:19:45.094 - Info: Warning: skip writing esp_alt partition as no image is specified
20:19:45.119 - Info: XPath set is empty
20:19:45.135 - Info: No image is found for UDA partition
20:19:45.159 - Info: Warning: skip writing reserved partition as no image is specified
20:19:45.194 - Info: Copying APP image into  /home/ckw/nvidia/nvidia_sdk/JetPack_7.2_Linux_JETSON_ORIN_NANO_TARGETS/Linux_for_Tegra/tools/kernel_flash/images/external/system.img
20:19:45.332 - Info: e2fsck 1.47.0 (5-Feb-2023)
20:19:45.348 - Info: Pass 1: Checking inodes, blocks, and sizes
20:19:45.677 - Info: Pass 2: Checking directory structure
20:19:46.090 - Info: Pass 3: Checking directory connectivity
20:19:46.095 - Info: Pass 4: Checking reference counts
20:19:46.130 - Info: Pass 5: Checking group summary information
20:19:46.147 - Info: /home/ckw/nvidia/nvidia_sdk/JetPack_7.2_Linux_JETSON_ORIN_NANO_TARGETS/Linux_for_Tegra/bootloader/system.img.raw: 188620/3604480 files (0.0% non-contiguous), 2174430/14417920 blocks
20:19:46.793 - Info: tar: Write checkpoint 10000
20:19:47.269 - Info: tar: Write checkpoint 20000
20:19:47.958 - Info: tar: Write checkpoint 30000
20:19:48.547 - Info: tar: Write checkpoint 40000
20:19:49.323 - Info: tar: Write checkpoint 50000
20:19:49.724 - Info: tar: Write checkpoint 60000
20:19:50.120 - Info: tar: Write checkpoint 70000
20:19:51.454 - Info: tar: Write checkpoint 80000
20:19:52.761 - Info: tar: Write checkpoint 90000
20:19:53.385 - Info: tar: Write checkpoint 100000
20:19:53.994 - Info: tar: Write checkpoint 110000
20:19:54.962 - Info: tar: Write checkpoint 120000
20:19:56.266 - Info: tar: Write checkpoint 130000
20:19:57.278 - Info: tar: Write checkpoint 140000
20:19:58.010 - Info: tar: Write checkpoint 150000
20:19:58.895 - Info: tar: Write checkpoint 160000
20:20:00.840 - Info: tar: Write checkpoint 170000
20:20:01.508 - Info: tar: Write checkpoint 180000
20:20:02.431 - Info: tar: Write checkpoint 190000
20:20:02.782 - Info: tar: Write checkpoint 200000
20:20:03.713 - Info: tar: Write checkpoint 210000
20:20:04.197 - Info: tar: Write checkpoint 220000
20:20:04.831 - Info: tar: Write checkpoint 230000
20:20:05.430 - Info: tar: Write checkpoint 240000
20:20:06.051 - Info: tar: Write checkpoint 250000
20:20:06.436 - Info: tar: Write checkpoint 260000
20:20:07.190 - Info: tar: Write checkpoint 270000
20:20:07.746 - Info: tar: Write checkpoint 280000
20:20:08.776 - Info: tar: Write checkpoint 290000
20:20:09.505 - Info: tar: Write checkpoint 300000
20:20:10.501 - Info: tar: Write checkpoint 310000
20:20:11.466 - Info: tar: Write checkpoint 320000
20:20:12.217 - Info: tar: Write checkpoint 330000
20:20:12.789 - Info: tar: Write checkpoint 340000
20:20:13.472 - Info: tar: Write checkpoint 350000
20:20:14.061 - Info: tar: Write checkpoint 360000
20:20:15.329 - Info: tar: Write checkpoint 370000
20:20:16.361 - Info: tar: Write checkpoint 380000
20:20:17.130 - Info: tar: Write checkpoint 390000
20:20:17.897 - Info: tar: Write checkpoint 400000
20:20:18.559 - Info: tar: Write checkpoint 410000
20:20:19.089 - Info: tar: Write checkpoint 420000
20:20:19.708 - Info: tar: Write checkpoint 430000
20:20:20.166 - Info: tar: Write checkpoint 440000
20:20:20.714 - Info: tar: Write checkpoint 450000
20:20:21.205 - Info: tar: Write checkpoint 460000
20:20:21.537 - Info: tar: Write checkpoint 470000
20:20:21.965 - Info: tar: Write checkpoint 480000
20:20:23.272 - Info: tar: Write checkpoint 490000
20:20:25.101 - Info: tar: Write checkpoint 500000
20:20:26.021 - Info: tar: Write checkpoint 510000
20:20:26.924 - Info: tar: Write checkpoint 520000
20:20:28.889 - Info: tar: Write checkpoint 530000
20:20:29.684 - Info: tar: Write checkpoint 540000
20:20:30.593 - Info: tar: Write checkpoint 550000
20:20:32.383 - Info: tar: Write checkpoint 560000
20:20:33.664 - Info: tar: Write checkpoint 570000
20:20:35.374 - Info: tar: Write checkpoint 580000
20:20:35.973 - Info: tar: Write checkpoint 590000
20:20:37.128 - Info: tar: Write checkpoint 600000
20:20:37.770 - Info: tar: Write checkpoint 610000
20:20:38.583 - Info: tar: Write checkpoint 620000
20:20:39.093 - Info: tar: Write checkpoint 630000
20:20:39.435 - Info: tar: Write checkpoint 640000
20:20:39.993 - Info: tar: Write checkpoint 650000
20:20:40.271 - Info: tar: Write checkpoint 660000
20:20:40.942 - Info: tar: Write checkpoint 670000
20:20:42.425 - Info: tar: Write checkpoint 680000
20:20:43.591 - Info: tar: Write checkpoint 690000
20:20:44.339 - Info: tar: Write checkpoint 700000
20:20:46.185 - Info: tar: Write checkpoint 710000
20:20:47.005 - Info: tar: Write checkpoint 720000
20:20:48.484 - Info: tar: Write checkpoint 730000
20:20:54.183 - Info: Copying /home/ckw/nvidia/nvidia_sdk/JetPack_7.2_Linux_JETSON_ORIN_NANO_TARGETS/Linux_for_Tegra/bootloader/signed/gpt_secondary_9_0.bin  /home/ckw/nvidia/nvidia_sdk/JetPack_7.2_Linux_JETSON_ORIN_NANO_TARGETS/Linux_for_Tegra/tools/kernel_flash/images/external/gpt_secondary_9_0.bin
20:20:54.191 - Info: '/home/ckw/nvidia/nvidia_sdk/JetPack_7.2_Linux_JETSON_ORIN_NANO_TARGETS/Linux_for_Tegra/bootloader/signed/gpt_secondary_9_0.bin' -> '/home/ckw/nvidia/nvidia_sdk/JetPack_7.2_Linux_JETSON_ORIN_NANO_TARGETS/Linux_for_Tegra/tools/kernel_flash/images/external/gpt_secondary_9_0.bin'
20:20:54.206 - Info: Copy flash script to /home/ckw/nvidia/nvidia_sdk/JetPack_7.2_Linux_JETSON_ORIN_NANO_TARGETS/Linux_for_Tegra/tools/kernel_flash/images
20:20:54.211 - Info: '/home/ckw/nvidia/nvidia_sdk/JetPack_7.2_Linux_JETSON_ORIN_NANO_TARGETS/Linux_for_Tegra/tools/kernel_flash/l4t_flash_from_kernel.sh' -> '/home/ckw/nvidia/nvidia_sdk/JetPack_7.2_Linux_JETSON_ORIN_NANO_TARGETS/Linux_for_Tegra/tools/kernel_flash/images/l4t_flash_from_kernel.sh'
20:20:54.223 - Info: Success
20:20:54.265 - Info: ******************************************
20:20:54.265 - Info: *                                        *
20:20:54.265 - Info: *  Step 2: Generate rcm boot commandline *
20:20:54.265 - Info: *                                        *
20:20:54.265 - Info: ******************************************
20:20:54.268 - Info:  ADDITIONAL_DTB_OVERLAY= NO_ESP_IMG=1 ROOTFS_AB= ROOTFS_ENC= /home/ckw/nvidia/nvidia_sdk/JetPack_7.2_Linux_JETSON_ORIN_NANO_TARGETS/Linux_for_Tegra/flash.sh  -c bootloader/generic/cfg/flash_t234_qspi.xml  -C nv-auto-config --no-systemimg -c bootloader/generic/cfg/flash_t234_qspi.xml -r --no-flash --rcm-boot jetson-orin-nano-devkit-super mmcblk0p1
20:20:54.312 - Info: ###############################################################################
20:20:54.313 - Info: # L4T BSP Information:
20:20:54.313 - Info: # R39 , REVISION: 2.0
20:20:54.314 - Info: # User release: 0.0
20:20:54.316 - Info: ###############################################################################
20:20:54.393 - Info: # Target Board Information:
20:20:54.393 - Info: # Name: jetson-orin-nano-devkit-super, Board Family: generic, SoC: Tegra 234, 
20:20:54.393 - Info: # OpMode: production, Boot Authentication: NS, 
20:20:54.393 - Info: # Disk encryption: disabled ,
20:20:54.393 - Info: ###############################################################################
20:20:54.462 - Info: Board ID(3767) version(300) sku(0005) revision(T.1)
20:20:54.462 - Info: RAMCODE is 2
20:20:54.469 - Info: Chip SKU(D5) ramcode(2) fuselevel(fuselevel_production) board_FAB(300)
20:20:54.574 - Info: Using user_dev sector size 512
20:20:54.940 - Info: Copy /home/ckw/nvidia/nvidia_sdk/JetPack_7.2_Linux_JETSON_ORIN_NANO_TARGETS/Linux_for_Tegra/kernel/dtb/tegra234-p3768-0000+p3767-0005-nv-super.dtb to /home/ckw/nvidia/nvidia_sdk/JetPack_7.2_Linux_JETSON_ORIN_NANO_TARGETS/Linux_for_Tegra/kernel/dtb/tegra234-p3768-0000+p3767-0005-nv-super.dtb.rec
20:20:54.968 - Info: copying bctfile(/home/ckw/nvidia/nvidia_sdk/JetPack_7.2_Linux_JETSON_ORIN_NANO_TARGETS/Linux_for_Tegra/bootloader/generic/BCT/tegra234-p3767-0001-sdram-l4t.dts)... done.
20:20:54.968 - Info: bct_flags_file: 
20:20:54.974 - Info: copying minratchet_config(/home/ckw/nvidia/nvidia_sdk/JetPack_7.2_Linux_JETSON_ORIN_NANO_TARGETS/Linux_for_Tegra/bootloader/generic/BCT/tegra234-mb1-bct-ratchet-p3767-0000.dts)... done.
20:20:54.979 - Info: copying device_config(/home/ckw/nvidia/nvidia_sdk/JetPack_7.2_Linux_JETSON_ORIN_NANO_TARGETS/Linux_for_Tegra/bootloader/generic/BCT/tegra234-mb1-bct-device-p3767-0000.dts)... done.
20:20:54.984 - Info: copying misc_config(/home/ckw/nvidia/nvidia_sdk/JetPack_7.2_Linux_JETSON_ORIN_NANO_TARGETS/Linux_for_Tegra/bootloader/generic/BCT/tegra234-mb1-bct-misc-p3767-0000.dts)... done.
20:20:54.993 - Info: copying pinmux_config(/home/ckw/nvidia/nvidia_sdk/JetPack_7.2_Linux_JETSON_ORIN_NANO_TARGETS/Linux_for_Tegra/bootloader/generic/BCT/tegra234-mb1-bct-pinmux-p3767-dp-a03.dtsi)... done.
20:20:54.995 - Info: copying gpioint_config(/home/ckw/nvidia/nvidia_sdk/JetPack_7.2_Linux_JETSON_ORIN_NANO_TARGETS/Linux_for_Tegra/bootloader/generic/BCT/tegra234-mb1-bct-gpioint-p3767-0000.dts)... done.
20:20:54.999 - Info: copying pmic_config(/home/ckw/nvidia/nvidia_sdk/JetPack_7.2_Linux_JETSON_ORIN_NANO_TARGETS/Linux_for_Tegra/bootloader/generic/BCT/tegra234-mb1-bct-pmic-p3767-0000-a02.dts)... done.
20:20:55.004 - Info: copying pmc_config(/home/ckw/nvidia/nvidia_sdk/JetPack_7.2_Linux_JETSON_ORIN_NANO_TARGETS/Linux_for_Tegra/bootloader/generic/BCT/tegra234-mb1-bct-padvoltage-p3767-dp-a03.dtsi)... done.
20:20:55.007 - Info: copying deviceprod_config(/home/ckw/nvidia/nvidia_sdk/JetPack_7.2_Linux_JETSON_ORIN_NANO_TARGETS/Linux_for_Tegra/bootloader/generic/BCT/tegra234-mb1-bct-cprod-p3767-0000.dts)... done.
20:20:55.011 - Info: copying prod_config(/home/ckw/nvidia/nvidia_sdk/JetPack_7.2_Linux_JETSON_ORIN_NANO_TARGETS/Linux_for_Tegra/bootloader/generic/BCT/tegra234-mb1-bct-prod-p3767-0000.dts)... done.
20:20:55.017 - Info: copying scr_config(/home/ckw/nvidia/nvidia_sdk/JetPack_7.2_Linux_JETSON_ORIN_NANO_TARGETS/Linux_for_Tegra/bootloader/generic/BCT/tegra234-mb2-bct-scr-p3767-0000.dts)... done.
20:20:55.023 - Info: copying wb0sdram(/home/ckw/nvidia/nvidia_sdk/JetPack_7.2_Linux_JETSON_ORIN_NANO_TARGETS/Linux_for_Tegra/bootloader/generic/BCT/tegra234-p3767-0001-wb0sdram-l4t.dts)... done.
20:20:55.026 - Info: copying bootrom_config(/home/ckw/nvidia/nvidia_sdk/JetPack_7.2_Linux_JETSON_ORIN_NANO_TARGETS/Linux_for_Tegra/bootloader/generic/BCT/tegra234-mb1-bct-reset-p3767-0000.dts)... done.
20:20:55.034 - Info: Existing uphylane_config(/home/ckw/nvidia/nvidia_sdk/JetPack_7.2_Linux_JETSON_ORIN_NANO_TARGETS/Linux_for_Tegra/bootloader/tegra234-mb1-bct-uphylane-si.dtsi) reused.
20:20:55.039 - Info: copying dev_params(/home/ckw/nvidia/nvidia_sdk/JetPack_7.2_Linux_JETSON_ORIN_NANO_TARGETS/Linux_for_Tegra/bootloader/generic/BCT/tegra234-br-bct-p3767-0000-l4t.dts)... done.
20:20:55.046 - Info: copying dev_params_b(/home/ckw/nvidia/nvidia_sdk/JetPack_7.2_Linux_JETSON_ORIN_NANO_TARGETS/Linux_for_Tegra/bootloader/generic/BCT/tegra234-br-bct_b-p3767-0000-l4t.dts)... done.
20:20:55.057 - Info: copying mb2bct_cfg(/home/ckw/nvidia/nvidia_sdk/JetPack_7.2_Linux_JETSON_ORIN_NANO_TARGETS/Linux_for_Tegra/bootloader/generic/BCT/tegra234-mb2-bct-misc-p3767-0000.dts)... done.
20:20:55.072 - Info: Existing pscfwfile(/home/ckw/nvidia/nvidia_sdk/JetPack_7.2_Linux_JETSON_ORIN_NANO_TARGETS/Linux_for_Tegra/bootloader/pscfw_t234_prod.bin) reused.
20:20:55.078 - Info: Existing pscbl1file(/home/ckw/nvidia/nvidia_sdk/JetPack_7.2_Linux_JETSON_ORIN_NANO_TARGETS/Linux_for_Tegra/bootloader/psc_bl1_t234_prod.bin) reused.
20:20:55.088 - Info: Existing mtsmcefile(/home/ckw/nvidia/nvidia_sdk/JetPack_7.2_Linux_JETSON_ORIN_NANO_TARGETS/Linux_for_Tegra/bootloader/mce_flash_o10_cr_prod.bin) reused.
20:20:55.098 - Info: Existing tscfwfile(/home/ckw/nvidia/nvidia_sdk/JetPack_7.2_Linux_JETSON_ORIN_NANO_TARGETS/Linux_for_Tegra/bootloader/tsec_t234.bin) reused.
20:20:55.109 - Info: Existing mb2applet(/home/ckw/nvidia/nvidia_sdk/JetPack_7.2_Linux_JETSON_ORIN_NANO_TARGETS/Linux_for_Tegra/bootloader/applet_t234.bin) reused.
20:20:55.126 - Info: 	populating kernel to rootfs... Copying /home/ckw/nvidia/nvidia_sdk/JetPack_7.2_Linux_JETSON_ORIN_NANO_TARGETS/Linux_for_Tegra/kernel/Image to /home/ckw/nvidia/nvidia_sdk/JetPack_7.2_Linux_JETSON_ORIN_NANO_TARGETS/Linux_for_Tegra/rootfs/boot
20:20:55.454 - Info: done.
20:20:55.476 - Info: copying initrd(/home/ckw/nvidia/nvidia_sdk/JetPack_7.2_Linux_JETSON_ORIN_NANO_TARGETS/Linux_for_Tegra/bootloader/l4t_initrd.img)... done.
20:20:55.476 - Info: bl is uefi
20:20:56.330 - Info: Making Boot image... done.
20:20:56.336 - Info: Not signing of boot.img
20:20:56.337 - Info: Making recovery ramdisk for recovery image...
20:20:56.337 - Info: Re-generating recovery ramdisk for recovery image...
20:20:56.522 - Info: /home/ckw/nvidia/nvidia_sdk/JetPack_7.2_Linux_JETSON_ORIN_NANO_TARGETS/Linux_for_Tegra/bootloader/ramdisk_tmp /home/ckw/nvidia/nvidia_sdk/JetPack_7.2_Linux_JETSON_ORIN_NANO_TARGETS/Linux_for_Tegra/bootloader /home/ckw/nvidia/nvidia_sdk/JetPack_7.2_Linux_JETSON_ORIN_NANO_TARGETS/Linux_for_Tegra
20:20:56.672 - Info: 58950 blocks
20:20:57.084 - Info: _BASE_KERNEL_VERSION=6.8.12-1021-tegra
20:21:05.810 - Info: 90520 blocks
20:21:05.851 - Info: Making Recovery image...
20:21:06.562 - Info: copying recdtbfile(/home/ckw/nvidia/nvidia_sdk/JetPack_7.2_Linux_JETSON_ORIN_NANO_TARGETS/Linux_for_Tegra/kernel/dtb/tegra234-p3768-0000+p3767-0005-nv-super.dtb.rec)... done.
20:21:06.572 - Info: 20+0 records in
20:21:06.572 - Info: 20+0 records out
20:21:06.572 - Info: 20 bytes copied, 0.000991663 s, 20.2 kB/s
20:21:06.644 - Info: Existing sosfile(/home/ckw/nvidia/nvidia_sdk/JetPack_7.2_Linux_JETSON_ORIN_NANO_TARGETS/Linux_for_Tegra/bootloader/mb1_t234_prod.bin) reused.
20:21:06.651 - Info: Existing mb2blfile(/home/ckw/nvidia/nvidia_sdk/JetPack_7.2_Linux_JETSON_ORIN_NANO_TARGETS/Linux_for_Tegra/bootloader/mb2_t234.bin) reused.
20:21:06.660 - Info: Existing xusbfile(/home/ckw/nvidia/nvidia_sdk/JetPack_7.2_Linux_JETSON_ORIN_NANO_TARGETS/Linux_for_Tegra/bootloader/xusb_t234_prod.bin) reused.
20:21:06.679 - Info: Existing pvafile(/home/ckw/nvidia/nvidia_sdk/JetPack_7.2_Linux_JETSON_ORIN_NANO_TARGETS/Linux_for_Tegra/bootloader/nvpva_020.fw) reused.
20:21:06.785 - Info: Existing dcefile(/home/ckw/nvidia/nvidia_sdk/JetPack_7.2_Linux_JETSON_ORIN_NANO_TARGETS/Linux_for_Tegra/bootloader/display-t234-dce.bin) reused.
20:21:06.789 - Info: copying dcedtbfile(/home/ckw/nvidia/nvidia_sdk/JetPack_7.2_Linux_JETSON_ORIN_NANO_TARGETS/Linux_for_Tegra/kernel/dtb/tegra234-p3768-0000+p3767-0005-nv-super.dtb)... done.
20:21:06.800 - Info: Existing nvdecfile(/home/ckw/nvidia/nvidia_sdk/JetPack_7.2_Linux_JETSON_ORIN_NANO_TARGETS/Linux_for_Tegra/bootloader/nvdec_t234_prod.fw) reused.
20:21:06.809 - Info: Existing psc_rf(/home/ckw/nvidia/nvidia_sdk/JetPack_7.2_Linux_JETSON_ORIN_NANO_TARGETS/Linux_for_Tegra/bootloader/psc_rf_t234_prod.bin) reused.
20:21:06.822 - Info: Existing mb2_rf(/home/ckw/nvidia/nvidia_sdk/JetPack_7.2_Linux_JETSON_ORIN_NANO_TARGETS/Linux_for_Tegra/bootloader/mb2rf_t234.bin) reused.
20:21:06.828 - Info: Existing mb1file(/home/ckw/nvidia/nvidia_sdk/JetPack_7.2_Linux_JETSON_ORIN_NANO_TARGETS/Linux_for_Tegra/bootloader/mb1_t234_prod.bin) reused.
20:21:06.842 - Info: Existing bpffile(/home/ckw/nvidia/nvidia_sdk/JetPack_7.2_Linux_JETSON_ORIN_NANO_TARGETS/Linux_for_Tegra/bootloader/bpmp_t234-TE950M-A1_prod.bin) reused.
20:21:06.847 - Info: copying bpfdtbfile(/home/ckw/nvidia/nvidia_sdk/JetPack_7.2_Linux_JETSON_ORIN_NANO_TARGETS/Linux_for_Tegra/bootloader/generic/tegra234-bpmp-3767-0003-3768-super.dtb)... done.
20:21:06.864 - Info: Existing camerafw(/home/ckw/nvidia/nvidia_sdk/JetPack_7.2_Linux_JETSON_ORIN_NANO_TARGETS/Linux_for_Tegra/bootloader/camera-rtcpu-t234-rce.img) reused.
20:21:06.875 - Info: Existing apefile(/home/ckw/nvidia/nvidia_sdk/JetPack_7.2_Linux_JETSON_ORIN_NANO_TARGETS/Linux_for_Tegra/bootloader/adsp-fw.bin) reused.
20:21:06.885 - Info: Existing spefile(/home/ckw/nvidia/nvidia_sdk/JetPack_7.2_Linux_JETSON_ORIN_NANO_TARGETS/Linux_for_Tegra/bootloader/spe_t234.bin) reused.
20:21:06.896 - Info: Existing wb0boot(/home/ckw/nvidia/nvidia_sdk/JetPack_7.2_Linux_JETSON_ORIN_NANO_TARGETS/Linux_for_Tegra/bootloader/sc7_t234_prod.bin) reused.
20:21:06.917 - Info: Existing tosfile(/home/ckw/nvidia/nvidia_sdk/JetPack_7.2_Linux_JETSON_ORIN_NANO_TARGETS/Linux_for_Tegra/bootloader/tos-optee_t234.img) reused.
20:21:06.920 - Info: Existing eksfile(/home/ckw/nvidia/nvidia_sdk/JetPack_7.2_Linux_JETSON_ORIN_NANO_TARGETS/Linux_for_Tegra/bootloader/eks_t234.img) reused.
20:21:06.925 - Info: copying dtbfile(/home/ckw/nvidia/nvidia_sdk/JetPack_7.2_Linux_JETSON_ORIN_NANO_TARGETS/Linux_for_Tegra/kernel/dtb/tegra234-p3768-0000+p3767-0005-nv-super.dtb)... done.
20:21:06.927 - Info: Copying nv_boot_control.conf to rootfs
20:21:06.960 - Info: Skip generating system.img
20:21:06.960 - Info: Not signing of kernel-dtb
20:21:06.968 - Info: copying tbcfile(/home/ckw/nvidia/nvidia_sdk/JetPack_7.2_Linux_JETSON_ORIN_NANO_TARGETS/Linux_for_Tegra/bootloader/uefi_bins/uefi_t23x_general.bin)... done.
20:21:06.974 - Info: copying rcm_tbcfile(/home/ckw/nvidia/nvidia_sdk/JetPack_7.2_Linux_JETSON_ORIN_NANO_TARGETS/Linux_for_Tegra/bootloader/uefi_bins/uefi_t23x_general.bin)... done.
20:21:06.974 - Info: Skip generating EFI system partition image.
20:21:06.980 - Info: copying tbcdtbfile(/home/ckw/nvidia/nvidia_sdk/JetPack_7.2_Linux_JETSON_ORIN_NANO_TARGETS/Linux_for_Tegra/kernel/dtb/tegra234-p3768-0000+p3767-0005-nv-super.dtb)... done.
20:21:07.270 - Info: copying cfgfile(/home/ckw/nvidia/nvidia_sdk/JetPack_7.2_Linux_JETSON_ORIN_NANO_TARGETS/Linux_for_Tegra/bootloader/generic/cfg/flash_t234_qspi.xml) to flash.xml... done.
20:21:07.486 - Info: Existing flashapp(/home/ckw/nvidia/nvidia_sdk/JetPack_7.2_Linux_JETSON_ORIN_NANO_TARGETS/Linux_for_Tegra/bootloader/tegraflash.py) reused.
20:21:07.501 - Info: copying overlay_dtb(/home/ckw/nvidia/nvidia_sdk/JetPack_7.2_Linux_JETSON_ORIN_NANO_TARGETS/Linux_for_Tegra/kernel/dtb/L4TConfiguration.dtbo)... done.
20:21:07.511 - Info: copying overlay_dtb(/home/ckw/nvidia/nvidia_sdk/JetPack_7.2_Linux_JETSON_ORIN_NANO_TARGETS/Linux_for_Tegra/kernel/dtb/tegra234-carveouts.dtbo)... done.
20:21:07.527 - Info: copying overlay_dtb(/home/ckw/nvidia/nvidia_sdk/JetPack_7.2_Linux_JETSON_ORIN_NANO_TARGETS/Linux_for_Tegra/kernel/dtb/tegra-optee.dtbo)... done.
20:21:07.537 - Info: copying overlay_dtb(/home/ckw/nvidia/nvidia_sdk/JetPack_7.2_Linux_JETSON_ORIN_NANO_TARGETS/Linux_for_Tegra/kernel/dtb/T234SetFmpImageTypeGuid.dtbo)... done.
20:21:07.551 - Info: copying overlay_dtb(/home/ckw/nvidia/nvidia_sdk/JetPack_7.2_Linux_JETSON_ORIN_NANO_TARGETS/Linux_for_Tegra/kernel/dtb/tegra234-p3768-0000+p3767-0000-dynamic.dtbo)... done.
20:21:07.564 - Info: /home/ckw/nvidia/nvidia_sdk/JetPack_7.2_Linux_JETSON_ORIN_NANO_TARGETS/Linux_for_Tegra/bootloader/L4TConfiguration_updated.dts: Warning (unit_address_vs_reg): Node /fragment@0 has a unit name, but no reg property
20:21:07.574 - Info: /home/ckw/nvidia/nvidia_sdk/JetPack_7.2_Linux_JETSON_ORIN_NANO_TARGETS/Linux_for_Tegra/bootloader/L4TConfiguration.dtbo: Warning (unit_address_vs_reg): Node /fragment@0 has a unit name, but no reg property
20:21:07.580 - Info: /home/ckw/nvidia/nvidia_sdk/JetPack_7.2_Linux_JETSON_ORIN_NANO_TARGETS/Linux_for_Tegra/bootloader/L4TConfiguration_updated.dts: Warning (unit_address_vs_reg): Node /fragment@0 has a unit name, but no reg property
20:21:07.599 - Info: /home/ckw/nvidia/nvidia_sdk/JetPack_7.2_Linux_JETSON_ORIN_NANO_TARGETS/Linux_for_Tegra/bootloader/L4TConfiguration.dtbo: Warning (unit_address_vs_reg): Node /fragment@0 has a unit name, but no reg property
20:21:07.619 - Info: ./tegraflash.py  --bl uefi_t23x_general_with_dtb.bin  --odmdata gbe-uphy-config-8,hsstp-lane-map-3,hsio-uphy-config-0  --overlay_dtb L4TConfiguration.dtbo,tegra234-carveouts.dtbo,tegra-optee.dtbo,T234SetFmpImageTypeGuid.dtbo,tegra234-p3768-0000+p3767-0000-dynamic.dtbo,  --rawkerneldtb kernel_tegra234-p3768-0000+p3767-0005-nv-super.dtb  --bldtb tegra234-p3768-0000+p3767-0005-nv-super.dtb --applet mb1_t234_prod.bin  --cmd " sign"  --cfg flash.xml --chip "0x23" --concat_cpubl_bldtb --cpubl uefi_t23x_general.bin --cpubl_rcm uefi_t23x_general.bin --minratchet_config tegra234-mb1-bct-ratchet-p3767-0000.dts --device_config tegra234-mb1-bct-device-p3767-0000.dts --misc_config tegra234-mb1-bct-misc-p3767-0000.dts --pinmux_config tegra234-mb1-bct-pinmux-p3767-dp-a03.dtsi --gpioint_config tegra234-mb1-bct-gpioint-p3767-0000.dts --pmic_config tegra234-mb1-bct-pmic-p3767-0000-a02.dts --pmc_config tegra234-mb1-bct-padvoltage-p3767-dp-a03.dtsi --deviceprod_config tegra234-mb1-bct-cprod-p3767-0000.dts --prod_config tegra234-mb1-bct-prod-p3767-0000.dts --scr_config tegra234-mb2-bct-scr-p3767-0000.dts --wb0sdram_config tegra234-p3767-0001-wb0sdram-l4t.dts --br_cmd_config tegra234-mb1-bct-reset-p3767-0000.dts --uphy tegra234-mb1-bct-uphylane-si.dtsi --dev_params tegra234-br-bct-p3767-0000-l4t.dts,tegra234-br-bct_b-p3767-0000-l4t.dts --mb2bct_cfg tegra234-mb2-bct-misc-p3767-0000.dts  --bins "psc_fw pscfw_t234_prod.bin; mts_mce mce_flash_o10_cr_prod.bin; tsec_fw tsec_t234.bin; mb2_applet applet_t234.bin; mb2_bootloader mb2_t234.bin; xusb_fw xusb_t234_prod.bin; pva_fw nvpva_020.fw; dce_fw display-t234-dce.bin; nvdec nvdec_t234_prod.fw; bpmp_fw bpmp_t234-TE950M-A1_prod.bin; bpmp_fw_dtb tegra234-bpmp-3767-0003-3768-super.dtb; rce_fw camera-rtcpu-t234-rce.img; ape_fw adsp-fw.bin; spe_fw spe_t234.bin; tos tos-optee_t234.img; eks eks_t234.img; kernel boot.img; kernel_dtb tegra234-p3768-0000+p3767-0005-nv-super.dtb" --skipuid --sdram_config tegra234-p3767-0001-sdram-l4t.dts  --bct_backup  --boot_chain A  --no_pva 0  --ramcode 2  
20:21:08.507 - Info: Welcome to Tegra Flash
20:21:08.508 - Info: version 1.0.0
20:21:08.508 - Info: Type ? or help for help and q or quit to exit
20:21:08.508 - Info: Use ! to execute system commands
20:21:08.508 - Info:  
20:21:08.508 - Info: [   0.0666 ] tegrasign_v3.py --key None --getmode mode.txt
20:21:08.508 - Info: [   0.0667 ] Assuming zero filled SBK key
20:21:08.508 - Info: [   0.0666 ] Parsing partition layout
20:21:08.508 - Info: [   0.0674 ] tegraparser_v2 --pt flash.xml.tmp
20:21:08.508 - Info: [   0.0726 ] Change tegra234-bpmp-3767-0003-3768-super.dtb to tegra234-bpmp-3767-0003-3768-super_with_odm.dtb
20:21:08.508 - Info: [   0.0726 ] Change tegra234-bpmp-3767-0003-3768-super.dtb to tegra234-bpmp-3767-0003-3768-super_with_odm.dtb
20:21:08.508 - Info: [   0.1306 ] /usr/bin/python3 dtbcheck.py -c t234 -o tegra234-bpmp-3767-0003-3768-super_with_odm.dtb tegra234-bpmp-3767-0003-3768-super_with_odm_tmp.dtb
20:21:08.508 - Info: [   0.3176 ] Concatenating L4TConfiguration.dtbo,tegra234-carveouts.dtbo,tegra-optee.dtbo,T234SetFmpImageTypeGuid.dtbo,tegra234-p3768-0000+p3767-0000-dynamic.dtbo to tegra234-p3768-0000+p3767-0005-nv-super_with_odm_overlay.dtb.updated
20:21:08.508 - Info: [   0.3179 ] Concatenating bl dtb to cpubl binary
20:21:08.508 - Info: [   0.3190 ] Concatenating bl dtb:(tegra234-p3768-0000+p3767-0005-nv-super_with_odm_overlay.dtb.updated), to cpubl binary: uefi_t23x_general.bin
20:21:08.508 - Info: [   0.3233 ] MB2 binary: mb2_t234.bin
20:21:08.508 - Info: [   0.3234 ] Pre-processing mb2bct config: tegra234-mb2-bct-misc-p3767-0000.dts
20:21:08.508 - Info: [   0.3576 ] Pre-processing mb2bct config: tegra234-mb2-bct-scr-p3767-0000.dts
20:21:08.508 - Info: [   0.7569 ] Generating coldboot mb2-bct
20:21:08.508 - Info: [   0.7569 ] tegrabct_v2 --chip 0x23 0 --parse-error-mode quiet-continue --mb2bct mb2_cold_boot_bct.cfg --mb2bctcfg tegra234-mb2-bct-misc-p3767-0000_cpp.dtb --scr tegra234-mb2-bct-scr-p3767-0000_cpp.dtb
20:21:08.508 - Info: [   0.7583 ] parse-error-mode: quiet-continue
20:21:08.521 - Info: [   0.7715 ] Updating mb2-bct with storage information
20:21:08.521 - Info: [   0.7721 ] tegrabct_v2 --chip 0x23 0 --mb2bct mb2_cold_boot_bct_MB2.bct --updatestorageinfo flash.xml.bin
20:21:08.521 - Info: [   0.7725 ] parse-error-mode: show-continue (default)
20:21:08.522 - Info: [   0.7727 ] Saving MB2 BCT file as mb2_cold_boot_bct_MB2.bct with suffix (null)
20:21:11.309 - Info: [   0.7746 ] Concatenating mb2-bct to mb2 binary
20:21:11.310 - Info: [   0.7746 ] mb2_bin_file = mb2_t234.bin
20:21:11.310 - Info: [   0.7746 ] mb2_bct_file = mb2_cold_boot_bct_MB2.bct
20:21:11.310 - Info: [   0.7776 ] DCE binary: display-t234-dce.bin
20:21:11.310 - Info: [   0.7777 ] Kernel DTB used: kernel_tegra234-p3768-0000+p3767-0005-nv-super.dtb
20:21:11.310 - Info: [   0.7777 ] Concatenating kernel-dtb to dce-fw binary
20:21:11.310 - Info: [   0.7777 ] dce_bin = display-t234-dce.bin
20:21:11.310 - Info: [   0.7777 ] kernel_dtb = kernel_tegra234-p3768-0000+p3767-0005-nv-super.dtb
20:21:11.310 - Info: [   0.7777 ] dce_with_dtb = display-t234-dce_with_kernel_tegra234-p3768-0000+p3767-0005-nv-super.bin
20:21:11.310 - Info: [   0.7812 ] Update display-t234-dce_with_kernel_tegra234-p3768-0000+p3767-0005-nv-super.bin to dce_fw partitions
20:21:11.310 - Info: [   0.7832 ] Parsing partition layout
20:21:11.310 - Info: [   0.7841 ] tegraparser_v2 --pt flash.xml.tmp
20:21:11.310 - Info: [   0.7862 ] Creating list of images to be signed
20:21:11.310 - Info: [   0.7869 ] Generating ratchet blob
20:21:11.310 - Info: [   0.7869 ] Pre-processing config: tegra234-mb1-bct-reset-p3767-0000.dts
20:21:11.310 - Info: [   0.7977 ] Pre-processing config: tegra234-mb1-bct-device-p3767-0000.dts
20:21:11.310 - Info: [   0.8094 ] Pre-processing config: tegra234-mb1-bct-cprod-p3767-0000.dts
20:21:11.310 - Info: [   0.8177 ] Pre-processing config: tegra234-mb1-bct-gpioint-p3767-0000.dts
20:21:11.310 - Info: [   0.8277 ] Pre-processing config: tegra234-mb1-bct-misc-p3767-0000.dts
20:21:11.311 - Info: [   0.8453 ] Pre-processing config: tegra234-mb1-bct-pinmux-p3767-dp-a03.dtsi
20:21:11.311 - Info: [   0.8630 ] Pre-processing config: tegra234-mb1-bct-padvoltage-p3767-dp-a03.dtsi
20:21:11.311 - Info: [   0.8728 ] Pre-processing config: tegra234-mb1-bct-pmic-p3767-0000-a02.dts
20:21:11.311 - Info: [   0.8837 ] Pre-processing config: tegra234-mb1-bct-prod-p3767-0000.dts
20:21:11.311 - Info: [   0.8929 ] Pre-processing config: tegra234-p3767-0001-sdram-l4t.dts
20:21:11.312 - Info: [   2.1021 ] Pre-processing config: tegra234-mb1-bct-uphylane-si.dtsi
20:21:11.312 - Info: [   2.1161 ] Pre-processing config: tegra234-p3767-0001-wb0sdram-l4t.dts
20:21:11.312 - Info: [   3.5476 ] Pre-processing config: tegra234-mb1-bct-ratchet-p3767-0000.dts
20:21:11.312 - Info: [   3.5607 ] Generating coldboot mb1-bct
20:21:11.312 - Info: [   3.5612 ] tegrabct_v2 --chip 0x23 0 --mb1bct mb1_cold_boot_bct.cfg --misc tegra234-mb1-bct-misc-p3767-0000_cpp.dtb --wb0sdram tegra234-p3767-0001-wb0sdram-l4t_cpp.dtb --pinmux tegra234-mb1-bct-pinmux-p3767-dp-a03_cpp.dtb --pmc tegra234-mb1-bct-padvoltage-p3767-dp-a03_cpp.dtb --pmic tegra234-mb1-bct-pmic-p3767-0000-a02_cpp.dtb --brcommand tegra234-mb1-bct-reset-p3767-0000_cpp.dtb --prod tegra234-mb1-bct-prod-p3767-0000_cpp.dtb --gpioint tegra234-mb1-bct-gpioint-p3767-0000_cpp.dtb --uphy tegra234-mb1-bct-uphylane-si_cpp.dtb --device tegra234-mb1-bct-device-p3767-0000_cpp.dtb --deviceprod tegra234-mb1-bct-cprod-p3767-0000_cpp.dtb --minratchet tegra234-mb1-bct-ratchet-p3767-0000_cpp.dtb --ratchet_blob ratchet_blob.bin --parse-error-mode quiet-continue
20:21:11.312 - Info: [   3.5617 ] parse-error-mode: quiet-continue
20:21:11.313 - Info: [   3.5619 ] MB1-BCT version: 0.12
20:21:11.313 - Info: 
20:21:11.313 - Info: [   3.5652 ] Parsing config file :tegra234-mb1-bct-pinmux-p3767-dp-a03_cpp.dtb 
20:21:11.318 - Info: [   3.5655 ] Added Platform Config 0 data with size :- 2416
20:21:11.318 - Info: 
20:21:11.318 - Info: [   3.5680 ] Parsing config file :tegra234-mb1-bct-padvoltage-p3767-dp-a03_cpp.dtb 
20:21:11.321 - Info: [   3.5682 ] Added Platform Config 2 data with size :- 24
20:21:11.325 - Info: [   3.5717 ] 
20:21:11.325 - Info: [   3.5717 ] Parsing config file :tegra234-mb1-bct-pmic-p3767-0000-a02_cpp.dtb 
20:21:11.325 - Info: [   3.5717 ] Added Platform Config 4 data with size :- 288
20:21:11.325 - Info: [   3.5717 ] 
20:21:11.325 - Info: [   3.5717 ] Parsing config file :tegra234-mb1-bct-reset-p3767-0000_cpp.dtb 
20:21:11.325 - Info: [   3.5717 ] Added Platform Config 3 data with size :- 52
20:21:11.325 - Info: [   3.5717 ] 
20:21:11.325 - Info: [   3.5717 ] Parsing config file :tegra234-mb1-bct-prod-p3767-0000_cpp.dtb 
20:21:11.325 - Info: [   3.5717 ] Added Platform Config 5 data with size :- 512
20:21:11.325 - Info: [   3.5717 ] 
20:21:11.325 - Info: [   3.5717 ] Parsing config file :tegra234-mb1-bct-gpioint-p3767-0000_cpp.dtb 
20:21:11.325 - Info: [   3.5717 ] Added Platform Config 7 data with size :- 380
20:21:11.325 - Info: [   3.5717 ] 
20:21:11.325 - Info: [   3.5717 ] Parsing config file :tegra234-mb1-bct-uphylane-si_cpp.dtb 
20:21:11.325 - Info: [   3.5717 ] Added Platform Config 8 data with size :- 24
20:21:11.325 - Info: [   3.5717 ] 
20:21:11.325 - Info: [   3.5717 ] Parsing config file :tegra234-mb1-bct-device-p3767-0000_cpp.dtb 
20:21:11.326 - Info: [   3.5717 ] Added Platform Config 9 data with size :- 104
20:21:11.326 - Info: [   3.5717 ] 
20:21:11.326 - Info: [   3.5717 ] Parsing config file :tegra234-mb1-bct-cprod-p3767-0000_cpp.dtb 
20:21:11.326 - Info: [   3.5717 ] Added Platform Config 6 data with size :- 16
20:21:11.326 - Info: [   3.5717 ] 
20:21:11.326 - Info: [   3.5717 ] Parsing config file :tegra234-mb1-bct-ratchet-p3767-0000_cpp.dtb 
20:21:11.327 - Info: [   3.5717 ] Setting MB1 bct size to 9344
20:21:11.327 - Info: [   3.5717 ] 
20:21:11.327 - Info: [   3.5718 ] Updating mb1-bct with firmware information
20:21:11.327 - Info: [   3.5738 ] tegrabct_v2 --chip 0x23 0 --mb1bct mb1_cold_boot_bct_MB1.bct --updatefwinfo flash.xml.bin
20:21:11.327 - Info: [   3.5757 ] parse-error-mode: show-continue (default)
20:21:11.327 - Info: [   3.5759 ] Setting MB1 bct size to 9344
20:21:11.327 - Info: [   3.5760 ] Setting MB1 bct size to 9344
20:21:11.339 - Info: [   3.5810 ] tegrahost_v2 --chip 0x23 0 --align mb1_cold_boot_bct_MB1_aligned.bct
20:21:11.339 - Info: [   3.5826 ] Generating SHA2 Hash for mb1bct
20:21:11.342 - Info: [   3.5941 ] Sha saved in mb1_cold_boot_bct_MB1_aligned.sha
20:21:11.347 - Info: [   3.5957 ] Sha saved in mb1_cold_boot_bct_MB1.sha
20:21:11.348 - Info: [   3.5965 ] tegrahost_v2 --chip 0x23 0 --magicid MBCT --ratchet_blob ratchet_blob.bin --appendsigheader mb1_cold_boot_bct_MB1_aligned.bct zerosbk
20:21:11.348 - Info: [   3.5985 ] adding BCH for mb1_cold_boot_bct_MB1_aligned.bct
20:21:11.351 - Info: [   3.6011 ] tegrasign_v3.py --key None --list mb1_cold_boot_bct_MB1_aligned_sigheader.bct_list.xml --sha sha512
20:21:11.351 - Info: [   3.6014 ] Assuming zero filled SBK key
20:21:11.359 - Info: [   3.6055 ] tegrahost_v2 --chip 0x23 0 --updatesigheader mb1_cold_boot_bct_MB1_aligned_sigheader.bct.encrypt mb1_cold_boot_bct_MB1_aligned_sigheader.bct.hash zerosbk
20:21:11.359 - Info: [   3.6091 ] tegrahost_v2 --chip 0x23 0 --partitionlayout flash.xml.bin --ratchet_blob ratchet_blob.bin --list images_list.xml zerosbk
20:21:11.359 - Info: [   3.6105 ] MB1: Nvheader already present is mb1_t234_prod_aligned.bin
20:21:11.362 - Info: [   3.6109 ] Header already present for mb1_t234_prod_aligned_sigheader.bin
20:21:11.366 - Info: [   3.6137 ] MB1: Nvheader already present is psc_bl1_t234_prod_aligned.bin
20:21:11.366 - Info: [   3.6186 ] Header already present for psc_bl1_t234_prod_aligned_sigheader.bin
20:21:11.372 - Info: [   3.6188 ] Header already present for tsec_t234_aligned.bin
20:21:11.377 - Info: [   3.6247 ] Header already present for nvdec_t234_prod_aligned.fw
20:21:11.384 - Info: [   3.6296 ] adding BCH for mb2_t234_with_mb2_cold_boot_bct_MB2_aligned.bin
20:21:11.399 - Info: [   3.6370 ] adding BCH for xusb_t234_prod_aligned.bin
20:21:11.408 - Info: [   3.6517 ] Header already present for bpmp_t234-TE950M-A1_prod_aligned.bin
20:21:11.424 - Info: [   3.6607 ] adding BCH for tegra234-bpmp-3767-0003-3768-super_with_odm_aligned.dtb
20:21:11.436 - Info: [   3.6756 ] Header already present for pscfw_t234_prod_aligned.bin
20:21:11.442 - Info: [   3.6887 ] Header already present for mce_flash_o10_cr_prod_aligned.bin
20:21:11.445 - Info: [   3.6945 ] Header already present for sc7_t234_prod.bin
20:21:11.448 - Info: [   3.6978 ] Header already present for psc_rf_t234_prod_aligned.bin
20:21:11.450 - Info: [   3.7009 ] adding BCH for mb2rf_t234_aligned.bin
20:21:11.518 - Info: [   3.7031 ] INFO: compressing uefi_t23x_general_with_dtb_aligned.bin
20:21:11.525 - Info: [   3.7702 ] INFO: complete compression, uefi_t23x_general_with_dtb_aligned.bin, ratio = 93%
20:21:11.620 - Info: [   3.7772 ] adding BCH for uefi_t23x_general_with_dtb_aligned_blob_w_bin_aligned.bin
20:21:11.676 - Info: [   3.8731 ] adding BCH for tos-optee_t234_aligned.img
20:21:11.729 - Info: [   3.9276 ] adding BCH for eks_t234_aligned.img
20:21:11.960 - Info: [   3.9819 ] INFO: compressing display-t234-dce_with_kernel_tegra234-p3768-0000+p3767-0005-nv-super_aligned.bin
20:21:11.993 - Info: [   4.2125 ] INFO: complete compression, display-t234-dce_with_kernel_tegra234-p3768-0000+p3767-0005-nv-super_aligned.bin, ratio = 8%
20:21:12.024 - Info: [   4.2459 ] adding BCH for display-t234-dce_with_kernel_tegra234-p3768-0000+p3767-0005-nv-super_aligned_blob_w_bin_aligned.bin
20:21:12.042 - Info: [   4.2770 ] adding BCH for spe_t234_aligned.bin
20:21:12.054 - Info: [   4.2952 ] adding BCH for camera-rtcpu-t234-rce_aligned.img
20:21:12.079 - Info: [   4.3068 ] adding BCH for adsp-fw_aligned.bin
20:21:12.124 - Info: [   4.3308 ] INFO: compressing nvpva_020_aligned.fw
20:21:12.127 - Info: [   4.3768 ] INFO: complete compression, nvpva_020_aligned.fw, ratio = 3%
20:21:12.130 - Info: [   4.3800 ] adding BCH for nvpva_020_aligned_blob_w_bin_aligned.fw
20:21:12.131 - Info: [   4.3821 ] MB1: Nvheader already present is mb1_t234_prod_aligned.bin
20:21:12.133 - Info: [   4.3840 ] Header already present for mb1_t234_prod_aligned_sigheader.bin
20:21:12.138 - Info: [   4.3853 ] MB1: Nvheader already present is psc_bl1_t234_prod_aligned.bin
20:21:12.138 - Info: [   4.3907 ] Header already present for psc_bl1_t234_prod_aligned_sigheader.bin
20:21:12.140 - Info: [   4.3909 ] Header already present for tsec_t234_aligned.bin
20:21:12.143 - Info: [   4.3926 ] Header already present for nvdec_t234_prod_aligned.fw
20:21:12.151 - Info: [   4.3960 ] adding BCH for mb2_t234_with_mb2_cold_boot_bct_MB2_aligned.bin
20:21:12.165 - Info: [   4.4032 ] adding BCH for xusb_t234_prod_aligned.bin
20:21:12.174 - Info: [   4.4172 ] Header already present for bpmp_t234-TE950M-A1_prod_aligned.bin
20:21:12.192 - Info: [   4.4270 ] adding BCH for tegra234-bpmp-3767-0003-3768-super_with_odm_aligned.dtb
20:21:12.204 - Info: [   4.4444 ] Header already present for pscfw_t234_prod_aligned.bin
20:21:12.211 - Info: [   4.4556 ] Header already present for mce_flash_o10_cr_prod_aligned.bin
20:21:12.216 - Info: [   4.4630 ] Header already present for sc7_t234_prod.bin
20:21:12.222 - Info: [   4.4683 ] Header already present for psc_rf_t234_prod_aligned.bin
20:21:12.223 - Info: [   4.4727 ] adding BCH for mb2rf_t234_aligned.bin
20:21:12.275 - Info: [   4.4754 ] INFO: compressing uefi_t23x_general_with_dtb_aligned.bin
20:21:12.281 - Info: [   4.5278 ] INFO: complete compression, uefi_t23x_general_with_dtb_aligned.bin, ratio = 93%
20:21:12.339 - Info: [   4.5328 ] adding BCH for uefi_t23x_general_with_dtb_aligned_blob_w_bin_aligned.bin
20:21:12.391 - Info: [   4.5915 ] adding BCH for tos-optee_t234_aligned.img
20:21:12.444 - Info: [   4.6433 ] adding BCH for eks_t234_aligned.img
20:21:12.636 - Info: [   4.6968 ] INFO: compressing display-t234-dce_with_kernel_tegra234-p3768-0000+p3767-0005-nv-super_aligned.bin
20:21:12.658 - Info: [   4.8887 ] INFO: complete compression, display-t234-dce_with_kernel_tegra234-p3768-0000+p3767-0005-nv-super_aligned.bin, ratio = 8%
20:21:12.683 - Info: [   4.9110 ] adding BCH for display-t234-dce_with_kernel_tegra234-p3768-0000+p3767-0005-nv-super_aligned_blob_w_bin_aligned.bin
20:21:12.698 - Info: [   4.9351 ] adding BCH for spe_t234_aligned.bin
20:21:12.706 - Info: [   4.9506 ] adding BCH for camera-rtcpu-t234-rce_aligned.img
20:21:12.725 - Info: [   4.9588 ] adding BCH for adsp-fw_aligned.bin
20:21:12.771 - Info: [   4.9778 ] INFO: compressing nvpva_020_aligned.fw
20:21:12.777 - Info: [   5.0232 ] INFO: complete compression, nvpva_020_aligned.fw, ratio = 3%
20:21:12.781 - Info: [   5.0294 ] adding BCH for nvpva_020_aligned_blob_w_bin_aligned.fw
20:21:12.796 - Info: [   5.0341 ] Filling MB1 storage info
20:21:12.796 - Info: [   5.0342 ] Parsing dev params for multi chains
20:21:12.796 - Info: [   5.0475 ] Generating br-bct
20:21:12.796 - Info: [   5.0481 ] Updating dev and MSS params in BR BCT
20:21:12.796 - Info: [   5.0481 ] tegrabct_v2 --dev_param tegra234-br-bct-p3767-0000-l4t_cpp.dtb --sdram tegra234-p3767-0001-sdram-l4t_cpp.dtb --brbct br_bct.cfg --chip 0x23 0
20:21:12.798 - Info: [   5.0485 ] parse-error-mode: show-continue (default)
20:21:12.892 - Info: [   5.0510 ] File br_bct.cfg saved.
20:21:12.893 - Info: [   5.1448 ] Updating bl info
20:21:12.893 - Info: [   5.1455 ] tegrabct_v2 --brbct br_bct_BR.bct --chip 0x23 0 --updateblinfo flash.xml.bin --parse-error-mode quiet-continue
20:21:12.894 - Info: [   5.1460 ] parse-error-mode: quiet-continue
20:21:12.894 - Info: [   5.1465 ] File br_bct_BR.bct saved.
20:21:12.897 - Info: [   5.1471 ] File br_bct_BR.bct saved.
20:21:12.913 - Info: [   5.1647 ] Generating br-bct
20:21:12.913 - Info: [   5.1653 ] Updating dev and MSS params in BR BCT
20:21:12.913 - Info: [   5.1653 ] tegrabct_v2 --dev_param tegra234-br-bct_b-p3767-0000-l4t_cpp.dtb --sdram tegra234-p3767-0001-sdram-l4t_cpp.dtb --brbct br_bct.cfg --chip 0x23 0
20:21:12.915 - Info: [   5.1657 ] parse-error-mode: show-continue (default)
20:21:12.998 - Info: [   5.1675 ] File br_bct.cfg saved.
20:21:13.008 - Info: [   5.2525 ] Updating bl info
20:21:13.008 - Info: [   5.2530 ] tegrabct_v2 --brbct br_bct_BR.bct --chip 0x23 0 --updateblinfo flash.xml.bin --parse-error-mode quiet-continue
20:21:13.008 - Info: [   5.2545 ] parse-error-mode: quiet-continue
20:21:13.008 - Info: [   5.2547 ] File br_bct_BR.bct saved.
20:21:13.008 - Info: [   5.2547 ] File br_bct_BR.bct saved.
20:21:13.082 - Info: [   5.2576 ] Generating BCT backup image
20:21:13.082 - Info: [   5.2576 ] dd if=/dev/zero of=bct_backup.img bs=1 count=32768
20:21:13.082 - Info: [   5.2582 ] 32768+0 records in
20:21:13.083 - Info: [   5.3351 ] 32768+0 records out
20:21:13.083 - Info: [   5.3354 ] 32768 bytes (33 kB, 32 KiB) copied, 0.0759803 s, 431 kB/s
20:21:13.101 - Info: [   5.3358 ] Concatenating BCT for chain A to bct_backup.img
20:21:13.101 - Info: 
20:21:13.101 - Info: [   5.3358 ] dd if=br_bct_BR.bct of=bct_backup.img bs=1 seek=0 conv=notrunc
20:21:13.101 - Info: [   5.3363 ] 8192+0 records in
20:21:13.101 - Info: [   5.3534 ] 8192+0 records out
20:21:13.102 - Info: [   5.3535 ] 8192 bytes (8.2 kB, 8.0 KiB) copied, 0.0157999 s, 518 kB/s
20:21:13.122 - Info: [   5.3548 ] Concatenating BCT for chain B to bct_backup.img
20:21:13.122 - Info: 
20:21:13.122 - Info: [   5.3548 ] dd if=br_bct_b_BR.bct of=bct_backup.img bs=1 seek=16384 conv=notrunc
20:21:13.122 - Info: [   5.3557 ] 8192+0 records in
20:21:13.131 - Info: [   5.3748 ] 8192+0 records out
20:21:13.131 - Info: [   5.3749 ] 8192 bytes (8.2 kB, 8.0 KiB) copied, 0.0174945 s, 468 kB/s
20:21:13.131 - Info: [   5.3757 ] Generating signatures
20:21:13.131 - Info: [   5.3761 ] tegrasign_v3.py --key None --list images_list.xml --sha sha512
20:21:13.131 - Info: [   5.3763 ] Assuming zero filled SBK key
20:21:13.563 - Info: [   5.8128 ] Parsing dev params for multi chains
20:21:13.563 - Info: [   5.8129 ] Generating br-bct
20:21:13.563 - Info: [   5.8133 ] Updating dev and MSS params in BR BCT
20:21:13.563 - Info: [   5.8133 ] tegrabct_v2 --dev_param tegra234-br-bct-p3767-0000-l4t_cpp.dtb --sdram tegra234-p3767-0001-sdram-l4t_cpp.dtb --brbct br_bct.cfg --chip 0x23 0 --parse-error-mode quiet-continue
20:21:13.563 - Info: [   5.8155 ] parse-error-mode: quiet-continue
20:21:13.639 - Info: [   5.8156 ] File br_bct.cfg saved.
20:21:13.643 - Info: [   5.8925 ] Updating bl info
20:21:13.643 - Info: [   5.8933 ] tegrabct_v2 --brbct br_bct_BR.bct --chip 0x23 0 --updateblinfo flash.xml.bin --parse-error-mode quiet-continue --updatesig images_list_signed.xml
20:21:13.643 - Info: [   5.8956 ] parse-error-mode: quiet-continue
20:21:13.643 - Info: [   5.8957 ] File br_bct_BR.bct saved.
20:21:13.645 - Info: [   5.8958 ] File br_bct_BR.bct saved.
20:21:13.648 - Info: [   5.8973 ] File br_bct_BR.bct saved.
20:21:13.648 - Info: [   5.9000 ] File br_bct_BR.bct saved.
20:21:13.650 - Info: [   5.9007 ] Generating SHA2 Hash
20:21:13.652 - Info: [   5.9032 ] Sha saved in br_bct_BR.sha
20:21:13.652 - Info: [   5.9030 ] Get Signed section of bct
20:21:13.652 - Info: [   5.9043 ] tegrabct_v2 --brbct br_bct_BR.bct --chip 0x23 0 --listbct bct_list.xml
20:21:13.653 - Info: [   5.9047 ] parse-error-mode: show-continue (default)
20:21:13.655 - Info: [   5.9056 ] File br_bct_BR.bct saved.
20:21:13.655 - Info: [   5.9056 ] 
20:21:13.655 - Info: [   5.9056 ] Signing BCT
20:21:13.655 - Info: [   5.9060 ] tegrasign_v3.py --key None --list bct_list.xml --sha sha512
20:21:13.655 - Info: [   5.9061 ] Assuming zero filled SBK key
20:21:13.659 - Info: [   5.9093 ] Sha saved in br_bct_BR.sha
20:21:13.659 - Info: [   5.9091 ] Updating BCT with signature
20:21:13.659 - Info: [   5.9102 ] tegrabct_v2 --brbct br_bct_BR.bct --chip 0x23 0 --updatesig bct_list_signed.xml
20:21:13.659 - Info: [   5.9112 ] parse-error-mode: show-continue (default)
20:21:13.659 - Info: [   5.9115 ] File br_bct_BR.bct saved.
20:21:13.660 - Info: [   5.9118 ] Offset :4608 Len :3584
20:21:13.660 - Info: [   5.9126 ] File br_bct_BR.bct saved.
20:21:13.664 - Info: [   5.9145 ] Generating SHA2 Hash
20:21:13.664 - Info: [   5.9149 ] tegrasign_v3.py --key None --list bct_list.xml --sha sha512
20:21:13.664 - Info: [   5.9150 ] Assuming zero filled SBK key
20:21:13.664 - Info: [   5.9151 ] Assuming zero filled SBK key
20:21:13.670 - Info: [   5.9215 ] Sha saved in br_bct_BR.sha
20:21:13.670 - Info: [   5.9214 ] Updating BCT with SHA2 Hash
20:21:13.671 - Info: [   5.9219 ] tegrabct_v2 --brbct br_bct_BR.bct --chip 0x23 0 --updatesha bct_list_signed.xml
20:21:13.671 - Info: [   5.9230 ] parse-error-mode: show-continue (default)
20:21:13.671 - Info: [   5.9232 ] File br_bct_BR.bct saved.
20:21:13.671 - Info: [   5.9232 ] Offset :4608 Len :3584
20:21:13.671 - Info: [   5.9233 ] Offset :68 Len :8124
20:21:13.671 - Info: [   5.9234 ] File br_bct_BR.bct saved.
20:21:13.674 - Info: [   5.9248 ] Generating br-bct
20:21:13.674 - Info: [   5.9264 ] Updating dev and MSS params in BR BCT
20:21:13.674 - Info: [   5.9264 ] tegrabct_v2 --dev_param tegra234-br-bct_b-p3767-0000-l4t_cpp.dtb --sdram tegra234-p3767-0001-sdram-l4t_cpp.dtb --brbct br_bct.cfg --chip 0x23 0 --parse-error-mode quiet-continue
20:21:13.674 - Info: [   5.9268 ] parse-error-mode: quiet-continue
20:21:13.754 - Info: [   5.9271 ] File br_bct.cfg saved.
20:21:13.757 - Info: [   6.0072 ] Updating bl info
20:21:13.757 - Info: [   6.0080 ] tegrabct_v2 --brbct br_bct_BR.bct --chip 0x23 0 --updateblinfo flash.xml.bin --parse-error-mode quiet-continue --updatesig images_list_signed.xml
20:21:13.758 - Info: [   6.0097 ] parse-error-mode: quiet-continue
20:21:13.758 - Info: [   6.0106 ] File br_bct_BR.bct saved.
20:21:13.758 - Info: [   6.0108 ] File br_bct_BR.bct saved.
20:21:13.758 - Info: [   6.0109 ] File br_bct_BR.bct saved.
20:21:13.760 - Info: [   6.0110 ] File br_bct_BR.bct saved.
20:21:13.761 - Info: [   6.0125 ] Generating SHA2 Hash
20:21:13.764 - Info: [   6.0144 ] Sha saved in br_bct_BR.sha
20:21:13.764 - Info: [   6.0142 ] Get Signed section of bct
20:21:13.764 - Info: [   6.0146 ] tegrabct_v2 --brbct br_bct_BR.bct --chip 0x23 0 --listbct bct_list.xml
20:21:13.764 - Info: [   6.0155 ] parse-error-mode: show-continue (default)
20:21:13.764 - Info: [   6.0156 ] File br_bct_BR.bct saved.
20:21:13.766 - Info: [   6.0157 ] Signing BCT
20:21:13.766 - Info: [   6.0161 ] tegrasign_v3.py --key None --list bct_list.xml --sha sha512
20:21:13.766 - Info: [   6.0162 ] Assuming zero filled SBK key
20:21:13.773 - Info: [   6.0193 ] Sha saved in br_bct_BR.sha
20:21:13.773 - Info: [   6.0208 ] Updating BCT with signature
20:21:13.773 - Info: [   6.0245 ] tegrabct_v2 --brbct br_bct_BR.bct --chip 0x23 0 --updatesig bct_list_signed.xml
20:21:13.775 - Info: [   6.0256 ] parse-error-mode: show-continue (default)
20:21:13.775 - Info: [   6.0273 ] File br_bct_BR.bct saved.
20:21:13.775 - Info: [   6.0278 ] Offset :4608 Len :3584
20:21:13.775 - Info: [   6.0279 ] File br_bct_BR.bct saved.
20:21:13.778 - Info: [   6.0281 ] Generating SHA2 Hash
20:21:13.778 - Info: [   6.0285 ] tegrasign_v3.py --key None --list bct_list.xml --sha sha512
20:21:13.778 - Info: [   6.0286 ] Assuming zero filled SBK key
20:21:13.778 - Info: [   6.0286 ] Assuming zero filled SBK key
20:21:13.781 - Info: [   6.0330 ] Sha saved in br_bct_BR.sha
20:21:13.781 - Info: [   6.0328 ] Updating BCT with SHA2 Hash
20:21:13.781 - Info: [   6.0333 ] tegrabct_v2 --brbct br_bct_BR.bct --chip 0x23 0 --updatesha bct_list_signed.xml
20:21:13.782 - Info: [   6.0339 ] parse-error-mode: show-continue (default)
20:21:13.782 - Info: [   6.0341 ] File br_bct_BR.bct saved.
20:21:13.783 - Info: [   6.0342 ] Offset :4608 Len :3584
20:21:13.783 - Info: [   6.0350 ] Offset :68 Len :8124
20:21:13.783 - Info: [   6.0350 ] File br_bct_BR.bct saved.
20:21:13.849 - Info: [   6.0357 ] Generating BCT backup image
20:21:13.849 - Info: [   6.0358 ] dd if=/dev/zero of=bct_backup.img bs=1 count=32768
20:21:13.849 - Info: [   6.0369 ] 32768+0 records in
20:21:13.849 - Info: [   6.1020 ] 32768+0 records out
20:21:13.850 - Info: [   6.1021 ] 32768 bytes (33 kB, 32 KiB) copied, 0.0644784 s, 508 kB/s
20:21:13.872 - Info: [   6.1029 ] Concatenating BCT for chain A to bct_backup.img
20:21:13.872 - Info: 
20:21:13.872 - Info: [   6.1029 ] dd if=br_bct_BR.bct of=bct_backup.img bs=1 seek=0 conv=notrunc
20:21:13.872 - Info: [   6.1057 ] 8192+0 records in
20:21:13.872 - Info: [   6.1244 ] 8192+0 records out
20:21:13.872 - Info: [   6.1245 ] 8192 bytes (8.2 kB, 8.0 KiB) copied, 0.0179213 s, 457 kB/s
20:21:13.895 - Info: [   6.1257 ] Concatenating BCT for chain B to bct_backup.img
20:21:13.895 - Info: 
20:21:13.895 - Info: [   6.1257 ] dd if=br_bct_b_BR.bct of=bct_backup.img bs=1 seek=16384 conv=notrunc
20:21:13.895 - Info: [   6.1280 ] 8192+0 records in
20:21:13.895 - Info: [   6.1472 ] 8192+0 records out
20:21:13.895 - Info: [   6.1473 ] 8192 bytes (8.2 kB, 8.0 KiB) copied, 0.0179501 s, 456 kB/s
20:21:13.899 - Info: [   6.1476 ] Generating coldboot mb1-bct
20:21:13.899 - Info: [   6.1493 ] tegrabct_v2 --chip 0x23 0 --mb1bct mb1_cold_boot_bct.cfg --misc tegra234-mb1-bct-misc-p3767-0000_cpp.dtb --wb0sdram tegra234-p3767-0001-wb0sdram-l4t_cpp.dtb --pinmux tegra234-mb1-bct-pinmux-p3767-dp-a03_cpp.dtb --pmc tegra234-mb1-bct-padvoltage-p3767-dp-a03_cpp.dtb --pmic tegra234-mb1-bct-pmic-p3767-0000-a02_cpp.dtb --brcommand tegra234-mb1-bct-reset-p3767-0000_cpp.dtb --prod tegra234-mb1-bct-prod-p3767-0000_cpp.dtb --gpioint tegra234-mb1-bct-gpioint-p3767-0000_cpp.dtb --uphy tegra234-mb1-bct-uphylane-si_cpp.dtb --device tegra234-mb1-bct-device-p3767-0000_cpp.dtb --deviceprod tegra234-mb1-bct-cprod-p3767-0000_cpp.dtb --minratchet tegra234-mb1-bct-ratchet-p3767-0000_cpp.dtb --ratchet_blob ratchet_blob.bin --parse-error-mode quiet-continue
20:21:13.899 - Info: [   6.1507 ] parse-error-mode: quiet-continue
20:21:13.899 - Info: [   6.1510 ] MB1-BCT version: 0.12
20:21:13.900 - Info: 
20:21:13.900 - Info: [   6.1523 ] Parsing config file :tegra234-mb1-bct-pinmux-p3767-dp-a03_cpp.dtb 
20:21:13.902 - Info: [   6.1525 ] Added Platform Config 0 data with size :- 2416
20:21:13.903 - Info: 
20:21:13.903 - Info: [   6.1555 ] Parsing config file :tegra234-mb1-bct-padvoltage-p3767-dp-a03_cpp.dtb 
20:21:13.903 - Info: [   6.1558 ] Added Platform Config 2 data with size :- 24
20:21:13.903 - Info: 
20:21:13.904 - Info: [   6.1561 ] Parsing config file :tegra234-mb1-bct-pmic-p3767-0000-a02_cpp.dtb 
20:21:13.904 - Info: [   6.1563 ] Added Platform Config 4 data with size :- 288
20:21:13.904 - Info: 
20:21:13.904 - Info: [   6.1564 ] Parsing config file :tegra234-mb1-bct-reset-p3767-0000_cpp.dtb 
20:21:13.905 - Info: [   6.1567 ] Added Platform Config 3 data with size :- 52
20:21:13.905 - Info: 
20:21:13.905 - Info: [   6.1568 ] Parsing config file :tegra234-mb1-bct-prod-p3767-0000_cpp.dtb 
20:21:13.905 - Info: [   6.1570 ] Added Platform Config 5 data with size :- 512
20:21:13.905 - Info: 
20:21:13.905 - Info: [   6.1572 ] Parsing config file :tegra234-mb1-bct-gpioint-p3767-0000_cpp.dtb 
20:21:13.905 - Info: [   6.1573 ] Added Platform Config 7 data with size :- 380
20:21:13.907 - Info: [   6.1577 ] 
20:21:13.907 - Info: [   6.1577 ] Parsing config file :tegra234-mb1-bct-uphylane-si_cpp.dtb 
20:21:13.907 - Info: [   6.1577 ] Added Platform Config 8 data with size :- 24
20:21:13.907 - Info: [   6.1577 ] 
20:21:13.907 - Info: [   6.1577 ] Parsing config file :tegra234-mb1-bct-device-p3767-0000_cpp.dtb 
20:21:13.907 - Info: [   6.1577 ] Added Platform Config 9 data with size :- 104
20:21:13.907 - Info: [   6.1577 ] 
20:21:13.907 - Info: [   6.1577 ] Parsing config file :tegra234-mb1-bct-cprod-p3767-0000_cpp.dtb 
20:21:13.907 - Info: [   6.1577 ] Added Platform Config 6 data with size :- 16
20:21:13.907 - Info: [   6.1577 ] 
20:21:13.907 - Info: [   6.1577 ] Parsing config file :tegra234-mb1-bct-ratchet-p3767-0000_cpp.dtb 
20:21:13.907 - Info: [   6.1577 ] Setting MB1 bct size to 9344
20:21:13.907 - Info: [   6.1577 ] 
20:21:13.907 - Info: [   6.1578 ] Updating mb1-bct with firmware information
20:21:13.907 - Info: [   6.1584 ] tegrabct_v2 --chip 0x23 0 --mb1bct mb1_cold_boot_bct_MB1.bct --updatefwinfo flash.xml.bin
20:21:13.907 - Info: [   6.1594 ] parse-error-mode: show-continue (default)
20:21:13.908 - Info: [   6.1596 ] Setting MB1 bct size to 9344
20:21:13.908 - Info: [   6.1609 ] Setting MB1 bct size to 9344
20:21:13.913 - Info: [   6.1633 ] tegrahost_v2 --chip 0x23 0 --align mb1_cold_boot_bct_MB1_aligned.bct
20:21:13.913 - Info: [   6.1642 ] Generating SHA2 Hash for mb1bct
20:21:13.914 - Info: [   6.1659 ] Sha saved in mb1_cold_boot_bct_MB1_aligned.sha
20:21:13.916 - Info: [   6.1676 ] Sha saved in mb1_cold_boot_bct_MB1.sha
20:21:13.916 - Info: [   6.1678 ] tegrahost_v2 --chip 0x23 0 --magicid MBCT --ratchet_blob ratchet_blob.bin --appendsigheader mb1_cold_boot_bct_MB1_aligned.bct zerosbk
20:21:13.916 - Info: [   6.1681 ] adding BCH for mb1_cold_boot_bct_MB1_aligned.bct
20:21:13.919 - Info: [   6.1707 ] tegrasign_v3.py --key None --list mb1_cold_boot_bct_MB1_aligned_sigheader.bct_list.xml --sha sha512
20:21:13.919 - Info: [   6.1710 ] Assuming zero filled SBK key
20:21:13.928 - Info: [   6.1746 ] tegrahost_v2 --chip 0x23 0 --updatesigheader mb1_cold_boot_bct_MB1_aligned_sigheader.bct.encrypt mb1_cold_boot_bct_MB1_aligned_sigheader.bct.hash zerosbk
20:21:13.928 - Info: [   6.1768 ] Generating recovery mb1-bct
20:21:13.928 - Info: [   6.1785 ] tegrabct_v2 --chip 0x23 0 --mb1bct mb1_bct.cfg --misc tegra234-mb1-bct-misc-p3767-0000_cpp.dtb --wb0sdram tegra234-p3767-0001-wb0sdram-l4t_cpp.dtb --pinmux tegra234-mb1-bct-pinmux-p3767-dp-a03_cpp.dtb --pmc tegra234-mb1-bct-padvoltage-p3767-dp-a03_cpp.dtb --pmic tegra234-mb1-bct-pmic-p3767-0000-a02_cpp.dtb --brcommand tegra234-mb1-bct-reset-p3767-0000_cpp.dtb --prod tegra234-mb1-bct-prod-p3767-0000_cpp.dtb --gpioint tegra234-mb1-bct-gpioint-p3767-0000_cpp.dtb --uphy tegra234-mb1-bct-uphylane-si_cpp.dtb --device tegra234-mb1-bct-device-p3767-0000_cpp.dtb --deviceprod tegra234-mb1-bct-cprod-p3767-0000_cpp.dtb --minratchet tegra234-mb1-bct-ratchet-p3767-0000_cpp.dtb --ratchet_blob ratchet_blob.bin --parse-error-mode quiet-continue
20:21:13.928 - Info: [   6.1790 ] parse-error-mode: quiet-continue
20:21:13.928 - Info: [   6.1793 ] MB1-BCT version: 0.12
20:21:13.929 - Info: 
20:21:13.930 - Info: [   6.1813 ] Parsing config file :tegra234-mb1-bct-pinmux-p3767-dp-a03_cpp.dtb 
20:21:13.932 - Info: [   6.1822 ] Added Platform Config 0 data with size :- 2416
20:21:13.932 - Info: 
20:21:13.932 - Info: [   6.1846 ] Parsing config file :tegra234-mb1-bct-padvoltage-p3767-dp-a03_cpp.dtb 
20:21:13.932 - Info: [   6.1848 ] Added Platform Config 2 data with size :- 24
20:21:13.932 - Info: 
20:21:13.932 - Info: [   6.1849 ] Parsing config file :tegra234-mb1-bct-pmic-p3767-0000-a02_cpp.dtb 
20:21:13.933 - Info: [   6.1851 ] Added Platform Config 4 data with size :- 288
20:21:13.933 - Info: 
20:21:13.933 - Info: [   6.1852 ] Parsing config file :tegra234-mb1-bct-reset-p3767-0000_cpp.dtb 
20:21:13.933 - Info: [   6.1854 ] Added Platform Config 3 data with size :- 52
20:21:13.933 - Info: 
20:21:13.933 - Info: [   6.1856 ] Parsing config file :tegra234-mb1-bct-prod-p3767-0000_cpp.dtb 
20:21:13.933 - Info: [   6.1857 ] Added Platform Config 5 data with size :- 512
20:21:13.933 - Info: 
20:21:13.933 - Info: [   6.1859 ] Parsing config file :tegra234-mb1-bct-gpioint-p3767-0000_cpp.dtb 
20:21:13.933 - Info: [   6.1860 ] Added Platform Config 7 data with size :- 380
20:21:13.933 - Info: 
20:21:13.934 - Info: [   6.1862 ] Parsing config file :tegra234-mb1-bct-uphylane-si_cpp.dtb 
20:21:13.935 - Info: [   6.1863 ] Added Platform Config 8 data with size :- 24
20:21:13.940 - Info: [   6.1874 ] 
20:21:13.940 - Info: [   6.1874 ] Parsing config file :tegra234-mb1-bct-device-p3767-0000_cpp.dtb 
20:21:13.940 - Info: [   6.1874 ] Added Platform Config 9 data with size :- 104
20:21:13.940 - Info: [   6.1874 ] 
20:21:13.940 - Info: [   6.1874 ] Parsing config file :tegra234-mb1-bct-cprod-p3767-0000_cpp.dtb 
20:21:13.940 - Info: [   6.1874 ] Added Platform Config 6 data with size :- 16
20:21:13.940 - Info: [   6.1874 ] 
20:21:13.940 - Info: [   6.1874 ] Parsing config file :tegra234-mb1-bct-ratchet-p3767-0000_cpp.dtb 
20:21:13.940 - Info: [   6.1874 ] Setting MB1 bct size to 9344
20:21:13.940 - Info: [   6.1874 ] 
20:21:13.940 - Info: [   6.1875 ] Updating mb1-bct with firmware information
20:21:13.940 - Info: [   6.1893 ] tegrabct_v2 --chip 0x23 0 --mb1bct mb1_bct_MB1.bct --recov --updatefwinfo flash.xml.bin
20:21:13.940 - Info: [   6.1900 ] parse-error-mode: show-continue (default)
20:21:13.940 - Info: [   6.1905 ] Setting MB1 bct size to 9344
20:21:13.941 - Info: [   6.1910 ] Setting MB1 bct size to 9344
20:21:13.945 - Info: [   6.1954 ] tegrahost_v2 --chip 0x23 0 --align mb1_bct_MB1_aligned.bct
20:21:13.945 - Info: [   6.1961 ] Generating SHA2 Hash for mb1bct
20:21:13.947 - Info: [   6.1986 ] Sha saved in mb1_bct_MB1_aligned.sha
20:21:13.948 - Info: [   6.2006 ] Sha saved in mb1_bct_MB1.sha
20:21:13.949 - Info: [   6.2007 ] tegrahost_v2 --chip 0x23 0 --magicid MBCT --ratchet_blob ratchet_blob.bin --appendsigheader mb1_bct_MB1_aligned.bct zerosbk
20:21:13.949 - Info: [   6.2010 ] adding BCH for mb1_bct_MB1_aligned.bct
20:21:13.950 - Info: [   6.2020 ] tegrasign_v3.py --key None --list mb1_bct_MB1_aligned_sigheader.bct_list.xml --sha sha512
20:21:13.950 - Info: [   6.2021 ] Assuming zero filled SBK key
20:21:13.957 - Info: [   6.2041 ] tegrahost_v2 --chip 0x23 0 --updatesigheader mb1_bct_MB1_aligned_sigheader.bct.encrypt mb1_bct_MB1_aligned_sigheader.bct.hash zerosbk
20:21:13.957 - Info: [   6.2053 ] Generating coldboot mem-bct
20:21:13.957 - Info: [   6.2056 ] tegrabct_v2 --chip 0x23 0 --parse-error-mode quiet-continue --sdram tegra234-p3767-0001-sdram-l4t_cpp.dtb --wb0sdram tegra234-p3767-0001-wb0sdram-l4t_cpp.dtb --membct tegra234-p3767-0001-sdram-l4t_cpp_1.bct tegra234-p3767-0001-sdram-l4t_cpp_2.bct tegra234-p3767-0001-sdram-l4t_cpp_3.bct tegra234-p3767-0001-sdram-l4t_cpp_4.bct
20:21:13.957 - Info: [   6.2083 ] parse-error-mode: quiet-continue
20:21:14.036 - Info: [   6.2084 ]  packing sdram params with Wb0 file tegra234-p3767-0001-wb0sdram-l4t_cpp.dtb
20:21:14.036 - Info: [   6.2887 ] Packing sdram param for instance[0]
20:21:14.039 - Info: [   6.2890 ] Packing sdram param for instance[1]
20:21:14.039 - Info: [   6.2917 ] Packing sdram param for instance[2]
20:21:14.039 - Info: [   6.2918 ] Packing sdram param for instance[3]
20:21:14.039 - Info: [   6.2919 ] Packing sdram param for instance[4]
20:21:14.039 - Info: [   6.2920 ] Packing sdram param for instance[5]
20:21:14.040 - Info: [   6.2921 ] Packing sdram param for instance[6]
20:21:14.040 - Info: [   6.2922 ] Packing sdram param for instance[7]
20:21:14.040 - Info: [   6.2923 ] Packing sdram param for instance[8]
20:21:14.040 - Info: [   6.2924 ] Packing sdram param for instance[9]
20:21:14.040 - Info: [   6.2925 ] Packing sdram param for instance[10]
20:21:14.040 - Info: [   6.2926 ] Packing sdram param for instance[11]
20:21:14.040 - Info: [   6.2928 ] Packing sdram param for instance[12]
20:21:14.040 - Info: [   6.2929 ] Packing sdram param for instance[13]
20:21:14.041 - Info: [   6.2930 ] Packing sdram param for instance[14]
20:21:14.042 - Info: [   6.2931 ] Packing sdram param for instance[15]
20:21:14.122 - Info: [   6.3696 ] Getting sector size from pt
20:21:14.122 - Info: [   6.3706 ] tegraparser_v2 --getsectorsize flash.xml.bin sector_info.bin
20:21:14.122 - Info: [   6.3714 ] BlockSize read from layout is 0x200
20:21:14.122 - Info: 
20:21:14.122 - Info: [   6.3718 ] tegrahost_v2 --chip 0x23 0 --blocksize 512 --magicid MEMB --addsigheader_multi tegra234-p3767-0001-sdram-l4t_cpp_1.bct tegra234-p3767-0001-sdram-l4t_cpp_2.bct tegra234-p3767-0001-sdram-l4t_cpp_3.bct tegra234-p3767-0001-sdram-l4t_cpp_4.bct
20:21:14.122 - Info: [   6.3735 ] Binary 0 length is 58752
20:21:14.122 - Info: [   6.3736 ] Binary 0 align length is 58880
20:21:14.122 - Info: [   6.3736 ] Binary 1 length is 58752
20:21:14.122 - Info: [   6.3737 ] Binary 1 align length is 58880
20:21:14.122 - Info: [   6.3741 ] Binary 2 length is 58752
20:21:14.123 - Info: [   6.3743 ] Binary 2 align length is 58880
20:21:14.123 - Info: [   6.3750 ] Binary 3 length is 58752
20:21:14.123 - Info: [   6.3751 ] Binary 3 align length is 58880
20:21:14.123 - Info: [   6.3758 ] Buffer length is 235520
20:21:14.124 - Info: [   6.3759 ] adding BCH for tegra234-p3767-0001-sdram-l4t_cpp_1.bct
20:21:14.124 - Info: [   6.3760 ] new length is 243712
20:21:14.129 - Info: [   6.3780 ] tegrahost_v2 --chip 0x23 0 --align mem_coldboot_aligned.bct
20:21:14.129 - Info: [   6.3803 ] tegrahost_v2 --chip 0x23 0 --magicid MEMB --ratchet_blob ratchet_blob.bin --appendsigheader mem_coldboot_aligned.bct zerosbk
20:21:14.129 - Info: [   6.3812 ] Header already present for mem_coldboot_aligned.bct
20:21:14.132 - Info: [   6.3834 ] tegrasign_v3.py --key None --list mem_coldboot_aligned_sigheader.bct_list.xml --sha sha512
20:21:14.132 - Info: [   6.3835 ] Assuming zero filled SBK key
20:21:14.138 - Info: [   6.3856 ] tegrahost_v2 --chip 0x23 0 --updatesigheader mem_coldboot_aligned_sigheader.bct.encrypt mem_coldboot_aligned_sigheader.bct.hash zerosbk
20:21:14.138 - Info: [   6.3878 ] Generating recovery mem-bct
20:21:14.138 - Info: [   6.3883 ] tegrabct_v2 --chip 0x23 0 --parse-error-mode quiet-continue --sdram tegra234-p3767-0001-sdram-l4t_cpp.dtb --wb0sdram tegra234-p3767-0001-wb0sdram-l4t_cpp.dtb --membct tegra234-p3767-0001-sdram-l4t_cpp_1.bct tegra234-p3767-0001-sdram-l4t_cpp_2.bct tegra234-p3767-0001-sdram-l4t_cpp_3.bct tegra234-p3767-0001-sdram-l4t_cpp_4.bct
20:21:14.138 - Info: [   6.3895 ] parse-error-mode: quiet-continue
20:21:14.215 - Info: [   6.3896 ]  packing sdram params with Wb0 file tegra234-p3767-0001-wb0sdram-l4t_cpp.dtb
20:21:14.216 - Info: [   6.4674 ] Packing sdram param for instance[0]
20:21:14.216 - Info: [   6.4675 ] Packing sdram param for instance[1]
20:21:14.216 - Info: [   6.4677 ] Packing sdram param for instance[2]
20:21:14.216 - Info: [   6.4682 ] Packing sdram param for instance[3]
20:21:14.216 - Info: [   6.4683 ] Packing sdram param for instance[4]
20:21:14.217 - Info: [   6.4685 ] Packing sdram param for instance[5]
20:21:14.217 - Info: [   6.4689 ] Packing sdram param for instance[6]
20:21:14.217 - Info: [   6.4690 ] Packing sdram param for instance[7]
20:21:14.217 - Info: [   6.4691 ] Packing sdram param for instance[8]
20:21:14.220 - Info: [   6.4692 ] Packing sdram param for instance[9]
20:21:14.221 - Info: [   6.4715 ] Packing sdram param for instance[10]
20:21:14.221 - Info: [   6.4716 ] Packing sdram param for instance[11]
20:21:14.221 - Info: [   6.4717 ] Packing sdram param for instance[12]
20:21:14.221 - Info: [   6.4719 ] Packing sdram param for instance[13]
20:21:14.221 - Info: [   6.4720 ] Packing sdram param for instance[14]
20:21:14.221 - Info: [   6.4721 ] Packing sdram param for instance[15]
20:21:14.316 - Info: [   6.5615 ] Generating mem_bct based on ramcode group number
20:21:14.316 - Info: [   6.5615 ] Got ramcode 2 from the command line
20:21:14.316 - Info: [   6.5616 ] Using ramcode group number 0
20:21:14.316 - Info: [   6.5616 ] Disabled BPMP dtb trim, using default dtb
20:21:14.316 - Info: [   6.5616 ] 
20:21:14.316 - Info: [   6.5623 ] tegrahost_v2 --chip 0x23 0 --align mem_rcm_aligned.bct
20:21:14.316 - Info: [   6.5649 ] tegrahost_v2 --chip 0x23 0 --magicid MEM0 --ratchet_blob ratchet_blob.bin --appendsigheader mem_rcm_aligned.bct zerosbk
20:21:14.316 - Info: [   6.5665 ] adding BCH for mem_rcm_aligned.bct
20:21:14.320 - Info: [   6.5687 ] tegrasign_v3.py --key None --list mem_rcm_aligned_sigheader.bct_list.xml --sha sha512
20:21:14.320 - Info: [   6.5688 ] Assuming zero filled SBK key
20:21:14.330 - Info: [   6.5723 ] tegrahost_v2 --chip 0x23 0 --updatesigheader mem_rcm_aligned_sigheader.bct.encrypt mem_rcm_aligned_sigheader.bct.hash zerosbk
20:21:14.330 - Info: [   6.5747 ] Generating all 4 mem_bct for ramcode group (0..3)
20:21:14.330 - Info: [   6.5748 ] Disabled BPMP dtb trim, using default dtb
20:21:14.330 - Info: [   6.5748 ] 
20:21:14.330 - Info: [   6.5765 ] tegrahost_v2 --chip 0x23 0 --align mem_rcm_0_aligned.bct
20:21:14.330 - Info: [   6.5779 ] tegrahost_v2 --chip 0x23 0 --magicid MEM0 --ratchet_blob ratchet_blob.bin --appendsigheader mem_rcm_0_aligned.bct zerosbk
20:21:14.331 - Info: [   6.5795 ] adding BCH for mem_rcm_0_aligned.bct
20:21:14.332 - Info: [   6.5836 ] tegrasign_v3.py --key None --list mem_rcm_0_aligned_sigheader.bct_list.xml --sha sha512
20:21:14.332 - Info: [   6.5838 ] Assuming zero filled SBK key
20:21:14.341 - Info: [   6.5860 ] tegrahost_v2 --chip 0x23 0 --updatesigheader mem_rcm_0_aligned_sigheader.bct.encrypt mem_rcm_0_aligned_sigheader.bct.hash zerosbk
20:21:14.341 - Info: [   6.5893 ] Disabled BPMP dtb trim, using default dtb
20:21:14.341 - Info: [   6.5908 ] 
20:21:14.341 - Info: [   6.5916 ] tegrahost_v2 --chip 0x23 0 --align mem_rcm_1_aligned.bct
20:21:14.341 - Info: [   6.5931 ] tegrahost_v2 --chip 0x23 0 --magicid MEM1 --ratchet_blob ratchet_blob.bin --appendsigheader mem_rcm_1_aligned.bct zerosbk
20:21:14.341 - Info: [   6.5935 ] adding BCH for mem_rcm_1_aligned.bct
20:21:14.351 - Info: [   6.6007 ] tegrasign_v3.py --key None --list mem_rcm_1_aligned_sigheader.bct_list.xml --sha sha512
20:21:14.351 - Info: [   6.6009 ] Assuming zero filled SBK key
20:21:14.361 - Info: [   6.6055 ] tegrahost_v2 --chip 0x23 0 --updatesigheader mem_rcm_1_aligned_sigheader.bct.encrypt mem_rcm_1_aligned_sigheader.bct.hash zerosbk
20:21:14.361 - Info: [   6.6078 ] Disabled BPMP dtb trim, using default dtb
20:21:14.361 - Info: [   6.6078 ] 
20:21:14.361 - Info: [   6.6086 ] tegrahost_v2 --chip 0x23 0 --align mem_rcm_2_aligned.bct
20:21:14.361 - Info: [   6.6118 ] tegrahost_v2 --chip 0x23 0 --magicid MEM2 --ratchet_blob ratchet_blob.bin --appendsigheader mem_rcm_2_aligned.bct zerosbk
20:21:14.361 - Info: [   6.6121 ] adding BCH for mem_rcm_2_aligned.bct
20:21:14.364 - Info: [   6.6160 ] tegrasign_v3.py --key None --list mem_rcm_2_aligned_sigheader.bct_list.xml --sha sha512
20:21:14.364 - Info: [   6.6161 ] Assuming zero filled SBK key
20:21:14.377 - Info: [   6.6197 ] tegrahost_v2 --chip 0x23 0 --updatesigheader mem_rcm_2_aligned_sigheader.bct.encrypt mem_rcm_2_aligned_sigheader.bct.hash zerosbk
20:21:14.377 - Info: [   6.6229 ] Disabled BPMP dtb trim, using default dtb
20:21:14.377 - Info: [   6.6229 ] 
20:21:14.377 - Info: [   6.6241 ] tegrahost_v2 --chip 0x23 0 --align mem_rcm_3_aligned.bct
20:21:14.377 - Info: [   6.6267 ] tegrahost_v2 --chip 0x23 0 --magicid MEM3 --ratchet_blob ratchet_blob.bin --appendsigheader mem_rcm_3_aligned.bct zerosbk
20:21:14.377 - Info: [   6.6285 ] adding BCH for mem_rcm_3_aligned.bct
20:21:14.382 - Info: [   6.6311 ] tegrasign_v3.py --key None --list mem_rcm_3_aligned_sigheader.bct_list.xml --sha sha512
20:21:14.382 - Info: [   6.6313 ] Assuming zero filled SBK key
20:21:14.466 - Info: [   6.6341 ] tegrahost_v2 --chip 0x23 0 --updatesigheader mem_rcm_3_aligned_sigheader.bct.encrypt mem_rcm_3_aligned_sigheader.bct.hash zerosbk
20:21:14.466 - Info: [   6.6391 ] Copying signatures
20:21:14.466 - Info: [   6.6397 ] tegrahost_v2 --chip 0x23 0 --partitionlayout flash.xml.bin --updatesig images_list_signed.xml
20:21:14.466 - Info: [   6.7163 ] tegraparser_v2 --generategpt --pt flash.xml.bin
20:21:14.467 - Info: [   6.7178 ] gpt_secondary_3_0.bin:
20:21:14.469 - Info: [   6.7195 ] partition_id	partition_name			      StartingLba	EndingLba
20:21:14.469 - Info: [   6.7207 ]            1	BCT                                 	       0	    2047
20:21:14.469 - Info: [   6.7209 ]            2	A_mb1                               	    2048	    3071
20:21:14.469 - Info: [   6.7211 ]            3	A_psc_bl1                           	    3072	    3583
20:21:14.470 - Info: [   6.7213 ]            4	A_MB1_BCT                           	    3584	    3839
20:21:14.470 - Info: [   6.7219 ]            5	A_MEM_BCT                           	    3840	    4351
20:21:14.471 - Info: [   6.7221 ]            6	A_tsec-fw                           	    4352	    6399
20:21:14.471 - Info: [   6.7228 ]            7	A_nvdec                             	    6400	    8447
20:21:14.471 - Info: [   6.7230 ]            8	A_mb2                               	    8448	    9471
20:21:14.472 - Info: [   6.7232 ]            9	A_xusb-fw                           	    9472	    9983
20:21:14.472 - Info: [   6.7238 ]           10	A_bpmp-fw                           	    9984	   13055
20:21:14.472 - Info: [   6.7241 ]           11	A_bpmp-fw-dtb                       	   13056	   21247
20:21:14.472 - Info: [   6.7242 ]           12	A_psc-fw                            	   21248	   22783
20:21:14.473 - Info: [   6.7244 ]           13	A_mts-mce                           	   22784	   23807
20:21:14.473 - Info: [   6.7253 ]           14	A_sc7                               	   23808	   24191
20:21:14.474 - Info: [   6.7260 ]           15	A_pscrf                             	   24192	   24575
20:21:14.475 - Info: [   6.7267 ]           16	A_mb2rf                             	   24576	   24831
20:21:14.475 - Info: [   6.7270 ]           17	A_cpu-bootloader                    	   24832	   31999
20:21:14.475 - Info: [   6.7272 ]           18	A_secure-os                         	   32000	   40191
20:21:14.475 - Info: [   6.7273 ]           19	A_smm-fw                            	   40192	   44287
20:21:14.477 - Info: [   6.7278 ]           20	A_eks                               	   44288	   44799
20:21:14.477 - Info: [   6.7284 ]           21	A_dce-fw                            	   44800	   55039
20:21:14.477 - Info: [   6.7286 ]           22	A_spe-fw                            	   55040	   56191
20:21:14.477 - Info: [   6.7287 ]           23	A_rce-fw                            	   56192	   58239
20:21:14.477 - Info: [   6.7290 ]           24	A_adsp-fw                           	   58240	   62335
20:21:14.477 - Info: [   6.7292 ]           25	A_pva-fw                            	   62336	   62847
20:21:14.479 - Info: [   6.7295 ]           26	A_reserved_on_boot                  	   62848	   65023
20:21:14.479 - Info: [   6.7301 ]           27	B_mb1                               	   65024	   66047
20:21:14.479 - Info: [   6.7302 ]           28	B_psc_bl1                           	   66048	   66559
20:21:14.479 - Info: [   6.7304 ]           29	B_MB1_BCT                           	   66560	   66815
20:21:14.479 - Info: [   6.7306 ]           30	B_MEM_BCT                           	   66816	   67327
20:21:14.479 - Info: [   6.7308 ]           31	B_tsec-fw                           	   67328	   69375
20:21:14.479 - Info: [   6.7310 ]           32	B_nvdec                             	   69376	   71423
20:21:14.479 - Info: [   6.7312 ]           33	B_mb2                               	   71424	   72447
20:21:14.481 - Info: [   6.7314 ]           34	B_xusb-fw                           	   72448	   72959
20:21:14.481 - Info: [   6.7321 ]           35	B_bpmp-fw                           	   72960	   76031
20:21:14.481 - Info: [   6.7323 ]           36	B_bpmp-fw-dtb                       	   76032	   84223
20:21:14.481 - Info: [   6.7325 ]           37	B_psc-fw                            	   84224	   85759
20:21:14.481 - Info: [   6.7326 ]           38	B_mts-mce                           	   85760	   86783
20:21:14.481 - Info: [   6.7328 ]           39	B_sc7                               	   86784	   87167
20:21:14.481 - Info: [   6.7330 ]           40	B_pscrf                             	   87168	   87551
20:21:14.481 - Info: [   6.7331 ]           41	B_mb2rf                             	   87552	   87807
20:21:14.483 - Info: [   6.7333 ]           42	B_cpu-bootloader                    	   87808	   94975
20:21:14.483 - Info: [   6.7343 ]           43	B_secure-os                         	   94976	  103167
20:21:14.483 - Info: [   6.7346 ]           44	B_smm-fw                            	  103168	  107263
20:21:14.488 - Info: [   6.7351 ]           45	B_eks                               	  107264	  107775
20:21:14.488 - Info: [   6.7351 ]           46	B_dce-fw                            	  107776	  118015
20:21:14.488 - Info: [   6.7351 ]           47	B_spe-fw                            	  118016	  119167
20:21:14.488 - Info: [   6.7351 ]           48	B_rce-fw                            	  119168	  121215
20:21:14.488 - Info: [   6.7351 ]           49	B_adsp-fw                           	  121216	  125311
20:21:14.488 - Info: [   6.7351 ]           50	B_pva-fw                            	  125312	  125823
20:21:14.488 - Info: [   6.7351 ]           51	B_reserved_on_boot                  	  125824	  127999
20:21:14.488 - Info: [   6.7351 ]           52	uefi_variables                      	  128000	  128511
20:21:14.488 - Info: [   6.7351 ]           53	uefi_ftw                            	  128512	  129535
20:21:14.488 - Info: [   6.7351 ]           54	reserved                            	  129536	  129919
20:21:14.488 - Info: [   6.7351 ]           55	worm                                	  129920	  130303
20:21:14.488 - Info: [   6.7351 ]           56	BCT-boot-chain_backup               	  130304	  130431
20:21:14.488 - Info: [   6.7351 ]           57	reserved_partition                  	  130432	  130559
20:21:14.488 - Info: [   6.7351 ]           58	secondary_gpt_backup                	  130560	  130687
20:21:14.488 - Info: [   6.7351 ]           59	B_VER                               	  130688	  130815
20:21:14.488 - Info: [   6.7351 ]           60	A_VER                               	  130816	  130943
20:21:14.488 - Info: [   6.7351 ] 
20:21:14.488 - Info: [   6.7387 ] Get magic id
20:21:14.488 - Info: [   6.7393 ] tegraparser_v2 --get_magic psc_fw
20:21:14.488 - Info: [   6.7398 ] PFWP
20:21:14.495 - Info: [   6.7415 ] partition type psc_fw, magic id = PFWP
20:21:14.495 - Info: [   6.7430 ] tegrahost_v2 --chip 0x23 0 --align pscfw_t234_prod_aligned.bin
20:21:14.495 - Info: [   6.7460 ] tegrahost_v2 --chip 0x23 0 --magicid PFWP --ratchet_blob ratchet_blob.bin --appendsigheader pscfw_t234_prod_aligned.bin zerosbk
20:21:14.495 - Info: [   6.7476 ] Header already present for pscfw_t234_prod_aligned.bin
20:21:14.506 - Info: [   6.7564 ] tegrasign_v3.py --key None --list pscfw_t234_prod_aligned_sigheader.bin_list.xml --sha sha512
20:21:14.506 - Info: [   6.7565 ] Assuming zero filled SBK key
20:21:14.511 - Info: [   6.7602 ] tegrahost_v2 --chip 0x23 0 --updatesigheader pscfw_t234_prod_aligned_sigheader.bin.encrypt pscfw_t234_prod_aligned_sigheader.bin.hash zerosbk
20:21:14.511 - Info: [   6.7626 ] Get magic id
20:21:14.511 - Info: [   6.7631 ] tegraparser_v2 --get_magic mts_mce
20:21:14.511 - Info: [   6.7633 ] MTSM
20:21:14.513 - Info: [   6.7638 ] partition type mts_mce, magic id = MTSM
20:21:14.513 - Info: [   6.7646 ] tegrahost_v2 --chip 0x23 0 --align mce_flash_o10_cr_prod_aligned.bin
20:21:14.514 - Info: [   6.7655 ] tegrahost_v2 --chip 0x23 0 --magicid MTSM --ratchet_blob ratchet_blob.bin --appendsigheader mce_flash_o10_cr_prod_aligned.bin zerosbk
20:21:14.514 - Info: [   6.7658 ] Header already present for mce_flash_o10_cr_prod_aligned.bin
20:21:14.522 - Info: [   6.7713 ] tegrasign_v3.py --key None --list mce_flash_o10_cr_prod_aligned_sigheader.bin_list.xml --sha sha512
20:21:14.522 - Info: [   6.7714 ] Assuming zero filled SBK key
20:21:14.528 - Info: [   6.7769 ] tegrahost_v2 --chip 0x23 0 --updatesigheader mce_flash_o10_cr_prod_aligned_sigheader.bin.encrypt mce_flash_o10_cr_prod_aligned_sigheader.bin.hash zerosbk
20:21:14.528 - Info: [   6.7793 ] Get magic id
20:21:14.528 - Info: [   6.7801 ] tegraparser_v2 --get_magic tsec_fw
20:21:14.528 - Info: [   6.7806 ] TSEC
20:21:14.531 - Info: [   6.7810 ] partition type tsec_fw, magic id = TSEC
20:21:14.532 - Info: [   6.7822 ] tegrahost_v2 --chip 0x23 0 --align tsec_t234_aligned.bin
20:21:14.532 - Info: [   6.7835 ] tegrahost_v2 --chip 0x23 0 --magicid TSEC --ratchet_blob ratchet_blob.bin --appendsigheader tsec_t234_aligned.bin zerosbk
20:21:14.532 - Info: [   6.7839 ] Header already present for tsec_t234_aligned.bin
20:21:14.536 - Info: [   6.7880 ] tegrasign_v3.py --key None --list tsec_t234_aligned_sigheader.bin_list.xml --sha sha512
20:21:14.536 - Info: [   6.7881 ] Assuming zero filled SBK key
20:21:14.543 - Info: [   6.7910 ] tegrahost_v2 --chip 0x23 0 --updatesigheader tsec_t234_aligned_sigheader.bin.encrypt tsec_t234_aligned_sigheader.bin.hash zerosbk
20:21:14.543 - Info: [   6.7950 ] Get magic id
20:21:14.543 - Info: [   6.7955 ] tegraparser_v2 --get_magic mb2_applet
20:21:14.544 - Info: [   6.7958 ] MB2A
20:21:14.551 - Info: [   6.7963 ] partition type mb2_applet, magic id = MB2A
20:21:14.551 - Info: [   6.7979 ] tegrahost_v2 --chip 0x23 0 --align applet_t234_aligned.bin
20:21:14.551 - Info: [   6.7998 ] tegrahost_v2 --chip 0x23 0 --magicid MB2A --ratchet_blob ratchet_blob.bin --appendsigheader applet_t234_aligned.bin zerosbk
20:21:14.551 - Info: [   6.8035 ] adding BCH for applet_t234_aligned.bin
20:21:14.561 - Info: [   6.8131 ] tegrasign_v3.py --key None --list applet_t234_aligned_sigheader.bin_list.xml --sha sha512
20:21:14.561 - Info: [   6.8132 ] Assuming zero filled SBK key
20:21:14.570 - Info: [   6.8154 ] tegrahost_v2 --chip 0x23 0 --updatesigheader applet_t234_aligned_sigheader.bin.encrypt applet_t234_aligned_sigheader.bin.hash zerosbk
20:21:14.570 - Info: [   6.8202 ] Generating recovery mb2-bct
20:21:14.570 - Info: [   6.8202 ] tegrabct_v2 --chip 0x23 0 --parse-error-mode quiet-continue --mb2bct mb2_bct.cfg --recov --mb2bctcfg tegra234-mb2-bct-misc-p3767-0000_cpp.dtb --scr tegra234-mb2-bct-scr-p3767-0000_cpp.dtb
20:21:14.570 - Info: [   6.8223 ] parse-error-mode: quiet-continue
20:21:14.584 - Info: [   6.8326 ] Updating mb2-bct with storage information for RCM
20:21:14.584 - Info: [   6.8332 ] tegrabct_v2 --chip 0x23 0 --mb2bct mb2_bct_MB2.bct --updatestorageinfo flash.xml.bin
20:21:14.584 - Info: [   6.8351 ] parse-error-mode: show-continue (default)
20:21:14.584 - Info: [   6.8353 ] Saving MB2 BCT file as mb2_bct_MB2.bct with suffix (null)
20:21:14.587 - Info: [   6.8371 ] Concatenating mb2-bct to mb2 binary
20:21:14.587 - Info: [   6.8371 ] mb2_bin_file = mb2_t234.bin
20:21:14.587 - Info: [   6.8371 ] mb2_bct_file = mb2_bct_MB2.bct
20:21:14.587 - Info: [   6.8375 ] Get magic id
20:21:14.587 - Info: [   6.8380 ] tegraparser_v2 --get_magic mb2_bootloader
20:21:14.587 - Info: [   6.8386 ] MB2B
20:21:14.594 - Info: [   6.8387 ] partition type mb2_bootloader, magic id = MB2B
20:21:14.595 - Info: [   6.8419 ] tegrahost_v2 --chip 0x23 0 --align mb2_t234_with_mb2_bct_MB2_aligned.bin
20:21:14.595 - Info: [   6.8454 ] tegrahost_v2 --chip 0x23 0 --magicid MB2B --ratchet_blob ratchet_blob.bin --appendsigheader mb2_t234_with_mb2_bct_MB2_aligned.bin zerosbk
20:21:14.595 - Info: [   6.8458 ] adding BCH for mb2_t234_with_mb2_bct_MB2_aligned.bin
20:21:14.612 - Info: [   6.8621 ] tegrasign_v3.py --key None --list mb2_t234_with_mb2_bct_MB2_aligned_sigheader.bin_list.xml --sha sha512
20:21:14.612 - Info: [   6.8622 ] Assuming zero filled SBK key
20:21:14.623 - Info: [   6.8663 ] tegrahost_v2 --chip 0x23 0 --updatesigheader mb2_t234_with_mb2_bct_MB2_aligned_sigheader.bin.encrypt mb2_t234_with_mb2_bct_MB2_aligned_sigheader.bin.hash zerosbk
20:21:14.623 - Info: [   6.8748 ] Get magic id
20:21:14.623 - Info: [   6.8754 ] tegraparser_v2 --get_magic xusb_fw
20:21:14.623 - Info: [   6.8758 ] XUSB
20:21:14.628 - Info: [   6.8763 ] partition type xusb_fw, magic id = XUSB
20:21:14.628 - Info: [   6.8772 ] tegrahost_v2 --chip 0x23 0 --align xusb_t234_prod_aligned.bin
20:21:14.628 - Info: [   6.8791 ] tegrahost_v2 --chip 0x23 0 --magicid XUSB --ratchet_blob ratchet_blob.bin --appendsigheader xusb_t234_prod_aligned.bin zerosbk
20:21:14.628 - Info: [   6.8795 ] adding BCH for xusb_t234_prod_aligned.bin
20:21:14.634 - Info: [   6.8858 ] tegrasign_v3.py --key None --list xusb_t234_prod_aligned_sigheader.bin_list.xml --sha sha512
20:21:14.634 - Info: [   6.8860 ] Assuming zero filled SBK key
20:21:14.641 - Info: [   6.8885 ] tegrahost_v2 --chip 0x23 0 --updatesigheader xusb_t234_prod_aligned_sigheader.bin.encrypt xusb_t234_prod_aligned_sigheader.bin.hash zerosbk
20:21:14.641 - Info: [   6.8917 ] Get magic id
20:21:14.641 - Info: [   6.8928 ] tegraparser_v2 --get_magic pva_fw
20:21:14.641 - Info: [   6.8933 ] PVAF
20:21:14.648 - Info: [   6.8936 ] partition type pva_fw, magic id = PVAF
20:21:14.649 - Info: [   6.8979 ] tegrahost_v2 --chip 0x23 0 --align nvpva_020_aligned.fw
20:21:14.649 - Info: [   6.8992 ] tegrahost_v2 --chip 0x23 0 --magicid PVAF --ratchet_blob ratchet_blob.bin --appendsigheader nvpva_020_aligned.fw zerosbk
20:21:14.649 - Info: [   6.8996 ] adding BCH for nvpva_020_aligned.fw
20:21:14.703 - Info: [   6.9515 ] tegrasign_v3.py --key None --list nvpva_020_aligned_sigheader.fw_list.xml --sha sha512
20:21:14.703 - Info: [   6.9517 ] Assuming zero filled SBK key
20:21:14.731 - Info: [   6.9581 ] tegrahost_v2 --chip 0x23 0 --updatesigheader nvpva_020_aligned_sigheader.fw.encrypt nvpva_020_aligned_sigheader.fw.hash zerosbk
20:21:14.731 - Info: [   6.9687 ] Kernel DTB used: kernel_tegra234-p3768-0000+p3767-0005-nv-super.dtb
20:21:14.731 - Info: [   6.9688 ] Concatenating kernel-dtb to dce-fw binary
20:21:14.731 - Info: [   6.9703 ] dce_bin = display-t234-dce.bin
20:21:14.731 - Info: [   6.9703 ] kernel_dtb = kernel_tegra234-p3768-0000+p3767-0005-nv-super.dtb
20:21:14.731 - Info: [   6.9703 ] dce_with_dtb = display-t234-dce_with_kernel_tegra234-p3768-0000+p3767-0005-nv-super.bin
20:21:14.731 - Info: [   6.9797 ] Get magic id
20:21:14.731 - Info: [   6.9805 ] tegraparser_v2 --get_magic dce_fw
20:21:14.731 - Info: [   6.9811 ] DCEF
20:21:14.766 - Info: [   6.9863 ] partition type dce_fw, magic id = DCEF
20:21:14.766 - Info: [   7.0032 ] tegrahost_v2 --chip 0x23 0 --align display-t234-dce_with_kernel_tegra234-p3768-0000+p3767-0005-nv-super_aligned.bin
20:21:14.766 - Info: [   7.0049 ] tegrahost_v2 --chip 0x23 0 --magicid DCEF --ratchet_blob ratchet_blob.bin --appendsigheader display-t234-dce_with_kernel_tegra234-p3768-0000+p3767-0005-nv-super_aligned.bin zerosbk
20:21:14.766 - Info: [   7.0052 ] adding BCH for display-t234-dce_with_kernel_tegra234-p3768-0000+p3767-0005-nv-super_aligned.bin
20:21:15.113 - Info: [   7.3603 ] tegrasign_v3.py --key None --list display-t234-dce_with_kernel_tegra234-p3768-0000+p3767-0005-nv-super_aligned_sigheader.bin_list.xml --sha sha512
20:21:15.113 - Info: [   7.3604 ] Assuming zero filled SBK key
20:21:15.209 - Info: [   7.3925 ] tegrahost_v2 --chip 0x23 0 --updatesigheader display-t234-dce_with_kernel_tegra234-p3768-0000+p3767-0005-nv-super_aligned_sigheader.bin.encrypt display-t234-dce_with_kernel_tegra234-p3768-0000+p3767-0005-nv-super_aligned_sigheader.bin.hash zerosbk
20:21:15.209 - Info: [   7.4589 ] Get magic id
20:21:15.209 - Info: [   7.4609 ] tegraparser_v2 --get_magic nvdec
20:21:15.209 - Info: [   7.4614 ] NDEC
20:21:15.216 - Info: [   7.4620 ] partition type nvdec, magic id = NDEC
20:21:15.216 - Info: [   7.4636 ] tegrahost_v2 --chip 0x23 0 --align nvdec_t234_prod_aligned.fw
20:21:15.216 - Info: [   7.4662 ] tegrahost_v2 --chip 0x23 0 --magicid NDEC --ratchet_blob ratchet_blob.bin --appendsigheader nvdec_t234_prod_aligned.fw zerosbk
20:21:15.216 - Info: [   7.4681 ] Header already present for nvdec_t234_prod_aligned.fw
20:21:15.224 - Info: [   7.4752 ] tegrasign_v3.py --key None --list nvdec_t234_prod_aligned_sigheader.fw_list.xml --sha sha512
20:21:15.224 - Info: [   7.4753 ] Assuming zero filled SBK key
20:21:15.229 - Info: [   7.4782 ] tegrahost_v2 --chip 0x23 0 --updatesigheader nvdec_t234_prod_aligned_sigheader.fw.encrypt nvdec_t234_prod_aligned_sigheader.fw.hash zerosbk
20:21:15.229 - Info: [   7.4805 ] Get magic id
20:21:15.229 - Info: [   7.4809 ] tegraparser_v2 --get_magic bpmp_fw
20:21:15.229 - Info: [   7.4812 ] BPMF
20:21:15.239 - Info: [   7.4816 ] partition type bpmp_fw, magic id = BPMF
20:21:15.239 - Info: [   7.4853 ] tegrahost_v2 --chip 0x23 0 --align bpmp_t234-TE950M-A1_prod_aligned.bin
20:21:15.239 - Info: [   7.4894 ] tegrahost_v2 --chip 0x23 0 --magicid BPMF --ratchet_blob ratchet_blob.bin --appendsigheader bpmp_t234-TE950M-A1_prod_aligned.bin zerosbk
20:21:15.240 - Info: [   7.4898 ] Header already present for bpmp_t234-TE950M-A1_prod_aligned.bin
20:21:15.260 - Info: [   7.5111 ] tegrasign_v3.py --key None --list bpmp_t234-TE950M-A1_prod_aligned_sigheader.bin_list.xml --sha sha512
20:21:15.260 - Info: [   7.5112 ] Assuming zero filled SBK key
20:21:15.270 - Info: [   7.5157 ] tegrahost_v2 --chip 0x23 0 --updatesigheader bpmp_t234-TE950M-A1_prod_aligned_sigheader.bin.encrypt bpmp_t234-TE950M-A1_prod_aligned_sigheader.bin.hash zerosbk
20:21:15.270 - Info: [   7.5208 ] Using bpmp-dtb concatenated with odmdata
20:21:15.270 - Info: [   7.5209 ] Get magic id
20:21:15.270 - Info: [   7.5216 ] tegraparser_v2 --get_magic bpmp_fw_dtb
20:21:15.270 - Info: [   7.5220 ] BPMD
20:21:15.276 - Info: [   7.5235 ] partition type bpmp_fw_dtb, magic id = BPMD
20:21:15.276 - Info: [   7.5255 ] tegrahost_v2 --chip 0x23 0 --align tegra234-bpmp-3767-0003-3768-super_with_odm_aligned.dtb
20:21:15.276 - Info: [   7.5268 ] tegrahost_v2 --chip 0x23 0 --magicid BPMD --ratchet_blob ratchet_blob.bin --appendsigheader tegra234-bpmp-3767-0003-3768-super_with_odm_aligned.dtb zerosbk
20:21:15.276 - Info: [   7.5275 ] adding BCH for tegra234-bpmp-3767-0003-3768-super_with_odm_aligned.dtb
20:21:15.288 - Info: [   7.5388 ] tegrasign_v3.py --key None --list tegra234-bpmp-3767-0003-3768-super_with_odm_aligned_sigheader.dtb_list.xml --sha sha512
20:21:15.288 - Info: [   7.5390 ] Assuming zero filled SBK key
20:21:15.295 - Info: [   7.5416 ] tegrahost_v2 --chip 0x23 0 --updatesigheader tegra234-bpmp-3767-0003-3768-super_with_odm_aligned_sigheader.dtb.encrypt tegra234-bpmp-3767-0003-3768-super_with_odm_aligned_sigheader.dtb.hash zerosbk
20:21:15.296 - Info: [   7.5455 ] Get magic id
20:21:15.296 - Info: [   7.5463 ] tegraparser_v2 --get_magic rce_fw
20:21:15.296 - Info: [   7.5468 ] RCEF
20:21:15.301 - Info: [   7.5479 ] partition type rce_fw, magic id = RCEF
20:21:15.301 - Info: [   7.5507 ] tegrahost_v2 --chip 0x23 0 --align camera-rtcpu-t234-rce_aligned.img
20:21:15.301 - Info: [   7.5521 ] tegrahost_v2 --chip 0x23 0 --magicid RCEF --ratchet_blob ratchet_blob.bin --appendsigheader camera-rtcpu-t234-rce_aligned.img zerosbk
20:21:15.301 - Info: [   7.5525 ] adding BCH for camera-rtcpu-t234-rce_aligned.img
20:21:15.329 - Info: [   7.5791 ] tegrasign_v3.py --key None --list camera-rtcpu-t234-rce_aligned_sigheader.img_list.xml --sha sha512
20:21:15.329 - Info: [   7.5792 ] Assuming zero filled SBK key
20:21:15.339 - Info: [   7.5831 ] tegrahost_v2 --chip 0x23 0 --updatesigheader camera-rtcpu-t234-rce_aligned_sigheader.img.encrypt camera-rtcpu-t234-rce_aligned_sigheader.img.hash zerosbk
20:21:15.339 - Info: [   7.5899 ] Get magic id
20:21:15.339 - Info: [   7.5905 ] tegraparser_v2 --get_magic ape_fw
20:21:15.339 - Info: [   7.5913 ] APEF
20:21:15.343 - Info: [   7.5914 ] partition type ape_fw, magic id = APEF
20:21:15.343 - Info: [   7.5931 ] tegrahost_v2 --chip 0x23 0 --align adsp-fw_aligned.bin
20:21:15.343 - Info: [   7.5946 ] tegrahost_v2 --chip 0x23 0 --magicid APEF --ratchet_blob ratchet_blob.bin --appendsigheader adsp-fw_aligned.bin zerosbk
20:21:15.343 - Info: [   7.5949 ] adding BCH for adsp-fw_aligned.bin
20:21:15.364 - Info: [   7.6142 ] tegrasign_v3.py --key None --list adsp-fw_aligned_sigheader.bin_list.xml --sha sha512
20:21:15.364 - Info: [   7.6143 ] Assuming zero filled SBK key
20:21:15.375 - Info: [   7.6188 ] tegrahost_v2 --chip 0x23 0 --updatesigheader adsp-fw_aligned_sigheader.bin.encrypt adsp-fw_aligned_sigheader.bin.hash zerosbk
20:21:15.375 - Info: [   7.6222 ] Get magic id
20:21:15.375 - Info: [   7.6228 ] tegraparser_v2 --get_magic spe_fw
20:21:15.375 - Info: [   7.6248 ] SPEF
20:21:15.375 - Info: [   7.6248 ] 
20:21:15.375 - Info: [   7.6248 ] partition type spe_fw, magic id = SPEF
20:21:15.375 - Info: [   7.6262 ] tegrahost_v2 --chip 0x23 0 --align spe_t234_aligned.bin
20:21:15.375 - Info: [   7.6272 ] tegrahost_v2 --chip 0x23 0 --magicid SPEF --ratchet_blob ratchet_blob.bin --appendsigheader spe_t234_aligned.bin zerosbk
20:21:15.375 - Info: [   7.6276 ] adding BCH for spe_t234_aligned.bin
20:21:15.387 - Info: [   7.6391 ] tegrasign_v3.py --key None --list spe_t234_aligned_sigheader.bin_list.xml --sha sha512
20:21:15.388 - Info: [   7.6393 ] Assuming zero filled SBK key
20:21:15.393 - Info: [   7.6416 ] tegrahost_v2 --chip 0x23 0 --updatesigheader spe_t234_aligned_sigheader.bin.encrypt spe_t234_aligned_sigheader.bin.hash zerosbk
20:21:15.393 - Info: [   7.6447 ] Get magic id
20:21:15.393 - Info: [   7.6452 ] tegraparser_v2 --get_magic tos
20:21:15.393 - Info: [   7.6455 ] TOSB
20:21:15.403 - Info: [   7.6460 ] partition type tos, magic id = TOSB
20:21:15.403 - Info: [   7.6502 ] tegrahost_v2 --chip 0x23 0 --align tos-optee_t234_aligned.img
20:21:15.403 - Info: [   7.6521 ] tegrahost_v2 --chip 0x23 0 --magicid TOSB --ratchet_blob ratchet_blob.bin --appendsigheader tos-optee_t234_aligned.img zerosbk
20:21:15.403 - Info: [   7.6525 ] adding BCH for tos-optee_t234_aligned.img
20:21:15.467 - Info: [   7.7171 ] tegrasign_v3.py --key None --list tos-optee_t234_aligned_sigheader.img_list.xml --sha sha512
20:21:15.467 - Info: [   7.7172 ] Assuming zero filled SBK key
20:21:15.488 - Info: [   7.7279 ] tegrahost_v2 --chip 0x23 0 --updatesigheader tos-optee_t234_aligned_sigheader.img.encrypt tos-optee_t234_aligned_sigheader.img.hash zerosbk
20:21:15.488 - Info: [   7.7393 ] Get magic id
20:21:15.488 - Info: [   7.7401 ] tegraparser_v2 --get_magic eks
20:21:15.488 - Info: [   7.7405 ] EKSB
20:21:15.493 - Info: [   7.7407 ] partition type eks, magic id = EKSB
20:21:15.493 - Info: [   7.7435 ] tegrahost_v2 --chip 0x23 0 --align eks_t234_aligned.img
20:21:15.493 - Info: [   7.7447 ] tegrahost_v2 --chip 0x23 0 --magicid EKSB --ratchet_blob ratchet_blob.bin --appendsigheader eks_t234_aligned.img zerosbk
20:21:15.494 - Info: [   7.7457 ] adding BCH for eks_t234_aligned.img
20:21:15.499 - Info: [   7.7491 ] tegrasign_v3.py --key None --list eks_t234_aligned_sigheader.img_list.xml --sha sha512
20:21:15.499 - Info: [   7.7493 ] Assuming zero filled SBK key
20:21:15.518 - Info: [   7.7540 ] tegrahost_v2 --chip 0x23 0 --updatesigheader eks_t234_aligned_sigheader.img.encrypt eks_t234_aligned_sigheader.img.hash zerosbk
20:21:15.518 - Info: [   7.7636 ] tegrahost_v2 --chip 0x23 0 --align uefi_t23x_general_with_dtb_aligned.bin
20:21:15.518 - Info: [   7.7659 ] tegrahost_v2 --chip 0x23 0 --magicid CPBL --ratchet_blob ratchet_blob.bin --appendsigheader uefi_t23x_general_with_dtb_aligned.bin zerosbk
20:21:15.518 - Info: [   7.7662 ] adding BCH for uefi_t23x_general_with_dtb_aligned.bin
20:21:15.629 - Info: [   7.8774 ] tegrasign_v3.py --key None --list uefi_t23x_general_with_dtb_aligned_sigheader.bin_list.xml --sha sha512
20:21:15.629 - Info: [   7.8776 ] Assuming zero filled SBK key
20:21:15.953 - Info: [   7.8840 ] tegrahost_v2 --chip 0x23 0 --updatesigheader uefi_t23x_general_with_dtb_aligned_sigheader.bin.encrypt uefi_t23x_general_with_dtb_aligned_sigheader.bin.hash zerosbk
20:21:15.953 - Info: [   7.8966 ] Copying enc/signed file in /home/ckw/nvidia/nvidia_sdk/JetPack_7.2_Linux_JETSON_ORIN_NANO_TARGETS/Linux_for_Tegra/bootloader/signed
20:21:15.953 - Info: [   7.9271 ] Copying br bct for multi chains
20:21:15.953 - Info: [   7.9272 ] Signed BCT for boot chain A is copied to /home/ckw/nvidia/nvidia_sdk/JetPack_7.2_Linux_JETSON_ORIN_NANO_TARGETS/Linux_for_Tegra/bootloader/signed/br_bct_BR.bct
20:21:15.953 - Info: 
20:21:15.953 - Info: [   7.9273 ] Signed BCT for boot chain B is copied to /home/ckw/nvidia/nvidia_sdk/JetPack_7.2_Linux_JETSON_ORIN_NANO_TARGETS/Linux_for_Tegra/bootloader/signed/br_bct_b_BR.bct
20:21:15.953 - Info: 
20:21:15.953 - Info: [   7.9273 ] Copying BCT backup image bct_backup.img to /home/ckw/nvidia/nvidia_sdk/JetPack_7.2_Linux_JETSON_ORIN_NANO_TARGETS/Linux_for_Tegra/bootloader/signed/bct_backup.img
20:21:15.953 - Info: [   7.9306 ] Copying pscfw_t234_prod_sigheader.bin.encrypt to /home/ckw/nvidia/nvidia_sdk/JetPack_7.2_Linux_JETSON_ORIN_NANO_TARGETS/Linux_for_Tegra/bootloader/signed
20:21:15.954 - Info: [   7.9310 ] Signed file: /home/ckw/nvidia/nvidia_sdk/JetPack_7.2_Linux_JETSON_ORIN_NANO_TARGETS/Linux_for_Tegra/bootloader/signed/pscfw_t234_prod_sigheader.bin.encrypt
20:21:15.954 - Info: [   7.9310 ] Copying mce_flash_o10_cr_prod_sigheader.bin.encrypt to /home/ckw/nvidia/nvidia_sdk/JetPack_7.2_Linux_JETSON_ORIN_NANO_TARGETS/Linux_for_Tegra/bootloader/signed
20:21:15.954 - Info: [   7.9315 ] Signed file: /home/ckw/nvidia/nvidia_sdk/JetPack_7.2_Linux_JETSON_ORIN_NANO_TARGETS/Linux_for_Tegra/bootloader/signed/mce_flash_o10_cr_prod_sigheader.bin.encrypt
20:21:15.954 - Info: [   7.9315 ] Copying tsec_t234_sigheader.bin.encrypt to /home/ckw/nvidia/nvidia_sdk/JetPack_7.2_Linux_JETSON_ORIN_NANO_TARGETS/Linux_for_Tegra/bootloader/signed
20:21:15.954 - Info: [   7.9319 ] Signed file: /home/ckw/nvidia/nvidia_sdk/JetPack_7.2_Linux_JETSON_ORIN_NANO_TARGETS/Linux_for_Tegra/bootloader/signed/tsec_t234_sigheader.bin.encrypt
20:21:15.954 - Info: [   7.9319 ] Copying applet_t234_sigheader.bin.encrypt to /home/ckw/nvidia/nvidia_sdk/JetPack_7.2_Linux_JETSON_ORIN_NANO_TARGETS/Linux_for_Tegra/bootloader/signed
20:21:15.954 - Info: [   7.9325 ] Signed file: /home/ckw/nvidia/nvidia_sdk/JetPack_7.2_Linux_JETSON_ORIN_NANO_TARGETS/Linux_for_Tegra/bootloader/signed/applet_t234_sigheader.bin.encrypt
20:21:15.954 - Info: [   7.9325 ] Copying mb2_t234_with_mb2_bct_MB2_sigheader.bin.encrypt to /home/ckw/nvidia/nvidia_sdk/JetPack_7.2_Linux_JETSON_ORIN_NANO_TARGETS/Linux_for_Tegra/bootloader/signed
20:21:15.954 - Info: [   7.9327 ] Signed file: /home/ckw/nvidia/nvidia_sdk/JetPack_7.2_Linux_JETSON_ORIN_NANO_TARGETS/Linux_for_Tegra/bootloader/signed/mb2_t234_with_mb2_bct_MB2_sigheader.bin.encrypt
20:21:15.954 - Info: [   7.9327 ] Copying xusb_t234_prod_sigheader.bin.encrypt to /home/ckw/nvidia/nvidia_sdk/JetPack_7.2_Linux_JETSON_ORIN_NANO_TARGETS/Linux_for_Tegra/bootloader/signed
20:21:15.954 - Info: [   7.9330 ] Signed file: /home/ckw/nvidia/nvidia_sdk/JetPack_7.2_Linux_JETSON_ORIN_NANO_TARGETS/Linux_for_Tegra/bootloader/signed/xusb_t234_prod_sigheader.bin.encrypt
20:21:15.954 - Info: [   7.9330 ] Copying nvpva_020_sigheader.fw.encrypt to /home/ckw/nvidia/nvidia_sdk/JetPack_7.2_Linux_JETSON_ORIN_NANO_TARGETS/Linux_for_Tegra/bootloader/signed
20:21:15.954 - Info: [   7.9337 ] Signed file: /home/ckw/nvidia/nvidia_sdk/JetPack_7.2_Linux_JETSON_ORIN_NANO_TARGETS/Linux_for_Tegra/bootloader/signed/nvpva_020_sigheader.fw.encrypt
20:21:15.954 - Info: [   7.9337 ] Copying display-t234-dce_sigheader.bin.encrypt to /home/ckw/nvidia/nvidia_sdk/JetPack_7.2_Linux_JETSON_ORIN_NANO_TARGETS/Linux_for_Tegra/bootloader/signed
20:21:15.954 - Info: [   7.9378 ] Signed file: /home/ckw/nvidia/nvidia_sdk/JetPack_7.2_Linux_JETSON_ORIN_NANO_TARGETS/Linux_for_Tegra/bootloader/signed/display-t234-dce_sigheader.bin.encrypt
20:21:15.954 - Info: [   7.9378 ] Copying display-t234-dce_with_kernel_tegra234-p3768-0000+p3767-0005-nv-super_sigheader.bin.encrypt to /home/ckw/nvidia/nvidia_sdk/JetPack_7.2_Linux_JETSON_ORIN_NANO_TARGETS/Linux_for_Tegra/bootloader/signed
20:21:15.954 - Info: [   7.9413 ] Signed file: /home/ckw/nvidia/nvidia_sdk/JetPack_7.2_Linux_JETSON_ORIN_NANO_TARGETS/Linux_for_Tegra/bootloader/signed/display-t234-dce_with_kernel_tegra234-p3768-0000+p3767-0005-nv-super_sigheader.bin.encrypt
20:21:15.954 - Info: [   7.9414 ] Copying nvdec_t234_prod_sigheader.fw.encrypt to /home/ckw/nvidia/nvidia_sdk/JetPack_7.2_Linux_JETSON_ORIN_NANO_TARGETS/Linux_for_Tegra/bootloader/signed
20:21:15.954 - Info: [   7.9422 ] Signed file: /home/ckw/nvidia/nvidia_sdk/JetPack_7.2_Linux_JETSON_ORIN_NANO_TARGETS/Linux_for_Tegra/bootloader/signed/nvdec_t234_prod_sigheader.fw.encrypt
20:21:15.954 - Info: [   7.9423 ] Copying bpmp_t234-TE950M-A1_prod_sigheader.bin.encrypt to /home/ckw/nvidia/nvidia_sdk/JetPack_7.2_Linux_JETSON_ORIN_NANO_TARGETS/Linux_for_Tegra/bootloader/signed
20:21:15.954 - Info: [   7.9434 ] Signed file: /home/ckw/nvidia/nvidia_sdk/JetPack_7.2_Linux_JETSON_ORIN_NANO_TARGETS/Linux_for_Tegra/bootloader/signed/bpmp_t234-TE950M-A1_prod_sigheader.bin.encrypt
20:21:15.954 - Info: [   7.9434 ] Copying tegra234-bpmp-3767-0003-3768-super_with_odm_sigheader.dtb.encrypt to /home/ckw/nvidia/nvidia_sdk/JetPack_7.2_Linux_JETSON_ORIN_NANO_TARGETS/Linux_for_Tegra/bootloader/signed
20:21:15.955 - Info: [   7.9446 ] Signed file: /home/ckw/nvidia/nvidia_sdk/JetPack_7.2_Linux_JETSON_ORIN_NANO_TARGETS/Linux_for_Tegra/bootloader/signed/tegra234-bpmp-3767-0003-3768-super_with_odm_sigheader.dtb.encrypt
20:21:15.955 - Info: [   7.9446 ] Copying camera-rtcpu-t234-rce_sigheader.img.encrypt to /home/ckw/nvidia/nvidia_sdk/JetPack_7.2_Linux_JETSON_ORIN_NANO_TARGETS/Linux_for_Tegra/bootloader/signed
20:21:15.955 - Info: [   7.9456 ] Signed file: /home/ckw/nvidia/nvidia_sdk/JetPack_7.2_Linux_JETSON_ORIN_NANO_TARGETS/Linux_for_Tegra/bootloader/signed/camera-rtcpu-t234-rce_sigheader.img.encrypt
20:21:15.955 - Info: [   7.9457 ] Copying adsp-fw_sigheader.bin.encrypt to /home/ckw/nvidia/nvidia_sdk/JetPack_7.2_Linux_JETSON_ORIN_NANO_TARGETS/Linux_for_Tegra/bootloader/signed
20:21:15.955 - Info: [   7.9462 ] Signed file: /home/ckw/nvidia/nvidia_sdk/JetPack_7.2_Linux_JETSON_ORIN_NANO_TARGETS/Linux_for_Tegra/bootloader/signed/adsp-fw_sigheader.bin.encrypt
20:21:15.955 - Info: [   7.9462 ] Copying spe_t234_sigheader.bin.encrypt to /home/ckw/nvidia/nvidia_sdk/JetPack_7.2_Linux_JETSON_ORIN_NANO_TARGETS/Linux_for_Tegra/bootloader/signed
20:21:15.955 - Info: [   7.9468 ] Signed file: /home/ckw/nvidia/nvidia_sdk/JetPack_7.2_Linux_JETSON_ORIN_NANO_TARGETS/Linux_for_Tegra/bootloader/signed/spe_t234_sigheader.bin.encrypt
20:21:15.955 - Info: [   7.9468 ] Copying tos-optee_t234_sigheader.img.encrypt to /home/ckw/nvidia/nvidia_sdk/JetPack_7.2_Linux_JETSON_ORIN_NANO_TARGETS/Linux_for_Tegra/bootloader/signed
20:21:15.955 - Info: [   7.9489 ] Signed file: /home/ckw/nvidia/nvidia_sdk/JetPack_7.2_Linux_JETSON_ORIN_NANO_TARGETS/Linux_for_Tegra/bootloader/signed/tos-optee_t234_sigheader.img.encrypt
20:21:15.955 - Info: [   7.9489 ] Copying eks_t234_sigheader.img.encrypt to /home/ckw/nvidia/nvidia_sdk/JetPack_7.2_Linux_JETSON_ORIN_NANO_TARGETS/Linux_for_Tegra/bootloader/signed
20:21:15.955 - Info: [   7.9493 ] Signed file: /home/ckw/nvidia/nvidia_sdk/JetPack_7.2_Linux_JETSON_ORIN_NANO_TARGETS/Linux_for_Tegra/bootloader/signed/eks_t234_sigheader.img.encrypt
20:21:15.956 - Info: [   7.9493 ] Copying uefi_t23x_general_with_dtb_sigheader.bin.encrypt to /home/ckw/nvidia/nvidia_sdk/JetPack_7.2_Linux_JETSON_ORIN_NANO_TARGETS/Linux_for_Tegra/bootloader/signed
20:21:15.956 - Info: [   7.9506 ] Signed file: /home/ckw/nvidia/nvidia_sdk/JetPack_7.2_Linux_JETSON_ORIN_NANO_TARGETS/Linux_for_Tegra/bootloader/signed/uefi_t23x_general_with_dtb_sigheader.bin.encrypt
20:21:15.956 - Info: [   7.9528 ] tegraparser_v2 --pt flash.xml.bin --generateflashindex /home/ckw/nvidia/nvidia_sdk/JetPack_7.2_Linux_JETSON_ORIN_NANO_TARGETS/Linux_for_Tegra/bootloader/signed/flash.xml.tmp flash.idx
20:21:16.087 - Info: Using bpmp-dtb concatenated with odmdata in blob for t23x
20:21:16.143 - Info: ./tegraflash.py --bl uefi_t23x_general_with_dtb_sigheader.bin.encrypt --bct br_bct_BR.bct --securedev  --bldtb tegra234-p3768-0000+p3767-0005-nv-super.dtb --applet rcm_2_encrypt.rcm --applet_softfuse rcm_1_encrypt.rcm --cmd "rcmboot"  --cfg secureflash.xml --chip 0x23 --mb1_bct mb1_bct_MB1_sigheader.bct.encrypt --mem_bct mem_rcm_sigheader.bct.encrypt --mb1_cold_boot_bct mb1_cold_boot_bct_MB1_sigheader.bct.encrypt --mb1_bin mb1_t234_prod_aligned_sigheader.bin.encrypt --psc_bl1_bin psc_bl1_t234_prod_aligned_sigheader.bin.encrypt --mem_bct_cold_boot mem_coldboot_sigheader.bct.encrypt  --bins "psc_fw pscfw_t234_prod_sigheader.bin.encrypt; mts_mce mce_flash_o10_cr_prod_sigheader.bin.encrypt; tsec_fw tsec_t234_sigheader.bin.encrypt; mb2_applet applet_t234_sigheader.bin.encrypt; mb2_bootloader mb2_t234_with_mb2_cold_boot_bct_MB2_sigheader.bin.encrypt; xusb_fw xusb_t234_prod_sigheader.bin.encrypt; pva_fw nvpva_020_sigheader.fw.encrypt; dce_fw display-t234-dce_sigheader.bin.encrypt; nvdec nvdec_t234_prod_sigheader.fw.encrypt; bpmp_fw bpmp_t234-TE950M-A1_prod_sigheader.bin.encrypt; bpmp_fw_dtb tegra234-bpmp-3767-0003-3768-super_with_odm_sigheader.dtb.encrypt; rce_fw camera-rtcpu-t234-rce_sigheader.img.encrypt; ape_fw adsp-fw_sigheader.bin.encrypt; spe_fw spe_t234_sigheader.bin.encrypt; tos tos-optee_t234_sigheader.img.encrypt; eks eks_t234_sigheader.img.encrypt; kernel boot.img; kernel_dtb tegra234-p3768-0000+p3767-0005-nv-super.dtb"  --skipuid  --bct_backup 
20:21:16.143 - Info: saving flash command in flashcmd.txt
20:21:16.149 - Info: --rcm-boot with --no-flash, prepare rcmboot_blob.
20:21:16.154 - Info: tegraflashcmd with --no_flash:
20:21:16.155 - Info: ./tegraflash.py --bl uefi_t23x_general_with_dtb_sigheader.bin.encrypt --bct br_bct_BR.bct --securedev  --bldtb tegra234-p3768-0000+p3767-0005-nv-super.dtb --applet rcm_2_encrypt.rcm --applet_softfuse rcm_1_encrypt.rcm --cmd "rcmboot"  --cfg secureflash.xml --chip 0x23 --mb1_bct mb1_bct_MB1_sigheader.bct.encrypt --mem_bct mem_rcm_sigheader.bct.encrypt --mb1_cold_boot_bct mb1_cold_boot_bct_MB1_sigheader.bct.encrypt --mb1_bin mb1_t234_prod_aligned_sigheader.bin.encrypt --psc_bl1_bin psc_bl1_t234_prod_aligned_sigheader.bin.encrypt --mem_bct_cold_boot mem_coldboot_sigheader.bct.encrypt  --bins "psc_fw pscfw_t234_prod_sigheader.bin.encrypt; mts_mce mce_flash_o10_cr_prod_sigheader.bin.encrypt; tsec_fw tsec_t234_sigheader.bin.encrypt; mb2_applet applet_t234_sigheader.bin.encrypt; mb2_bootloader mb2_t234_with_mb2_cold_boot_bct_MB2_sigheader.bin.encrypt; xusb_fw xusb_t234_prod_sigheader.bin.encrypt; pva_fw nvpva_020_sigheader.fw.encrypt; dce_fw display-t234-dce_sigheader.bin.encrypt; nvdec nvdec_t234_prod_sigheader.fw.encrypt; bpmp_fw bpmp_t234-TE950M-A1_prod_sigheader.bin.encrypt; bpmp_fw_dtb tegra234-bpmp-3767-0003-3768-super_with_odm_sigheader.dtb.encrypt; rce_fw camera-rtcpu-t234-rce_sigheader.img.encrypt; ape_fw adsp-fw_sigheader.bin.encrypt; spe_fw spe_t234_sigheader.bin.encrypt; tos tos-optee_t234_sigheader.img.encrypt; eks eks_t234_sigheader.img.encrypt; kernel boot.img; kernel_dtb tegra234-p3768-0000+p3767-0005-nv-super.dtb"  --skipuid  --bct_backup  --no_flash 
20:21:16.293 - Info: Welcome to Tegra Flash
20:21:16.293 - Info: version 1.0.0
20:21:16.293 - Info: Type ? or help for help and q or quit to exit
20:21:16.293 - Info: Use ! to execute system commands
20:21:16.293 - Info:  
20:21:16.293 - Info: 
20:21:16.293 - Info:  Entering RCM boot
20:21:16.293 - Info: 
20:21:16.293 - Info: [   0.0537 ] mb1_t234_prod_aligned_sigheader.bin.encrypt filename is from --mb1_bin
20:21:16.293 - Info: [   0.0537 ] psc_bl1_t234_prod_aligned_sigheader.bin.encrypt filename is from --psc_bl1_bin
20:21:16.293 - Info: [   0.0537 ] rcm boot with presigned binaries
20:21:16.293 - Info: [   0.0545 ] Generating blob for T23x
20:21:16.293 - Info: [   0.0566 ] tegrahost_v2 --chip 0x23 0 --generateblob blob.xml blob.bin
20:21:16.293 - Info: [   0.0573 ] The number of images in blob is 19
20:21:16.293 - Info: [   0.0578 ] blobsize is 89579733
20:21:16.353 - Info: [   0.0578 ] Added binary blob_uefi_t23x_general_with_dtb_sigheader.bin.encrypt of size 3321920
20:21:16.353 - Info: [   0.1189 ] Added binary blob_pscfw_t234_prod_sigheader.bin.encrypt of size 342336
20:21:16.356 - Info: [   0.1191 ] Added binary blob_mce_flash_o10_cr_prod_sigheader.bin.encrypt of size 187328
20:21:16.356 - Info: [   0.1204 ] Added binary blob_tsec_t234_sigheader.bin.encrypt of size 192512
20:21:16.356 - Info: [   0.1208 ] Added binary blob_applet_t234_sigheader.bin.encrypt of size 280192
20:21:16.357 - Info: [   0.1211 ] Not supported type: mb2_applet
20:21:16.358 - Info: [   0.1223 ] Added binary blob_mb2_t234_with_mb2_cold_boot_bct_MB2_sigheader.bin.encrypt of size 439312
20:21:16.358 - Info: [   0.1236 ] Added binary blob_xusb_t234_prod_sigheader.bin.encrypt of size 164864
20:21:16.362 - Info: [   0.1238 ] Added binary blob_nvpva_020_sigheader.fw.encrypt of size 2161024
20:21:16.372 - Info: [   0.1277 ] Added binary blob_display-t234-dce_sigheader.bin.encrypt of size 12427600
20:21:16.376 - Info: [   0.1379 ] Added binary blob_nvdec_t234_prod_sigheader.fw.encrypt of size 294912
20:21:16.378 - Info: [   0.1409 ] Added binary blob_bpmp_t234-TE950M-A1_prod_sigheader.bin.encrypt of size 1027072
20:21:16.378 - Info: [   0.1430 ] Added binary blob_tegra234-bpmp-3767-0003-3768-super_with_odm_sigheader.dtb.encrypt of size 384256
20:21:16.379 - Info: [   0.1434 ] Added binary blob_camera-rtcpu-t234-rce_sigheader.img.encrypt of size 699616
20:21:16.380 - Info: [   0.1438 ] Added binary blob_adsp-fw_sigheader.bin.encrypt of size 419952
20:21:16.381 - Info: [   0.1452 ] Added binary blob_spe_t234_sigheader.bin.encrypt of size 270336
20:21:16.387 - Info: [   0.1466 ] Added binary blob_tos-optee_t234_sigheader.img.encrypt of size 1899072
20:21:16.388 - Info: [   0.1509 ] Added binary blob_eks_t234_sigheader.img.encrypt of size 9232
20:21:16.434 - Info: [   0.1531 ] Added binary blob_boot.img of size 64847872
20:21:16.440 - Info: [   0.1997 ] Added binary blob_tegra234-p3768-0000+p3767-0005-nv-super.dtb of size 209221
20:21:16.526 - Info: [   0.2767 ] All RCM required files are saved in rcmboot_blob folder
20:21:16.543 - Info: rcmboot_blob generated.
20:21:16.543 - Info: 
20:21:16.543 - Info: *** no-flash flag enabled. Exiting now... *** 
20:21:16.543 - Info: 
20:21:16.543 - Info: User can run above saved command in factory environment without 
20:21:16.543 - Info: providing pkc and sbk keys to flash a device
20:21:16.543 - Info: 
20:21:16.543 - Info: Example:
20:21:16.543 - Info: 
20:21:16.543 - Info:     $ cd bootloader 
20:21:16.543 - Info:     $ sudo bash ./flashcmd.txt
20:21:16.543 - Info: 
20:21:16.544 - Info: Save initrd flashing command parameters to /home/ckw/nvidia/nvidia_sdk/JetPack_7.2_Linux_JETSON_ORIN_NANO_TARGETS/Linux_for_Tegra/tools/kernel_flash/initrdflashparam.txt
20:21:16.562 - Info: /tmp/tmp.od3RW0SRQJ /home/ckw/nvidia/nvidia_sdk/JetPack_7.2_Linux_JETSON_ORIN_NANO_TARGETS/Linux_for_Tegra
20:21:16.634 - Info: writing boot image config in bootimg.cfg
20:21:16.634 - Info: extracting kernel in zImage
20:21:16.634 - Info: extracting ramdisk in initrd.img
20:21:16.638 - Info: /tmp/tmp.od3RW0SRQJ/initrd /tmp/tmp.od3RW0SRQJ /home/ckw/nvidia/nvidia_sdk/JetPack_7.2_Linux_JETSON_ORIN_NANO_TARGETS/Linux_for_Tegra
20:21:17.089 - Info: 90520 blocks
20:21:31.332 - Info: 173052 blocks
20:21:31.359 - Info: /tmp/tmp.od3RW0SRQJ /home/ckw/nvidia/nvidia_sdk/JetPack_7.2_Linux_JETSON_ORIN_NANO_TARGETS/Linux_for_Tegra
20:21:32.283 - Info: flashimg0=boot0.img
20:21:32.283 - Info: /home/ckw/nvidia/nvidia_sdk/JetPack_7.2_Linux_JETSON_ORIN_NANO_TARGETS/Linux_for_Tegra
20:21:32.286 - Info: Success
20:21:32.289 - Info: Cleaning up...
20:21:32.334 - Info: Finish generating flash package.
20:21:32.565 - Info: # Entry added by NVIDIA initrd flash tool
20:21:32.601 - Info: /home/ckw/nvidia/nvidia_sdk/JetPack_7.2_Linux_JETSON_ORIN_NANO_TARGETS/Linux_for_Tegra/tools/kernel_flash/tmp 127.0.0.1(rw,nohide,insecure,no_subtree_check,async,no_root_squash)
20:21:33.456 - Info: Export list for localhost:
20:21:33.456 - Info: /home/ckw/nvidia/nvidia_sdk/JetPack_7.2_Linux_JETSON_ORIN_NANO_TARGETS/Linux_for_Tegra/tools/kernel_flash/tmp 127.0.0.1
20:21:33.475 - Info: chown: warning: '.' should be ':': ‘root.root’
20:21:33.512 - Info: /home/ckw/nvidia/nvidia_sdk/JetPack_7.2_Linux_JETSON_ORIN_NANO_TARGETS/Linux_for_Tegra/tools/kernel_flash/l4t_initrd_flash_internal.sh --network usb0 --usb-instance 2-2 --device-instance 0 --flash-only --external-device sda1 -c "tools/kernel_flash/flash_l4t_t234_nvme.xml" --network usb0 jetson-orin-nano-devkit-super internal
20:21:33.572 - Info: **********************************************
20:21:33.572 - Info: *                                            *
20:21:33.572 - Info: *  Step 1: Build the flashing environment    *
20:21:33.572 - Info: *                                            *
20:21:33.572 - Info: **********************************************
20:21:33.576 - Info: Create flash environment 0
20:21:33.584 - Info: /home/ckw/nvidia/nvidia_sdk/JetPack_7.2_Linux_JETSON_ORIN_NANO_TARGETS/Linux_for_Tegra/bootloader /home/ckw/nvidia/nvidia_sdk/JetPack_7.2_Linux_JETSON_ORIN_NANO_TARGETS/Linux_for_Tegra
20:21:34.006 - Info: /home/ckw/nvidia/nvidia_sdk/JetPack_7.2_Linux_JETSON_ORIN_NANO_TARGETS/Linux_for_Tegra
20:21:34.006 - Info: Finish creating flash environment 0.
20:21:34.010 - Info: ****************************************************
20:21:34.010 - Info: *                                                  *
20:21:34.010 - Info: *  Step 2: Boot the device with flash initrd image *
20:21:34.010 - Info: *                                                  *
20:21:34.010 - Info: ****************************************************
20:21:34.011 - Info: /home/ckw/nvidia/nvidia_sdk/JetPack_7.2_Linux_JETSON_ORIN_NANO_TARGETS/Linux_for_Tegra/temp_initrdflash/bootloader0 /home/ckw/nvidia/nvidia_sdk/JetPack_7.2_Linux_JETSON_ORIN_NANO_TARGETS/Linux_for_Tegra
20:21:34.028 - Info: ./tegraflash.py --bl uefi_t23x_general_with_dtb_sigheader.bin.encrypt --bct br_bct_BR.bct --securedev  --bldtb tegra234-p3768-0000+p3767-0005-nv-super.dtb --applet rcm_2_encrypt.rcm --applet_softfuse rcm_1_encrypt.rcm --instance 2-2 --cmd "rcmboot"  --cfg secureflash.xml --chip 0x23 --mb1_bct mb1_bct_MB1_sigheader.bct.encrypt --mem_bct mem_rcm_sigheader.bct.encrypt --mb1_cold_boot_bct mb1_cold_boot_bct_MB1_sigheader.bct.encrypt --mb1_bin mb1_t234_prod_aligned_sigheader.bin.encrypt --psc_bl1_bin psc_bl1_t234_prod_aligned_sigheader.bin.encrypt --mem_bct_cold_boot mem_coldboot_sigheader.bct.encrypt  --bins "psc_fw pscfw_t234_prod_sigheader.bin.encrypt; mts_mce mce_flash_o10_cr_prod_sigheader.bin.encrypt; tsec_fw tsec_t234_sigheader.bin.encrypt; mb2_applet applet_t234_sigheader.bin.encrypt; mb2_bootloader mb2_t234_with_mb2_cold_boot_bct_MB2_sigheader.bin.encrypt; xusb_fw xusb_t234_prod_sigheader.bin.encrypt; pva_fw nvpva_020_sigheader.fw.encrypt; dce_fw display-t234-dce_sigheader.bin.encrypt; nvdec nvdec_t234_prod_sigheader.fw.encrypt; bpmp_fw bpmp_t234-TE950M-A1_prod_sigheader.bin.encrypt; bpmp_fw_dtb tegra234-bpmp-3767-0003-3768-super_with_odm_sigheader.dtb.encrypt; rce_fw camera-rtcpu-t234-rce_sigheader.img.encrypt; ape_fw adsp-fw_sigheader.bin.encrypt; spe_fw spe_t234_sigheader.bin.encrypt; tos tos-optee_t234_sigheader.img.encrypt; eks eks_t234_sigheader.img.encrypt; kernel boot0.img; kernel_dtb tegra234-p3768-0000+p3767-0005-nv-super.dtb"    --bct_backup 
20:21:34.416 - Info: WARNING: failed to import T264 module
20:21:34.416 - Info: Welcome to Tegra Flash
20:21:34.416 - Info: version 1.0.0
20:21:34.416 - Info: Type ? or help for help and q or quit to exit
20:21:34.416 - Info: Use ! to execute system commands
20:21:34.416 - Info:  
20:21:34.416 - Info: 
20:21:34.416 - Info:  Entering RCM boot
20:21:34.416 - Info: 
20:21:34.416 - Info: [   0.0887 ] mb1_t234_prod_aligned_sigheader.bin.encrypt filename is from --mb1_bin
20:21:34.416 - Info: [   0.0887 ] psc_bl1_t234_prod_aligned_sigheader.bin.encrypt filename is from --psc_bl1_bin
20:21:34.416 - Info: [   0.0887 ] rcm boot with presigned binaries
20:21:34.416 - Info: [   0.0893 ] tegrarcm_v2 --instance 2-2 --new_session --chip 0x23 0 --uid --download bct_br br_bct_BR.bct --download mb1 mb1_t234_prod_aligned_sigheader.bin.encrypt --download psc_bl1 psc_bl1_t234_prod_aligned_sigheader.bin.encrypt --download bct_mb1 mb1_bct_MB1_sigheader.bct.encrypt
20:21:34.418 - Info: [   0.0918 ] BR_CID: 0x80012344705E00613C00000014008240
20:21:34.430 - Info: [   0.1460 ] Sending bct_br
20:21:34.431 - Info: [   0.1584 ] Sending mb1
20:21:34.445 - Info: [   0.1596 ] Sending psc_bl1
20:21:34.451 - Info: [   0.1721 ] Sending bct_mb1
20:21:34.455 - Info: [   0.1808 ] Generating blob for T23x
20:21:34.455 - Info: [   0.1824 ] tegrahost_v2 --chip 0x23 0 --generateblob blob.xml blob.bin
20:21:34.455 - Info: [   0.1829 ] The number of images in blob is 19
20:21:34.456 - Info: [   0.1835 ] blobsize is 104929493
20:21:34.521 - Info: [   0.1849 ] Added binary blob_uefi_t23x_general_with_dtb_sigheader.bin.encrypt of size 3321920
20:21:34.526 - Info: [   0.2490 ] Added binary blob_pscfw_t234_prod_sigheader.bin.encrypt of size 342336
20:21:34.526 - Info: [   0.2528 ] Added binary blob_mce_flash_o10_cr_prod_sigheader.bin.encrypt of size 187328
20:21:34.526 - Info: [   0.2532 ] Added binary blob_tsec_t234_sigheader.bin.encrypt of size 192512
20:21:34.526 - Info: [   0.2535 ] Added binary blob_applet_t234_sigheader.bin.encrypt of size 280192
20:21:34.526 - Info: [   0.2537 ] Not supported type: mb2_applet
20:21:34.526 - Info: [   0.2538 ] Added binary blob_mb2_t234_with_mb2_cold_boot_bct_MB2_sigheader.bin.encrypt of size 439312
20:21:34.526 - Info: [   0.2541 ] Added binary blob_xusb_t234_prod_sigheader.bin.encrypt of size 164864
20:21:34.529 - Info: [   0.2543 ] Added binary blob_nvpva_020_sigheader.fw.encrypt of size 2161024
20:21:34.542 - Info: [   0.2579 ] Added binary blob_display-t234-dce_sigheader.bin.encrypt of size 12427600
20:21:34.545 - Info: [   0.2710 ] Added binary blob_nvdec_t234_prod_sigheader.fw.encrypt of size 294912
20:21:34.546 - Info: [   0.2737 ] Added binary blob_bpmp_t234-TE950M-A1_prod_sigheader.bin.encrypt of size 1027072
20:21:34.549 - Info: [   0.2749 ] Added binary blob_tegra234-bpmp-3767-0003-3768-super_with_odm_sigheader.dtb.encrypt of size 384256
20:21:34.549 - Info: [   0.2769 ] Added binary blob_camera-rtcpu-t234-rce_sigheader.img.encrypt of size 699616
20:21:34.549 - Info: [   0.2772 ] Added binary blob_adsp-fw_sigheader.bin.encrypt of size 419952
20:21:34.551 - Info: [   0.2775 ] Added binary blob_spe_t234_sigheader.bin.encrypt of size 270336
20:21:34.552 - Info: [   0.2790 ] Added binary blob_tos-optee_t234_sigheader.img.encrypt of size 1899072
20:21:34.552 - Info: [   0.2794 ] Added binary blob_eks_t234_sigheader.img.encrypt of size 9232
20:21:34.610 - Info: [   0.2801 ] Added binary blob_boot0.img of size 80197632
20:21:34.622 - Info: [   0.3388 ] Added binary blob_tegra234-p3768-0000+p3767-0005-nv-super.dtb of size 209221
20:21:34.738 - Info: [   0.3863 ] tegrarcm_v2 --instance 2-2 --chip 0x23 0 --pollbl --download bct_mem mem_rcm_sigheader.bct.encrypt --download blob blob.bin
20:21:34.740 - Info: [   0.3870 ] BL: version 1.0.1.17-t234-54845784-9b0d5809 last_boot_error: 0
20:21:34.757 - Info: [   0.4679 ] Sending bct_mem
20:21:34.885 - Info: [   0.4856 ] Sending blob
20:21:39.569 - Info: [   5.2927 ] RCM-boot started
20:21:39.570 - Info: 
20:21:39.583 - Info: /home/ckw/nvidia/nvidia_sdk/JetPack_7.2_Linux_JETSON_ORIN_NANO_TARGETS/Linux_for_Tegra
20:21:39.585 - Info: ***************************************
20:21:39.585 - Info: *                                     *
20:21:39.585 - Info: *  Step 3: Start the flashing process *
20:21:39.585 - Info: *                                     *
20:21:39.585 - Info: ***************************************
20:21:39.585 - Info: Mounting NFS folder  from this host
20:21:39.696 - Info: Waiting for target to boot-up...
20:21:40.775 - Info: Waiting for target to boot-up...
20:21:41.874 - Info: Waiting for target to boot-up...
20:21:43.461 - Info: Waiting for target to boot-up...
20:21:44.580 - Info: Waiting for target to boot-up...
20:21:45.673 - Info: Waiting for target to boot-up...
20:21:46.759 - Info: Waiting for target to boot-up...
20:21:47.842 - Info: Waiting for target to boot-up...
20:21:48.917 - Info: Waiting for target to boot-up...
20:21:50.014 - Info: Waiting for target to boot-up...
20:21:51.131 - Info: Waiting for target to boot-up...
20:21:52.203 - Info: Waiting for target to boot-up...
20:21:53.286 - Info: Waiting for target to boot-up...
20:21:54.453 - Info: Waiting for target to boot-up...
20:21:55.558 - Info: Waiting for target to boot-up...
20:21:56.638 - Info: Waiting for target to boot-up...
20:21:57.741 - Info: Waiting for target to boot-up...
20:21:58.850 - Info: Waiting for target to boot-up...
20:22:00.131 - Info: Waiting for target to boot-up...
20:22:01.318 - Info: Waiting for target to boot-up...
20:22:02.569 - Info: Waiting for target to boot-up...
20:22:03.787 - Info: Waiting for target to boot-up...
20:22:04.894 - Info: Waiting for target to boot-up...
20:22:06.171 - Info: Waiting for target to boot-up...
20:22:09.303 - Info: Waiting for device to expose ssh ......Waiting for device to expose ssh ...Run command: flash on fc00:1:1:0::2
20:22:18.571 - Info: 20:22:18.568 - Debug: Debug log saved to /tmp/tmp.mqQHwy5eDO.
20:22:18.795 - Info: SSH ready
20:22:19.181 - Info: blockdev: cannot open /dev/mmcblk0boot0: No such file or directory
20:22:19.212 - Info: 00:00:30.220 - Info: Serial Number: 1422425024584
20:22:19.216 - Info: 00:00:30.225 - Info: Starting to create the GPT for the eMMC.
20:22:19.220 - Info: 00:00:30.229 - Debug: Active index file is /mnt/internal/flash.idx
20:22:19.229 - Info: 00:00:30.238 - Debug: Number of lines is 61
20:22:19.232 - Info: 00:00:30.240 - Debug: max_index=60
20:22:19.988 - Info: 00:00:30.996 - Info: Successfully created the GPT for the eMMC.
20:22:19.992 - Info: 00:00:31.001 - Info: Starting to create the GPT for the external device.
20:22:19.996 - Info: 00:00:31.003 - Debug: Active index file is /mnt/external/flash.idx
20:22:20.004 - Info: 00:00:31.013 - Debug: Number of lines is 18
20:22:20.007 - Info: 00:00:31.016 - Debug: max_index=17
20:22:20.037 - Info: 00:00:31.046 - Debug: writing item=1, 9:0:primary_gpt, 512, 19968, gpt_primary_9_0.bin, 16896, fixed-<reserved>-0, 17d132adb33c518eda483c68d18e00a6654eb80a
20:22:20.037 - Info: 
20:22:20.116 - Info: sh: 1: udevadm: not found
20:22:20.118 - Info: sh: 1: udevadm: not found
20:22:20.138 - Info: 00:00:31.146 - Debug: Writing primary_gpt partition with gpt_primary_9_0.bin
20:22:20.163 - Info: 00:00:31.172 - Debug: Offset is not aligned to K Bytes, no optimization is applied
20:22:20.165 - Info: 00:00:31.174 - Debug: dd if=/mnt/external/gpt_primary_9_0.bin of=/dev/sda bs=1 skip=0  seek=512 count=16896
20:22:20.195 - Info: 16896+0 records in
20:22:20.195 - Info: 16896+0 records out
20:22:20.195 - Info: 16896 bytes (17 kB, 16 KiB) copied, 0.0254119 s, 665 kB/s
20:22:20.198 - Info: 00:00:31.207 - Debug: Writing primary_gpt partition done
20:22:20.206 - Info: Error: The backup GPT table is corrupt, but the primary appears OK, so that will be used.
20:22:20.206 - Info: Warning: Not all of the space available to /dev/sda appears to be used, you can fix the GPT to use all of the space (an extra 369340416 blocks) or continue with the current setting? 
20:22:20.245 - Info: sh: 1: udevadm: not found
20:22:20.250 - Info: sh: 1: udevadm: not found
20:22:20.509 - Info: 00:00:31.518 - Debug: Writing secondary_gpt partition with gpt_secondary_9_0.bin
20:22:20.536 - Info: 00:00:31.545 - Debug: Offset is not aligned to K Bytes, no optimization is applied
20:22:20.538 - Info: 00:00:31.547 - Debug: dd if=/mnt/external/gpt_secondary_9_0.bin of=/dev/sda bs=1 skip=0  seek=61203267072 count=16896
20:22:20.569 - Info: 16896+0 records in
20:22:20.569 - Info: 16896+0 records out
20:22:20.569 - Info: 16896 bytes (17 kB, 16 KiB) copied, 0.0265107 s, 637 kB/s
20:22:20.572 - Info: 00:00:31.581 - Debug: Writing secondary_gpt partition done
20:22:20.590 - Info: 
20:22:20.590 - Info:                                                                           
20:22:20.590 - Info: 
20:22:20.590 - Info:                                                                           
20:22:20.590 - Info: Fix/Ignore? Fix
20:22:20.590 - Info: Warning: Not all of the space available to /dev/sda appears to be used, you can fix the GPT to use all of the space (an extra 369340416 blocks) or continue with the current setting? 
20:22:20.661 - Info: Model:  USB  SanDisk 3.2Gen1 (scsi)
20:22:20.661 - Info: Disk /dev/sda: 250GB
20:22:20.661 - Info: Sector size (logical/physical): 512B/512B
20:22:20.661 - Info: Partition Table: gpt
20:22:20.661 - Info: Disk Flags: 
20:22:20.661 - Info: 
20:22:20.661 - Info: Number  Start   End     Size    File system  Name                Flags
20:22:20.661 - Info:  2      20.5kB  134MB   134MB                A_kernel            msftdata
20:22:20.661 - Info:  3      134MB   135MB   786kB                A_kernel-dtb        msftdata
20:22:20.661 - Info:  4      135MB   168MB   33.2MB               A_reserved_on_user  msftdata
20:22:20.661 - Info:  5      168MB   302MB   134MB                B_kernel            msftdata
20:22:20.661 - Info:  6      302MB   303MB   786kB                B_kernel-dtb        msftdata
20:22:20.661 - Info:  7      303MB   336MB   33.2MB               B_reserved_on_user  msftdata
20:22:20.661 - Info:  8      336MB   441MB   105MB                recovery            msftdata
20:22:20.661 - Info:  9      441MB   442MB   524kB                recovery-dtb        msftdata
20:22:20.661 - Info: 10      442MB   509MB   67.1MB  fat32        esp                 boot, esp
20:22:20.661 - Info: 11      509MB   614MB   105MB                recovery_alt        msftdata
20:22:20.661 - Info: 12      614MB   614MB   524kB                recovery-dtb_alt    msftdata
20:22:20.661 - Info: 13      614MB   681MB   67.1MB               esp_alt             msftdata
20:22:20.661 - Info: 14      681MB   1101MB  419MB                UDA                 msftdata
20:22:20.661 - Info: 15      1101MB  1604MB  503MB                reserved            msftdata
20:22:20.661 - Info:  1      1604MB  61.2GB  59.6GB  ext4         APP                 msftdata
20:22:20.661 - Info: 
20:22:20.664 - Info: 00:00:31.671 - Debug: Expanding last partition to fill the storage device
20:22:20.724 - Info: sh: 1: udevadm: not found
20:22:20.726 - Info: sh: 1: udevadm: not found
20:22:20.729 - Info: 00:00:31.738 - Info: Successfully created the GPT for the external device.
20:22:20.733 - Info: 00:00:31.742 - Info: Starting to flash the eMMC.
20:22:20.733 - Info: 00:00:31.742 - Info: Starting to flash the external device.
20:22:20.737 - Info: 00:00:31.745 - Debug: Active index file is /mnt/external/flash.idx
20:22:20.737 - Info: 00:00:31.745 - Debug: Active index file is /mnt/internal/flash.idx
20:22:20.738 - Info: 00:00:31.747 - Debug: Flash index file is /mnt/internal/flash.idx
20:22:20.742 - Info: 00:00:31.750 - Debug: Number of lines is 61
20:22:20.744 - Info: 00:00:31.752 - Debug: Number of lines is 18
20:22:20.744 - Info: 00:00:31.752 - Debug: Number of lines is 61
20:22:20.746 - Info: 00:00:31.754 - Debug: max_index=60
20:22:20.747 - Info: 00:00:31.756 - Debug: max_index=17
20:22:20.747 - Info: 00:00:31.756 - Debug: max_index=60
20:22:20.755 - Info: 00:00:31.763 - Info: Starting to flash the QSPI.
20:22:20.758 - Info: 
20:22:20.764 - Info: Erasing 65536 Kibyte @ 0 --  0 % complete 00:00:31.771 - Debug: writing item=0, 9:0:master_boot_record, 0, 512, mbr_9_0.bin, 512, fixed-<reserved>-0, 694898d1c345bdb31b377790ed7fc0b0db184bf7
20:22:20.764 - Info: 
20:22:20.784 - Info: 00:00:31.792 - Debug: writing item=1, 9:0:primary_gpt, 512, 19968, gpt_primary_9_0.bin, 16896, fixed-<reserved>-0, 17d132adb33c518eda483c68d18e00a6654eb80a
20:22:20.784 - Info: 
20:22:20.804 - Info: 00:00:31.811 - Debug: writing item=2, 9:0:A_kernel, 20480, 134217728, boot.img, 64847872, fixed-<reserved>-2, cc0dce2bbbc34e77355862a741fb135a9754db5a
20:22:20.804 - Info: 
20:22:20.840 - Info: 00:00:31.848 - Debug: Writing A_kernel partition with boot.img
20:22:21.307 - Info: 00:00:32.315 - Debug: 64847872 bytes from /mnt/external/boot.img to /dev/sda: 1KB block=63328 remainder=0
20:22:21.312 - Info: 00:00:32.320 - Debug: dd if=/mnt/external/boot.img of=/dev/sda bs=1K skip=0  seek=20 count=63328
20:22:21.572 - Info: 00:00:32.580 - Info: Successfully flashed the eMMC.
20:22:24.330 - Info: 63328+0 records in
20:22:24.330 - Info: 63328+0 records out
20:22:24.330 - Info: 64847872 bytes (65 MB, 62 MiB) copied, 3.01329 s, 21.5 MB/s
20:22:24.338 - Info: 00:00:35.345 - Debug: Writing A_kernel partition done
20:22:24.355 - Info: 00:00:35.363 - Debug: writing item=3, 9:0:A_kernel-dtb, 134238208, 786432, kernel_tegra234-p3768-0000+p3767-0005-nv-super.dtb, 209221, fixed-<reserved>-3, dcd207a2c1e61fa02f22ca03d9525c4e216ab57f
20:22:24.355 - Info: 
20:22:24.388 - Info: 00:00:35.396 - Debug: Writing A_kernel-dtb partition with kernel_tegra234-p3768-0000+p3767-0005-nv-super.dtb
20:22:24.421 - Info: 00:00:35.429 - Debug: 209221 bytes from /mnt/external/kernel_tegra234-p3768-0000+p3767-0005-nv-super.dtb to /dev/sda: 1KB block=204 remainder=325
20:22:24.426 - Info: 00:00:35.434 - Debug: dd if=/mnt/external/kernel_tegra234-p3768-0000+p3767-0005-nv-super.dtb of=/dev/sda bs=1K skip=0  seek=131092 count=204
20:22:24.446 - Info: 204+0 records in
20:22:24.446 - Info: 204+0 records out
20:22:24.446 - Info: 208896 bytes (209 kB, 204 KiB) copied, 0.0155836 s, 13.4 MB/s
20:22:24.451 - Info: 00:00:35.459 - Debug: dd if=/mnt/external/kernel_tegra234-p3768-0000+p3767-0005-nv-super.dtb of=/dev/sda bs=1 skip=208896  seek=134447104 count=325
20:22:24.460 - Info: 325+0 records in
20:22:24.460 - Info: 325+0 records out
20:22:24.460 - Info: 325 bytes copied, 0.00467254 s, 69.6 kB/s
20:22:24.466 - Info: 00:00:35.474 - Debug: Writing A_kernel-dtb partition done
20:22:24.484 - Info: 00:00:35.492 - Debug: writing item=4, 9:0:A_reserved_on_user, 135024640, 33161216, , , fixed-<reserved>-4, 
20:22:24.484 - Info: 
20:22:24.515 - Info: 00:00:35.523 - Warning: Skip writing A_reserved_on_user partition as no image is specified
20:22:24.532 - Info: 00:00:35.539 - Debug: writing item=5, 9:0:B_kernel, 168185856, 134217728, boot.img, 64847872, fixed-<reserved>-5, cc0dce2bbbc34e77355862a741fb135a9754db5a
20:22:24.532 - Info: 
20:22:24.562 - Info: 00:00:35.571 - Debug: Writing B_kernel partition with boot.img
20:22:24.588 - Info: 00:00:35.597 - Debug: 64847872 bytes from /mnt/external/boot.img to /dev/sda: 1KB block=63328 remainder=0
20:22:24.592 - Info: 00:00:35.600 - Debug: dd if=/mnt/external/boot.img of=/dev/sda bs=1K skip=0  seek=164244 count=63328
20:22:27.429 - Info: 63328+0 records in
20:22:27.430 - Info: 63328+0 records out
20:22:27.430 - Info: 64847872 bytes (65 MB, 62 MiB) copied, 2.83077 s, 22.9 MB/s
20:22:27.434 - Info: 00:00:38.442 - Debug: Writing B_kernel partition done
20:22:27.452 - Info: 00:00:38.460 - Debug: writing item=6, 9:0:B_kernel-dtb, 302403584, 786432, kernel_tegra234-p3768-0000+p3767-0005-nv-super.dtb, 209221, fixed-<reserved>-6, dcd207a2c1e61fa02f22ca03d9525c4e216ab57f
20:22:27.452 - Info: 
20:22:27.483 - Info: 00:00:38.491 - Debug: Writing B_kernel-dtb partition with kernel_tegra234-p3768-0000+p3767-0005-nv-super.dtb
20:22:27.506 - Info: 00:00:38.512 - Debug: 209221 bytes from /mnt/external/kernel_tegra234-p3768-0000+p3767-0005-nv-super.dtb to /dev/sda: 1KB block=204 remainder=325
20:22:27.509 - Info: 00:00:38.517 - Debug: dd if=/mnt/external/kernel_tegra234-p3768-0000+p3767-0005-nv-super.dtb of=/dev/sda bs=1K skip=0  seek=295316 count=204
20:22:27.527 - Info: 204+0 records in
20:22:27.528 - Info: 204+0 records out
20:22:27.528 - Info: 208896 bytes (209 kB, 204 KiB) copied, 0.0144392 s, 14.5 MB/s
20:22:27.531 - Info: 00:00:38.537 - Debug: dd if=/mnt/external/kernel_tegra234-p3768-0000+p3767-0005-nv-super.dtb of=/dev/sda bs=1 skip=208896  seek=302612480 count=325
20:22:27.535 - Info: 325+0 records in
20:22:27.536 - Info: 325+0 records out
20:22:27.536 - Info: 325 bytes copied, 0.00150352 s, 216 kB/s
20:22:27.543 - Info: 00:00:38.548 - Debug: Writing B_kernel-dtb partition done
20:22:27.563 - Info: 00:00:38.565 - Debug: writing item=7, 9:0:B_reserved_on_user, 303190016, 33161216, , , fixed-<reserved>-7, 
20:22:27.563 - Info: 
20:22:27.590 - Info: 00:00:38.595 - Warning: Skip writing B_reserved_on_user partition as no image is specified
20:22:27.605 - Info: 00:00:38.612 - Debug: writing item=8, 9:0:recovery, 336351232, 104857600, recovery.img, 70492160, fixed-<reserved>-8, f70ce9fe986963acb03e2bad350774609cb15285
20:22:27.605 - Info: 
20:22:27.636 - Info: 00:00:38.645 - Debug: Writing recovery partition with recovery.img
20:22:28.181 - Info: 00:00:39.184 - Debug: 70492160 bytes from /mnt/external/recovery.img to /dev/sda: 1KB block=68840 remainder=0
20:22:28.181 - Info: 00:00:39.187 - Debug: dd if=/mnt/external/recovery.img of=/dev/sda bs=1K skip=0  seek=328468 count=68840
20:22:31.881 - Info: 68840+0 records in
20:22:31.881 - Info: 68840+0 records out
20:22:31.881 - Info: 70492160 bytes (70 MB, 67 MiB) copied, 3.6992 s, 19.1 MB/s
20:22:31.889 - Info: 00:00:42.896 - Debug: Writing recovery partition done
20:22:31.907 - Info: 00:00:42.914 - Debug: writing item=9, 9:0:recovery-dtb, 441208832, 524288, tegra234-p3768-0000+p3767-0005-nv-super.dtb.rec, 209221, fixed-<reserved>-9, dcd207a2c1e61fa02f22ca03d9525c4e216ab57f
20:22:31.908 - Info: 
20:22:31.941 - Info: 00:00:42.948 - Debug: Writing recovery-dtb partition with tegra234-p3768-0000+p3767-0005-nv-super.dtb.rec
20:22:31.977 - Info: 00:00:42.985 - Debug: 209221 bytes from /mnt/external/tegra234-p3768-0000+p3767-0005-nv-super.dtb.rec to /dev/sda: 1KB block=204 remainder=325
20:22:31.982 - Info: 00:00:42.990 - Debug: dd if=/mnt/external/tegra234-p3768-0000+p3767-0005-nv-super.dtb.rec of=/dev/sda bs=1K skip=0  seek=430868 count=204
20:22:31.996 - Info: 204+0 records in
20:22:31.996 - Info: 204+0 records out
20:22:31.996 - Info: 208896 bytes (209 kB, 204 KiB) copied, 0.0123086 s, 17.0 MB/s
20:22:32.002 - Info: 00:00:43.009 - Debug: dd if=/mnt/external/tegra234-p3768-0000+p3767-0005-nv-super.dtb.rec of=/dev/sda bs=1 skip=208896  seek=441417728 count=325
20:22:32.004 - Info: 325+0 records in
20:22:32.004 - Info: 325+0 records out
20:22:32.004 - Info: 325 bytes copied, 0.00148986 s, 218 kB/s
20:22:32.012 - Info: 00:00:43.019 - Debug: Writing recovery-dtb partition done
20:22:32.027 - Info: 00:00:43.035 - Debug: writing item=10, 9:0:esp, 441733120, 67108864, esp.img, 67108864, fixed-<reserved>-10, 54e8b305cd70efa26b8517060009e2200b09e81f
20:22:32.027 - Info: 
20:22:32.060 - Info: 00:00:43.068 - Debug: Writing esp partition with esp.img
20:22:32.586 - Info: 00:00:43.592 - Debug: 67108864 bytes from /mnt/external/esp.img to /dev/sda: 1KB block=65536 remainder=0
20:22:32.588 - Info: 00:00:43.597 - Debug: dd if=/mnt/external/esp.img of=/dev/sda bs=1K skip=0  seek=431380 count=65536
20:22:35.778 - Info: 65536+0 records in
20:22:35.778 - Info: 65536+0 records out
20:22:35.778 - Info: 67108864 bytes (67 MB, 64 MiB) copied, 3.18679 s, 21.1 MB/s
20:22:35.785 - Info: 00:00:46.793 - Debug: Writing esp partition done
20:22:35.804 - Info: 00:00:46.811 - Debug: writing item=11, 9:0:recovery_alt, 508841984, 104857600, , , fixed-<reserved>-11, 
20:22:35.804 - Info: 
20:22:35.835 - Info: 00:00:46.843 - Warning: Skip writing recovery_alt partition as no image is specified
20:22:35.853 - Info: 00:00:46.859 - Debug: writing item=12, 9:0:recovery-dtb_alt, 613699584, 524288, , , fixed-<reserved>-12, 
20:22:35.853 - Info: 
20:22:35.885 - Info: 00:00:46.892 - Warning: Skip writing recovery-dtb_alt partition as no image is specified
20:22:35.901 - Info: 00:00:46.908 - Debug: writing item=13, 9:0:esp_alt, 614223872, 67108864, , , fixed-<reserved>-13, 
20:22:35.901 - Info: 
20:22:35.931 - Info: 00:00:46.939 - Warning: Skip writing esp_alt partition as no image is specified
20:22:35.948 - Info: 00:00:46.955 - Debug: writing item=14, 9:0:UDA, 681345024, 419430400, , , fixed-<reserved>-14, 
20:22:35.948 - Info: 
20:22:35.961 - Info: 00:00:46.968 - Debug: Skip writing UDA partition
20:22:35.978 - Info: 00:00:46.985 - Debug: writing item=15, 9:0:reserved, 1100775424, 502792192, , , fixed-<reserved>-15, 
20:22:35.978 - Info: 
20:22:36.011 - Info: 00:00:47.018 - Warning: Skip writing reserved partition as no image is specified
20:22:36.028 - Info: 00:00:47.035 - Debug: writing item=16, 9:0:APP, 1603567616, 59599695872, , , expand-<reserved>-1, 
20:22:36.028 - Info: 
20:22:36.511 - Info: 00:00:47.519 - Debug: Formatting APP partition /dev/sda1 ...
20:22:36.514 - Info: mke2fs 1.47.0 (5-Feb-2023)
20:22:36.519 - Info: Creating filesystem with 60718259 4k blocks and 15179776 inodes
20:22:36.519 - Info: Filesystem UUID: b7eceaff-ff46-4ca2-9a0e-5b227ed64f3b
20:22:36.519 - Info: Superblock backups stored on blocks: 
20:22:36.519 - Info: 	32768, 98304, 163840, 229376, 294912, 819200, 884736, 1605632, 2654208, 
20:22:36.519 - Info: 	4096000, 7962624, 11239424, 20480000, 23887872
20:22:36.519 - Info: 
20:22:36.520 - Info: Allocating group tables:    0/1853         done                            
20:22:36.615 - Info: Writing inode tables:    0/1853         done                            
20:22:38.620 - Info: Creating journal (262144 blocks): done
20:22:59.097 - Info: Writing superblocks and filesystem accounting information:    0/1853         done
20:22:59.097 - Info: 
20:22:59.101 - Info: 00:01:10.109 - Debug: Formatting APP parition done
20:22:59.132 - Info: 00:01:10.140 - Debug: Formatting APP partition /dev/sda1 ...
20:22:59.136 - Info: 00:01:10.144 - Debug: tar --checkpoint-action="ttyout=Hit %s checkpoint #%u%*
20:22:59.136 - Info: " -x -I 'zstd -T0' -pf /mnt/external/system.img  --warning=no-timestamp --numeric-owner --xattrs --xattrs-include=*  -C  /tmp/ci-Ps0aCYBpZq
20:25:07.229 - Info: 
20:25:07.229 - Info: Erasing 65536 Kibyte @ 0 -- 100 % complete 
20:25:07.244 - Info: 00:03:18.249 - Debug: Flash index file is /mnt/internal/flash.idx
20:25:07.247 - Info: 00:03:18.253 - Debug: Number of lines is 61
20:25:07.250 - Info: 00:03:18.256 - Debug: max_index=60
20:25:07.274 - Info: 00:03:18.279 - Debug: Writing br_bct_BR.bct (parittion: BCT) into /dev/mtd0
20:25:07.290 - Info: 00:03:18.296 - Debug: Sha1 checksum matched for /mnt/internal/br_bct_BR.bct
20:25:07.293 - Info: 00:03:18.299 - Debug: Writing /mnt/internal/br_bct_BR.bct (8192 bytes) into  /dev/mtd0:0
20:25:07.308 - Info: Copied 8192 bytes from /mnt/internal/br_bct_BR.bct to address 0x00000000 in flash
20:25:07.310 - Info: 00:03:18.316 - Debug: QSPI erase block size is 16384
20:25:07.313 - Info: 00:03:18.319 - Debug: Writing 64 copies of /mnt/internal/br_bct_BR.bct
20:25:07.316 - Info: 00:03:18.322 - Debug: Writing /mnt/internal/br_bct_BR.bct (8192 bytes) into  /dev/mtd0:16384
20:25:07.329 - Info: Copied 8192 bytes from /mnt/internal/br_bct_BR.bct to address 0x00004000 in flash
20:25:07.332 - Info: 00:03:18.337 - Debug: Writing /mnt/internal/br_bct_BR.bct (8192 bytes) into  /dev/mtd0:32768
20:25:07.345 - Info: Copied 8192 bytes from /mnt/internal/br_bct_BR.bct to address 0x00008000 in flash
20:25:07.347 - Info: 00:03:18.353 - Debug: Writing /mnt/internal/br_bct_BR.bct (8192 bytes) into  /dev/mtd0:49152
20:25:07.361 - Info: Copied 8192 bytes from /mnt/internal/br_bct_BR.bct to address 0x0000c000 in flash
20:25:07.363 - Info: 00:03:18.369 - Debug: Writing /mnt/internal/br_bct_BR.bct (8192 bytes) into  /dev/mtd0:65536
20:25:07.376 - Info: Copied 8192 bytes from /mnt/internal/br_bct_BR.bct to address 0x00010000 in flash
20:25:07.379 - Info: 00:03:18.384 - Debug: Writing /mnt/internal/br_bct_BR.bct (8192 bytes) into  /dev/mtd0:81920
20:25:07.394 - Info: Copied 8192 bytes from /mnt/internal/br_bct_BR.bct to address 0x00014000 in flash
20:25:07.395 - Info: 00:03:18.401 - Debug: Writing /mnt/internal/br_bct_BR.bct (8192 bytes) into  /dev/mtd0:98304
20:25:07.409 - Info: Copied 8192 bytes from /mnt/internal/br_bct_BR.bct to address 0x00018000 in flash
20:25:07.411 - Info: 00:03:18.416 - Debug: Writing /mnt/internal/br_bct_BR.bct (8192 bytes) into  /dev/mtd0:114688
20:25:07.424 - Info: Copied 8192 bytes from /mnt/internal/br_bct_BR.bct to address 0x0001c000 in flash
20:25:07.427 - Info: 00:03:18.432 - Debug: Writing /mnt/internal/br_bct_BR.bct (8192 bytes) into  /dev/mtd0:131072
20:25:07.439 - Info: Copied 8192 bytes from /mnt/internal/br_bct_BR.bct to address 0x00020000 in flash
20:25:07.443 - Info: 00:03:18.448 - Debug: Writing /mnt/internal/br_bct_BR.bct (8192 bytes) into  /dev/mtd0:147456
20:25:07.456 - Info: Copied 8192 bytes from /mnt/internal/br_bct_BR.bct to address 0x00024000 in flash
20:25:07.458 - Info: 00:03:18.464 - Debug: Writing /mnt/internal/br_bct_BR.bct (8192 bytes) into  /dev/mtd0:163840
20:25:07.472 - Info: Copied 8192 bytes from /mnt/internal/br_bct_BR.bct to address 0x00028000 in flash
20:25:07.474 - Info: 00:03:18.480 - Debug: Writing /mnt/internal/br_bct_BR.bct (8192 bytes) into  /dev/mtd0:180224
20:25:07.488 - Info: Copied 8192 bytes from /mnt/internal/br_bct_BR.bct to address 0x0002c000 in flash
20:25:07.490 - Info: 00:03:18.495 - Debug: Writing /mnt/internal/br_bct_BR.bct (8192 bytes) into  /dev/mtd0:196608
20:25:07.504 - Info: Copied 8192 bytes from /mnt/internal/br_bct_BR.bct to address 0x00030000 in flash
20:25:07.506 - Info: 00:03:18.511 - Debug: Writing /mnt/internal/br_bct_BR.bct (8192 bytes) into  /dev/mtd0:212992
20:25:07.519 - Info: Copied 8192 bytes from /mnt/internal/br_bct_BR.bct to address 0x00034000 in flash
20:25:07.521 - Info: 00:03:18.527 - Debug: Writing /mnt/internal/br_bct_BR.bct (8192 bytes) into  /dev/mtd0:229376
20:25:07.543 - Info: Copied 8192 bytes from /mnt/internal/br_bct_BR.bct to address 0x00038000 in flash
20:25:07.543 - Info: 00:03:18.543 - Debug: Writing /mnt/internal/br_bct_BR.bct (8192 bytes) into  /dev/mtd0:245760
20:25:07.551 - Info: Copied 8192 bytes from /mnt/internal/br_bct_BR.bct to address 0x0003c000 in flash
20:25:07.554 - Info: 00:03:18.559 - Debug: Writing /mnt/internal/br_bct_BR.bct (8192 bytes) into  /dev/mtd0:262144
20:25:07.567 - Info: Copied 8192 bytes from /mnt/internal/br_bct_BR.bct to address 0x00040000 in flash
20:25:07.570 - Info: 00:03:18.575 - Debug: Writing /mnt/internal/br_bct_BR.bct (8192 bytes) into  /dev/mtd0:278528
20:25:07.583 - Info: Copied 8192 bytes from /mnt/internal/br_bct_BR.bct to address 0x00044000 in flash
20:25:07.586 - Info: 00:03:18.591 - Debug: Writing /mnt/internal/br_bct_BR.bct (8192 bytes) into  /dev/mtd0:294912
20:25:07.600 - Info: Copied 8192 bytes from /mnt/internal/br_bct_BR.bct to address 0x00048000 in flash
20:25:07.602 - Info: 00:03:18.607 - Debug: Writing /mnt/internal/br_bct_BR.bct (8192 bytes) into  /dev/mtd0:311296
20:25:07.614 - Info: Copied 8192 bytes from /mnt/internal/br_bct_BR.bct to address 0x0004c000 in flash
20:25:07.618 - Info: 00:03:18.623 - Debug: Writing /mnt/internal/br_bct_BR.bct (8192 bytes) into  /dev/mtd0:327680
20:25:07.631 - Info: Copied 8192 bytes from /mnt/internal/br_bct_BR.bct to address 0x00050000 in flash
20:25:07.633 - Info: 00:03:18.639 - Debug: Writing /mnt/internal/br_bct_BR.bct (8192 bytes) into  /dev/mtd0:344064
20:25:07.647 - Info: Copied 8192 bytes from /mnt/internal/br_bct_BR.bct to address 0x00054000 in flash
20:25:07.649 - Info: 00:03:18.655 - Debug: Writing /mnt/internal/br_bct_BR.bct (8192 bytes) into  /dev/mtd0:360448
20:25:07.663 - Info: Copied 8192 bytes from /mnt/internal/br_bct_BR.bct to address 0x00058000 in flash
20:25:07.665 - Info: 00:03:18.671 - Debug: Writing /mnt/internal/br_bct_BR.bct (8192 bytes) into  /dev/mtd0:376832
20:25:07.678 - Info: Copied 8192 bytes from /mnt/internal/br_bct_BR.bct to address 0x0005c000 in flash
20:25:07.681 - Info: 00:03:18.687 - Debug: Writing /mnt/internal/br_bct_BR.bct (8192 bytes) into  /dev/mtd0:393216
20:25:07.694 - Info: Copied 8192 bytes from /mnt/internal/br_bct_BR.bct to address 0x00060000 in flash
20:25:07.697 - Info: 00:03:18.703 - Debug: Writing /mnt/internal/br_bct_BR.bct (8192 bytes) into  /dev/mtd0:409600
20:25:07.710 - Info: Copied 8192 bytes from /mnt/internal/br_bct_BR.bct to address 0x00064000 in flash
20:25:07.713 - Info: 00:03:18.718 - Debug: Writing /mnt/internal/br_bct_BR.bct (8192 bytes) into  /dev/mtd0:425984
20:25:07.726 - Info: Copied 8192 bytes from /mnt/internal/br_bct_BR.bct to address 0x00068000 in flash
20:25:07.728 - Info: 00:03:18.734 - Debug: Writing /mnt/internal/br_bct_BR.bct (8192 bytes) into  /dev/mtd0:442368
20:25:07.742 - Info: Copied 8192 bytes from /mnt/internal/br_bct_BR.bct to address 0x0006c000 in flash
20:25:07.744 - Info: 00:03:18.750 - Debug: Writing /mnt/internal/br_bct_BR.bct (8192 bytes) into  /dev/mtd0:458752
20:25:07.758 - Info: Copied 8192 bytes from /mnt/internal/br_bct_BR.bct to address 0x00070000 in flash
20:25:07.760 - Info: 00:03:18.766 - Debug: Writing /mnt/internal/br_bct_BR.bct (8192 bytes) into  /dev/mtd0:475136
20:25:07.774 - Info: Copied 8192 bytes from /mnt/internal/br_bct_BR.bct to address 0x00074000 in flash
20:25:07.776 - Info: 00:03:18.782 - Debug: Writing /mnt/internal/br_bct_BR.bct (8192 bytes) into  /dev/mtd0:491520
20:25:07.790 - Info: Copied 8192 bytes from /mnt/internal/br_bct_BR.bct to address 0x00078000 in flash
20:25:07.793 - Info: 00:03:18.798 - Debug: Writing /mnt/internal/br_bct_BR.bct (8192 bytes) into  /dev/mtd0:507904
20:25:07.807 - Info: Copied 8192 bytes from /mnt/internal/br_bct_BR.bct to address 0x0007c000 in flash
20:25:07.810 - Info: 00:03:18.814 - Debug: Writing /mnt/internal/br_bct_BR.bct (8192 bytes) into  /dev/mtd0:524288
20:25:07.822 - Info: Copied 8192 bytes from /mnt/internal/br_bct_BR.bct to address 0x00080000 in flash
20:25:07.825 - Info: 00:03:18.831 - Debug: Writing /mnt/internal/br_bct_BR.bct (8192 bytes) into  /dev/mtd0:540672
20:25:07.839 - Info: Copied 8192 bytes from /mnt/internal/br_bct_BR.bct to address 0x00084000 in flash
20:25:07.841 - Info: 00:03:18.847 - Debug: Writing /mnt/internal/br_bct_BR.bct (8192 bytes) into  /dev/mtd0:557056
20:25:07.854 - Info: Copied 8192 bytes from /mnt/internal/br_bct_BR.bct to address 0x00088000 in flash
20:25:07.857 - Info: 00:03:18.863 - Debug: Writing /mnt/internal/br_bct_BR.bct (8192 bytes) into  /dev/mtd0:573440
20:25:07.871 - Info: Copied 8192 bytes from /mnt/internal/br_bct_BR.bct to address 0x0008c000 in flash
20:25:07.873 - Info: 00:03:18.879 - Debug: Writing /mnt/internal/br_bct_BR.bct (8192 bytes) into  /dev/mtd0:589824
20:25:07.887 - Info: Copied 8192 bytes from /mnt/internal/br_bct_BR.bct to address 0x00090000 in flash
20:25:07.889 - Info: 00:03:18.895 - Debug: Writing /mnt/internal/br_bct_BR.bct (8192 bytes) into  /dev/mtd0:606208
20:25:07.904 - Info: Copied 8192 bytes from /mnt/internal/br_bct_BR.bct to address 0x00094000 in flash
20:25:07.905 - Info: 00:03:18.911 - Debug: Writing /mnt/internal/br_bct_BR.bct (8192 bytes) into  /dev/mtd0:622592
20:25:07.919 - Info: Copied 8192 bytes from /mnt/internal/br_bct_BR.bct to address 0x00098000 in flash
20:25:07.922 - Info: 00:03:18.927 - Debug: Writing /mnt/internal/br_bct_BR.bct (8192 bytes) into  /dev/mtd0:638976
20:25:07.936 - Info: Copied 8192 bytes from /mnt/internal/br_bct_BR.bct to address 0x0009c000 in flash
20:25:07.939 - Info: 00:03:18.944 - Debug: Writing /mnt/internal/br_bct_BR.bct (8192 bytes) into  /dev/mtd0:655360
20:25:07.953 - Info: Copied 8192 bytes from /mnt/internal/br_bct_BR.bct to address 0x000a0000 in flash
20:25:07.955 - Info: 00:03:18.960 - Debug: Writing /mnt/internal/br_bct_BR.bct (8192 bytes) into  /dev/mtd0:671744
20:25:07.969 - Info: Copied 8192 bytes from /mnt/internal/br_bct_BR.bct to address 0x000a4000 in flash
20:25:07.972 - Info: 00:03:18.977 - Debug: Writing /mnt/internal/br_bct_BR.bct (8192 bytes) into  /dev/mtd0:688128
20:25:07.986 - Info: Copied 8192 bytes from /mnt/internal/br_bct_BR.bct to address 0x000a8000 in flash
20:25:07.987 - Info: 00:03:18.993 - Debug: Writing /mnt/internal/br_bct_BR.bct (8192 bytes) into  /dev/mtd0:704512
20:25:08.002 - Info: Copied 8192 bytes from /mnt/internal/br_bct_BR.bct to address 0x000ac000 in flash
20:25:08.005 - Info: 00:03:19.009 - Debug: Writing /mnt/internal/br_bct_BR.bct (8192 bytes) into  /dev/mtd0:720896
20:25:08.018 - Info: Copied 8192 bytes from /mnt/internal/br_bct_BR.bct to address 0x000b0000 in flash
20:25:08.020 - Info: 00:03:19.025 - Debug: Writing /mnt/internal/br_bct_BR.bct (8192 bytes) into  /dev/mtd0:737280
20:25:08.033 - Info: Copied 8192 bytes from /mnt/internal/br_bct_BR.bct to address 0x000b4000 in flash
20:25:08.037 - Info: 00:03:19.042 - Debug: Writing /mnt/internal/br_bct_BR.bct (8192 bytes) into  /dev/mtd0:753664
20:25:08.050 - Info: Copied 8192 bytes from /mnt/internal/br_bct_BR.bct to address 0x000b8000 in flash
20:25:08.053 - Info: 00:03:19.058 - Debug: Writing /mnt/internal/br_bct_BR.bct (8192 bytes) into  /dev/mtd0:770048
20:25:08.066 - Info: Copied 8192 bytes from /mnt/internal/br_bct_BR.bct to address 0x000bc000 in flash
20:25:08.069 - Info: 00:03:19.074 - Debug: Writing /mnt/internal/br_bct_BR.bct (8192 bytes) into  /dev/mtd0:786432
20:25:08.082 - Info: Copied 8192 bytes from /mnt/internal/br_bct_BR.bct to address 0x000c0000 in flash
20:25:08.085 - Info: 00:03:19.090 - Debug: Writing /mnt/internal/br_bct_BR.bct (8192 bytes) into  /dev/mtd0:802816
20:25:08.099 - Info: Copied 8192 bytes from /mnt/internal/br_bct_BR.bct to address 0x000c4000 in flash
20:25:08.102 - Info: 00:03:19.107 - Debug: Writing /mnt/internal/br_bct_BR.bct (8192 bytes) into  /dev/mtd0:819200
20:25:08.114 - Info: Copied 8192 bytes from /mnt/internal/br_bct_BR.bct to address 0x000c8000 in flash
20:25:08.117 - Info: 00:03:19.123 - Debug: Writing /mnt/internal/br_bct_BR.bct (8192 bytes) into  /dev/mtd0:835584
20:25:08.131 - Info: Copied 8192 bytes from /mnt/internal/br_bct_BR.bct to address 0x000cc000 in flash
20:25:08.133 - Info: 00:03:19.138 - Debug: Writing /mnt/internal/br_bct_BR.bct (8192 bytes) into  /dev/mtd0:851968
20:25:08.148 - Info: Copied 8192 bytes from /mnt/internal/br_bct_BR.bct to address 0x000d0000 in flash
20:25:08.150 - Info: 00:03:19.155 - Debug: Writing /mnt/internal/br_bct_BR.bct (8192 bytes) into  /dev/mtd0:868352
20:25:08.163 - Info: Copied 8192 bytes from /mnt/internal/br_bct_BR.bct to address 0x000d4000 in flash
20:25:08.167 - Info: 00:03:19.171 - Debug: Writing /mnt/internal/br_bct_BR.bct (8192 bytes) into  /dev/mtd0:884736
20:25:08.180 - Info: Copied 8192 bytes from /mnt/internal/br_bct_BR.bct to address 0x000d8000 in flash
20:25:08.182 - Info: 00:03:19.188 - Debug: Writing /mnt/internal/br_bct_BR.bct (8192 bytes) into  /dev/mtd0:901120
20:25:08.196 - Info: Copied 8192 bytes from /mnt/internal/br_bct_BR.bct to address 0x000dc000 in flash
20:25:08.199 - Info: 00:03:19.204 - Debug: Writing /mnt/internal/br_bct_BR.bct (8192 bytes) into  /dev/mtd0:917504
20:25:08.212 - Info: Copied 8192 bytes from /mnt/internal/br_bct_BR.bct to address 0x000e0000 in flash
20:25:08.215 - Info: 00:03:19.220 - Debug: Writing /mnt/internal/br_bct_BR.bct (8192 bytes) into  /dev/mtd0:933888
20:25:08.228 - Info: Copied 8192 bytes from /mnt/internal/br_bct_BR.bct to address 0x000e4000 in flash
20:25:08.231 - Info: 00:03:19.236 - Debug: Writing /mnt/internal/br_bct_BR.bct (8192 bytes) into  /dev/mtd0:950272
20:25:08.244 - Info: Copied 8192 bytes from /mnt/internal/br_bct_BR.bct to address 0x000e8000 in flash
20:25:08.247 - Info: 00:03:19.252 - Debug: Writing /mnt/internal/br_bct_BR.bct (8192 bytes) into  /dev/mtd0:966656
20:25:08.260 - Info: Copied 8192 bytes from /mnt/internal/br_bct_BR.bct to address 0x000ec000 in flash
20:25:08.263 - Info: 00:03:19.268 - Debug: Writing /mnt/internal/br_bct_BR.bct (8192 bytes) into  /dev/mtd0:983040
20:25:08.276 - Info: Copied 8192 bytes from /mnt/internal/br_bct_BR.bct to address 0x000f0000 in flash
20:25:08.279 - Info: 00:03:19.284 - Debug: Writing /mnt/internal/br_bct_BR.bct (8192 bytes) into  /dev/mtd0:999424
20:25:08.292 - Info: Copied 8192 bytes from /mnt/internal/br_bct_BR.bct to address 0x000f4000 in flash
20:25:08.295 - Info: 00:03:19.300 - Debug: Writing /mnt/internal/br_bct_BR.bct (8192 bytes) into  /dev/mtd0:1015808
20:25:08.309 - Info: Copied 8192 bytes from /mnt/internal/br_bct_BR.bct to address 0x000f8000 in flash
20:25:08.311 - Info: 00:03:19.316 - Debug: Writing /mnt/internal/br_bct_BR.bct (8192 bytes) into  /dev/mtd0:1032192
20:25:08.325 - Info: Copied 8192 bytes from /mnt/internal/br_bct_BR.bct to address 0x000fc000 in flash
20:25:08.347 - Info: 00:03:19.353 - Debug: Writing mb1_t234_prod_aligned_sigheader.bin.encrypt (parittion: A_mb1) into /dev/mtd0
20:25:08.370 - Info: 00:03:19.375 - Debug: Sha1 checksum matched for /mnt/internal/mb1_t234_prod_aligned_sigheader.bin.encrypt
20:25:08.372 - Info: 00:03:19.378 - Debug: Writing /mnt/internal/mb1_t234_prod_aligned_sigheader.bin.encrypt (287584 bytes) into  /dev/mtd0:1048576
20:25:08.751 - Info: Copied 287584 bytes from /mnt/internal/mb1_t234_prod_aligned_sigheader.bin.encrypt to address 0x00100000 in flash
20:25:08.773 - Info: 00:03:19.778 - Debug: Writing psc_bl1_t234_prod_aligned_sigheader.bin.encrypt (parittion: A_psc_bl1) into /dev/mtd0
20:25:08.793 - Info: 00:03:19.799 - Debug: Sha1 checksum matched for /mnt/internal/psc_bl1_t234_prod_aligned_sigheader.bin.encrypt
20:25:08.797 - Info: 00:03:19.802 - Debug: Writing /mnt/internal/psc_bl1_t234_prod_aligned_sigheader.bin.encrypt (139264 bytes) into  /dev/mtd0:1572864
20:25:08.982 - Info: Copied 139264 bytes from /mnt/internal/psc_bl1_t234_prod_aligned_sigheader.bin.encrypt to address 0x00180000 in flash
20:25:09.005 - Info: 00:03:20.010 - Debug: Writing mb1_cold_boot_bct_MB1_sigheader.bct.encrypt (parittion: A_MB1_BCT) into /dev/mtd0
20:25:09.024 - Info: 00:03:20.029 - Debug: Sha1 checksum matched for /mnt/internal/mb1_cold_boot_bct_MB1_sigheader.bct.encrypt
20:25:09.027 - Info: 00:03:20.032 - Debug: Writing /mnt/internal/mb1_cold_boot_bct_MB1_sigheader.bct.encrypt (17600 bytes) into  /dev/mtd0:1835008
20:25:09.056 - Info: Copied 17600 bytes from /mnt/internal/mb1_cold_boot_bct_MB1_sigheader.bct.encrypt to address 0x001c0000 in flash
20:25:09.080 - Info: 00:03:20.085 - Debug: Writing mem_coldboot_sigheader.bct.encrypt (parittion: A_MEM_BCT) into /dev/mtd0
20:25:09.103 - Info: 00:03:20.108 - Debug: Sha1 checksum matched for /mnt/internal/mem_coldboot_sigheader.bct.encrypt
20:25:09.106 - Info: 00:03:20.111 - Debug: Writing /mnt/internal/mem_coldboot_sigheader.bct.encrypt (243712 bytes) into  /dev/mtd0:1966080
20:25:09.476 - Info: Copied 243712 bytes from /mnt/internal/mem_coldboot_sigheader.bct.encrypt to address 0x001e0000 in flash
20:25:09.499 - Info: 00:03:20.505 - Debug: Writing tsec_t234_sigheader.bin.encrypt (parittion: A_tsec-fw) into /dev/mtd0
20:25:09.538 - Info: 00:03:20.544 - Debug: Sha1 checksum matched for /mnt/internal/tsec_t234_sigheader.bin.encrypt
20:25:09.541 - Info: 00:03:20.547 - Debug: Writing /mnt/internal/tsec_t234_sigheader.bin.encrypt (192512 bytes) into  /dev/mtd0:2228224
20:25:09.796 - Info: Copied 192512 bytes from /mnt/internal/tsec_t234_sigheader.bin.encrypt to address 0x00220000 in flash
20:25:09.821 - Info: 00:03:20.825 - Debug: Writing nvdec_t234_prod_sigheader.fw.encrypt (parittion: A_nvdec) into /dev/mtd0
20:25:09.859 - Info: 00:03:20.862 - Debug: Sha1 checksum matched for /mnt/internal/nvdec_t234_prod_sigheader.fw.encrypt
20:25:09.862 - Info: 00:03:20.866 - Debug: Writing /mnt/internal/nvdec_t234_prod_sigheader.fw.encrypt (294912 bytes) into  /dev/mtd0:3276800
20:25:10.254 - Info: Copied 294912 bytes from /mnt/internal/nvdec_t234_prod_sigheader.fw.encrypt to address 0x00320000 in flash
20:25:10.279 - Info: 00:03:21.283 - Debug: Writing mb2_t234_with_mb2_cold_boot_bct_MB2_sigheader.bin.encrypt (parittion: A_mb2) into /dev/mtd0
20:25:10.306 - Info: 00:03:21.311 - Debug: Sha1 checksum matched for /mnt/internal/mb2_t234_with_mb2_cold_boot_bct_MB2_sigheader.bin.encrypt
20:25:10.310 - Info: 00:03:21.315 - Debug: Writing /mnt/internal/mb2_t234_with_mb2_cold_boot_bct_MB2_sigheader.bin.encrypt (439312 bytes) into  /dev/mtd0:4325376
20:25:11.006 - Info: Copied 439312 bytes from /mnt/internal/mb2_t234_with_mb2_cold_boot_bct_MB2_sigheader.bin.encrypt to address 0x00420000 in flash
20:25:11.027 - Info: 00:03:22.032 - Debug: Writing xusb_t234_prod_sigheader.bin.encrypt (parittion: A_xusb-fw) into /dev/mtd0
20:25:11.059 - Info: 00:03:22.063 - Debug: Sha1 checksum matched for /mnt/internal/xusb_t234_prod_sigheader.bin.encrypt
20:25:11.061 - Info: 00:03:22.067 - Debug: Writing /mnt/internal/xusb_t234_prod_sigheader.bin.encrypt (164864 bytes) into  /dev/mtd0:4849664
20:25:11.294 - Info: Copied 164864 bytes from /mnt/internal/xusb_t234_prod_sigheader.bin.encrypt to address 0x004a0000 in flash
20:25:11.321 - Info: 00:03:22.314 - Debug: Writing bpmp_t234-TE950M-A1_prod_sigheader.bin.encrypt (parittion: A_bpmp-fw) into /dev/mtd0
20:25:11.392 - Info: 00:03:22.396 - Debug: Sha1 checksum matched for /mnt/internal/bpmp_t234-TE950M-A1_prod_sigheader.bin.encrypt
20:25:11.395 - Info: 00:03:22.400 - Debug: Writing /mnt/internal/bpmp_t234-TE950M-A1_prod_sigheader.bin.encrypt (1027072 bytes) into  /dev/mtd0:5111808
20:25:12.780 - Info: Copied 1027072 bytes from /mnt/internal/bpmp_t234-TE950M-A1_prod_sigheader.bin.encrypt to address 0x004e0000 in flash
20:25:12.804 - Info: 00:03:23.809 - Debug: Writing tegra234-bpmp-3767-0003-3768-super_with_odm_sigheader.dtb.encrypt (parittion: A_bpmp-fw-dtb) into /dev/mtd0
20:25:12.832 - Info: 00:03:23.837 - Debug: Sha1 checksum matched for /mnt/internal/tegra234-bpmp-3767-0003-3768-super_with_odm_sigheader.dtb.encrypt
20:25:12.837 - Info: 00:03:23.840 - Debug: Writing /mnt/internal/tegra234-bpmp-3767-0003-3768-super_with_odm_sigheader.dtb.encrypt (384256 bytes) into  /dev/mtd0:6684672
20:25:13.429 - Info: Copied 384256 bytes from /mnt/internal/tegra234-bpmp-3767-0003-3768-super_with_odm_sigheader.dtb.encrypt to address 0x00660000 in flash
20:25:13.467 - Info: 00:03:24.457 - Debug: Writing pscfw_t234_prod_sigheader.bin.encrypt (parittion: A_psc-fw) into /dev/mtd0
20:25:13.503 - Info: 00:03:24.508 - Debug: Sha1 checksum matched for /mnt/internal/pscfw_t234_prod_sigheader.bin.encrypt
20:25:13.509 - Info: 00:03:24.512 - Debug: Writing /mnt/internal/pscfw_t234_prod_sigheader.bin.encrypt (342336 bytes) into  /dev/mtd0:10878976
20:25:13.966 - Info: Copied 342336 bytes from /mnt/internal/pscfw_t234_prod_sigheader.bin.encrypt to address 0x00a60000 in flash
20:25:13.988 - Info: 00:03:24.992 - Debug: Writing mce_flash_o10_cr_prod_sigheader.bin.encrypt (parittion: A_mts-mce) into /dev/mtd0
20:25:14.018 - Info: 00:03:25.024 - Debug: Sha1 checksum matched for /mnt/internal/mce_flash_o10_cr_prod_sigheader.bin.encrypt
20:25:14.037 - Info: 00:03:25.027 - Debug: Writing /mnt/internal/mce_flash_o10_cr_prod_sigheader.bin.encrypt (187328 bytes) into  /dev/mtd0:11665408
20:25:14.286 - Info: Copied 187328 bytes from /mnt/internal/mce_flash_o10_cr_prod_sigheader.bin.encrypt to address 0x00b20000 in flash
20:25:14.310 - Info: 00:03:25.314 - Debug: Writing sc7_t234_prod_sigheader.bin.encrypt (parittion: A_sc7) into /dev/mtd0
20:25:14.329 - Info: 00:03:25.334 - Debug: Sha1 checksum matched for /mnt/internal/sc7_t234_prod_sigheader.bin.encrypt
20:25:14.332 - Info: 00:03:25.337 - Debug: Writing /mnt/internal/sc7_t234_prod_sigheader.bin.encrypt (193120 bytes) into  /dev/mtd0:12189696
20:25:14.588 - Info: Copied 193120 bytes from /mnt/internal/sc7_t234_prod_sigheader.bin.encrypt to address 0x00ba0000 in flash
20:25:14.613 - Info: 00:03:25.618 - Debug: Writing psc_rf_t234_prod_sigheader.bin.encrypt (parittion: A_pscrf) into /dev/mtd0
20:25:14.638 - Info: 00:03:25.644 - Debug: Sha1 checksum matched for /mnt/internal/psc_rf_t234_prod_sigheader.bin.encrypt
20:25:14.641 - Info: 00:03:25.646 - Debug: Writing /mnt/internal/psc_rf_t234_prod_sigheader.bin.encrypt (139264 bytes) into  /dev/mtd0:12386304
20:25:14.828 - Info: Copied 139264 bytes from /mnt/internal/psc_rf_t234_prod_sigheader.bin.encrypt to address 0x00bd0000 in flash
20:25:14.852 - Info: 00:03:25.858 - Debug: Writing mb2rf_t234_sigheader.bin.encrypt (parittion: A_mb2rf) into /dev/mtd0
20:25:14.879 - Info: 00:03:25.883 - Debug: Sha1 checksum matched for /mnt/internal/mb2rf_t234_sigheader.bin.encrypt
20:25:14.881 - Info: 00:03:25.886 - Debug: Writing /mnt/internal/mb2rf_t234_sigheader.bin.encrypt (117792 bytes) into  /dev/mtd0:12582912
20:25:15.066 - Info: Copied 117792 bytes from /mnt/internal/mb2rf_t234_sigheader.bin.encrypt to address 0x00c00000 in flash
20:25:15.090 - Info: 00:03:26.095 - Debug: Writing uefi_t23x_general_with_dtb_aligned_blob_w_bin_sigheader.bin.encrypt (parittion: A_cpu-bootloader) into /dev/mtd0
20:25:15.269 - Info: 00:03:26.270 - Debug: Sha1 checksum matched for /mnt/internal/uefi_t23x_general_with_dtb_aligned_blob_w_bin_sigheader.bin.encrypt
20:25:15.269 - Info: 00:03:26.273 - Debug: Writing /mnt/internal/uefi_t23x_general_with_dtb_aligned_blob_w_bin_sigheader.bin.encrypt (3113168 bytes) into  /dev/mtd0:12713984
20:25:19.366 - Info: Copied 3113168 bytes from /mnt/internal/uefi_t23x_general_with_dtb_aligned_blob_w_bin_sigheader.bin.encrypt to address 0x00c20000 in flash
20:25:19.390 - Info: 00:03:30.396 - Debug: Writing tos-optee_t234_sigheader.img.encrypt (parittion: A_secure-os) into /dev/mtd0
20:25:19.492 - Info: 00:03:30.497 - Debug: Sha1 checksum matched for /mnt/internal/tos-optee_t234_sigheader.img.encrypt
20:25:19.494 - Info: 00:03:30.500 - Debug: Writing /mnt/internal/tos-optee_t234_sigheader.img.encrypt (1899072 bytes) into  /dev/mtd0:16384000
20:25:22.082 - Info: Copied 1899072 bytes from /mnt/internal/tos-optee_t234_sigheader.img.encrypt to address 0x00fa0000 in flash
20:25:22.105 - Info: 00:03:33.110 - Warning: Skip writing A_smm-fw partition as no image is specified
20:25:22.128 - Info: 00:03:33.132 - Debug: Writing eks_t234_sigheader.img.encrypt (parittion: A_eks) into /dev/mtd0
20:25:22.146 - Info: 00:03:33.151 - Debug: Sha1 checksum matched for /mnt/internal/eks_t234_sigheader.img.encrypt
20:25:22.148 - Info: 00:03:33.154 - Debug: Writing /mnt/internal/eks_t234_sigheader.img.encrypt (9232 bytes) into  /dev/mtd0:22675456
20:25:22.164 - Info: Copied 9232 bytes from /mnt/internal/eks_t234_sigheader.img.encrypt to address 0x015a0000 in flash
20:25:22.186 - Info: 00:03:33.192 - Debug: Writing display-t234-dce_with_kernel_tegra234-p3768-0000+p3767-0005-nv-super_aligned_blob_w_bin_sigheader.bin.encrypt (parittion: A_dce-fw) into /dev/mtd0
20:25:22.238 - Info: 00:03:33.243 - Debug: Sha1 checksum matched for /mnt/internal/display-t234-dce_with_kernel_tegra234-p3768-0000+p3767-0005-nv-super_aligned_blob_w_bin_sigheader.bin.encrypt
20:25:22.241 - Info: 00:03:33.246 - Debug: Writing /mnt/internal/display-t234-dce_with_kernel_tegra234-p3768-0000+p3767-0005-nv-super_aligned_blob_w_bin_sigheader.bin.encrypt (1081376 bytes) into  /dev/mtd0:22937600
20:25:23.808 - Info: Copied 1081376 bytes from /mnt/internal/display-t234-dce_with_kernel_tegra234-p3768-0000+p3767-0005-nv-super_aligned_blob_w_bin_sigheader.bin.encrypt to address 0x015e0000 in flash
20:25:23.832 - Info: 00:03:34.837 - Debug: Writing spe_t234_sigheader.bin.encrypt (parittion: A_spe-fw) into /dev/mtd0
20:25:23.855 - Info: 00:03:34.860 - Debug: Sha1 checksum matched for /mnt/internal/spe_t234_sigheader.bin.encrypt
20:25:23.857 - Info: 00:03:34.863 - Debug: Writing /mnt/internal/spe_t234_sigheader.bin.encrypt (270336 bytes) into  /dev/mtd0:28180480
20:25:24.260 - Info: Copied 270336 bytes from /mnt/internal/spe_t234_sigheader.bin.encrypt to address 0x01ae0000 in flash
20:25:24.282 - Info: 00:03:35.288 - Debug: Writing camera-rtcpu-t234-rce_sigheader.img.encrypt (parittion: A_rce-fw) into /dev/mtd0
20:25:24.318 - Info: 00:03:35.323 - Debug: Sha1 checksum matched for /mnt/internal/camera-rtcpu-t234-rce_sigheader.img.encrypt
20:25:24.321 - Info: 00:03:35.326 - Debug: Writing /mnt/internal/camera-rtcpu-t234-rce_sigheader.img.encrypt (699616 bytes) into  /dev/mtd0:28770304
20:25:25.344 - Info: Copied 699616 bytes from /mnt/internal/camera-rtcpu-t234-rce_sigheader.img.encrypt to address 0x01b70000 in flash
20:25:25.367 - Info: 00:03:36.372 - Debug: Writing adsp-fw_sigheader.bin.encrypt (parittion: A_adsp-fw) into /dev/mtd0
20:25:25.394 - Info: 00:03:36.398 - Debug: Sha1 checksum matched for /mnt/internal/adsp-fw_sigheader.bin.encrypt
20:25:25.396 - Info: 00:03:36.401 - Debug: Writing /mnt/internal/adsp-fw_sigheader.bin.encrypt (419952 bytes) into  /dev/mtd0:29818880
20:25:25.936 - Info: Copied 419952 bytes from /mnt/internal/adsp-fw_sigheader.bin.encrypt to address 0x01c70000 in flash
20:25:25.958 - Info: 00:03:36.963 - Debug: Writing nvpva_020_aligned_blob_w_bin_sigheader.fw.encrypt (parittion: A_pva-fw) into /dev/mtd0
20:25:25.975 - Info: 00:03:36.980 - Debug: Sha1 checksum matched for /mnt/internal/nvpva_020_aligned_blob_w_bin_sigheader.fw.encrypt
20:25:25.978 - Info: 00:03:36.983 - Debug: Writing /mnt/internal/nvpva_020_aligned_blob_w_bin_sigheader.fw.encrypt (77424 bytes) into  /dev/mtd0:31916032
20:25:26.089 - Info: Copied 77424 bytes from /mnt/internal/nvpva_020_aligned_blob_w_bin_sigheader.fw.encrypt to address 0x01e70000 in flash
20:25:26.112 - Info: 00:03:37.117 - Warning: Skip writing A_reserved_on_boot partition as no image is specified
20:25:26.132 - Info: 00:03:37.138 - Debug: Writing mb1_t234_prod_aligned_sigheader.bin.encrypt (parittion: B_mb1) into /dev/mtd0
20:25:26.138 - Info: 00:03:37.143 - Debug: Sha1 checksum matched for /mnt/internal/mb1_t234_prod_aligned_sigheader.bin.encrypt
20:25:26.141 - Info: 00:03:37.146 - Debug: Writing /mnt/internal/mb1_t234_prod_aligned_sigheader.bin.encrypt (287584 bytes) into  /dev/mtd0:33292288
20:25:26.507 - Info: Copied 287584 bytes from /mnt/internal/mb1_t234_prod_aligned_sigheader.bin.encrypt to address 0x01fc0000 in flash
20:25:26.530 - Info: 00:03:37.535 - Debug: Writing psc_bl1_t234_prod_aligned_sigheader.bin.encrypt (parittion: B_psc_bl1) into /dev/mtd0
20:25:26.535 - Info: 00:03:37.540 - Debug: Sha1 checksum matched for /mnt/internal/psc_bl1_t234_prod_aligned_sigheader.bin.encrypt
20:25:26.538 - Info: 00:03:37.543 - Debug: Writing /mnt/internal/psc_bl1_t234_prod_aligned_sigheader.bin.encrypt (139264 bytes) into  /dev/mtd0:33816576
20:25:26.720 - Info: Copied 139264 bytes from /mnt/internal/psc_bl1_t234_prod_aligned_sigheader.bin.encrypt to address 0x02040000 in flash
20:25:26.742 - Info: 00:03:37.747 - Debug: Writing mb1_cold_boot_bct_MB1_sigheader.bct.encrypt (parittion: B_MB1_BCT) into /dev/mtd0
20:25:26.748 - Info: 00:03:37.752 - Debug: Sha1 checksum matched for /mnt/internal/mb1_cold_boot_bct_MB1_sigheader.bct.encrypt
20:25:26.750 - Info: 00:03:37.755 - Debug: Writing /mnt/internal/mb1_cold_boot_bct_MB1_sigheader.bct.encrypt (17600 bytes) into  /dev/mtd0:34078720
20:25:26.777 - Info: Copied 17600 bytes from /mnt/internal/mb1_cold_boot_bct_MB1_sigheader.bct.encrypt to address 0x02080000 in flash
20:25:26.798 - Info: 00:03:37.804 - Debug: Writing mem_coldboot_sigheader.bct.encrypt (parittion: B_MEM_BCT) into /dev/mtd0
20:25:26.805 - Info: 00:03:37.809 - Debug: Sha1 checksum matched for /mnt/internal/mem_coldboot_sigheader.bct.encrypt
20:25:26.808 - Info: 00:03:37.812 - Debug: Writing /mnt/internal/mem_coldboot_sigheader.bct.encrypt (243712 bytes) into  /dev/mtd0:34209792
20:25:27.166 - Info: Copied 243712 bytes from /mnt/internal/mem_coldboot_sigheader.bct.encrypt to address 0x020a0000 in flash
20:25:27.187 - Info: 00:03:38.192 - Debug: Writing tsec_t234_sigheader.bin.encrypt (parittion: B_tsec-fw) into /dev/mtd0
20:25:27.192 - Info: 00:03:38.197 - Debug: Sha1 checksum matched for /mnt/internal/tsec_t234_sigheader.bin.encrypt
20:25:27.195 - Info: 00:03:38.200 - Debug: Writing /mnt/internal/tsec_t234_sigheader.bin.encrypt (192512 bytes) into  /dev/mtd0:34471936
20:25:27.441 - Info: Copied 192512 bytes from /mnt/internal/tsec_t234_sigheader.bin.encrypt to address 0x020e0000 in flash
20:25:27.464 - Info: 00:03:38.469 - Debug: Writing nvdec_t234_prod_sigheader.fw.encrypt (parittion: B_nvdec) into /dev/mtd0
20:25:27.469 - Info: 00:03:38.475 - Debug: Sha1 checksum matched for /mnt/internal/nvdec_t234_prod_sigheader.fw.encrypt
20:25:27.472 - Info: 00:03:38.478 - Debug: Writing /mnt/internal/nvdec_t234_prod_sigheader.fw.encrypt (294912 bytes) into  /dev/mtd0:35520512
20:25:27.851 - Info: Copied 294912 bytes from /mnt/internal/nvdec_t234_prod_sigheader.fw.encrypt to address 0x021e0000 in flash
20:25:27.872 - Info: 00:03:38.877 - Debug: Writing mb2_t234_with_mb2_cold_boot_bct_MB2_sigheader.bin.encrypt (parittion: B_mb2) into /dev/mtd0
20:25:27.880 - Info: 00:03:38.883 - Debug: Sha1 checksum matched for /mnt/internal/mb2_t234_with_mb2_cold_boot_bct_MB2_sigheader.bin.encrypt
20:25:27.882 - Info: 00:03:38.886 - Debug: Writing /mnt/internal/mb2_t234_with_mb2_cold_boot_bct_MB2_sigheader.bin.encrypt (439312 bytes) into  /dev/mtd0:36569088
20:25:28.522 - Info: Copied 439312 bytes from /mnt/internal/mb2_t234_with_mb2_cold_boot_bct_MB2_sigheader.bin.encrypt to address 0x022e0000 in flash
20:25:28.544 - Info: 00:03:39.549 - Debug: Writing xusb_t234_prod_sigheader.bin.encrypt (parittion: B_xusb-fw) into /dev/mtd0
20:25:28.549 - Info: 00:03:39.555 - Debug: Sha1 checksum matched for /mnt/internal/xusb_t234_prod_sigheader.bin.encrypt
20:25:28.554 - Info: 00:03:39.558 - Debug: Writing /mnt/internal/xusb_t234_prod_sigheader.bin.encrypt (164864 bytes) into  /dev/mtd0:37093376
20:25:28.763 - Info: Copied 164864 bytes from /mnt/internal/xusb_t234_prod_sigheader.bin.encrypt to address 0x02360000 in flash
20:25:28.785 - Info: 00:03:39.790 - Debug: Writing bpmp_t234-TE950M-A1_prod_sigheader.bin.encrypt (parittion: B_bpmp-fw) into /dev/mtd0
20:25:28.793 - Info: 00:03:39.797 - Debug: Sha1 checksum matched for /mnt/internal/bpmp_t234-TE950M-A1_prod_sigheader.bin.encrypt
20:25:28.795 - Info: 00:03:39.800 - Debug: Writing /mnt/internal/bpmp_t234-TE950M-A1_prod_sigheader.bin.encrypt (1027072 bytes) into  /dev/mtd0:37355520
20:25:30.110 - Info: Copied 1027072 bytes from /mnt/internal/bpmp_t234-TE950M-A1_prod_sigheader.bin.encrypt to address 0x023a0000 in flash
20:25:30.134 - Info: 00:03:41.139 - Debug: Writing tegra234-bpmp-3767-0003-3768-super_with_odm_sigheader.dtb.encrypt (parittion: B_bpmp-fw-dtb) into /dev/mtd0
20:25:30.139 - Info: 00:03:41.145 - Debug: Sha1 checksum matched for /mnt/internal/tegra234-bpmp-3767-0003-3768-super_with_odm_sigheader.dtb.encrypt
20:25:30.142 - Info: 00:03:41.147 - Debug: Writing /mnt/internal/tegra234-bpmp-3767-0003-3768-super_with_odm_sigheader.dtb.encrypt (384256 bytes) into  /dev/mtd0:38928384
20:25:30.708 - Info: Copied 384256 bytes from /mnt/internal/tegra234-bpmp-3767-0003-3768-super_with_odm_sigheader.dtb.encrypt to address 0x02520000 in flash
20:25:30.732 - Info: 00:03:41.737 - Debug: Writing pscfw_t234_prod_sigheader.bin.encrypt (parittion: B_psc-fw) into /dev/mtd0
20:25:30.737 - Info: 00:03:41.742 - Debug: Sha1 checksum matched for /mnt/internal/pscfw_t234_prod_sigheader.bin.encrypt
20:25:30.740 - Info: 00:03:41.745 - Debug: Writing /mnt/internal/pscfw_t234_prod_sigheader.bin.encrypt (342336 bytes) into  /dev/mtd0:43122688
20:25:31.176 - Info: Copied 342336 bytes from /mnt/internal/pscfw_t234_prod_sigheader.bin.encrypt to address 0x02920000 in flash
20:25:31.198 - Info: 00:03:42.204 - Debug: Writing mce_flash_o10_cr_prod_sigheader.bin.encrypt (parittion: B_mts-mce) into /dev/mtd0
20:25:31.204 - Info: 00:03:42.209 - Debug: Sha1 checksum matched for /mnt/internal/mce_flash_o10_cr_prod_sigheader.bin.encrypt
20:25:31.207 - Info: 00:03:42.212 - Debug: Writing /mnt/internal/mce_flash_o10_cr_prod_sigheader.bin.encrypt (187328 bytes) into  /dev/mtd0:43909120
20:25:31.447 - Info: Copied 187328 bytes from /mnt/internal/mce_flash_o10_cr_prod_sigheader.bin.encrypt to address 0x029e0000 in flash
20:25:31.472 - Info: 00:03:42.475 - Debug: Writing sc7_t234_prod_sigheader.bin.encrypt (parittion: B_sc7) into /dev/mtd0
20:25:31.475 - Info: 00:03:42.480 - Debug: Sha1 checksum matched for /mnt/internal/sc7_t234_prod_sigheader.bin.encrypt
20:25:31.479 - Info: 00:03:42.483 - Debug: Writing /mnt/internal/sc7_t234_prod_sigheader.bin.encrypt (193120 bytes) into  /dev/mtd0:44433408
20:25:31.726 - Info: Copied 193120 bytes from /mnt/internal/sc7_t234_prod_sigheader.bin.encrypt to address 0x02a60000 in flash
20:25:31.750 - Info: 00:03:42.755 - Debug: Writing psc_rf_t234_prod_sigheader.bin.encrypt (parittion: B_pscrf) into /dev/mtd0
20:25:31.755 - Info: 00:03:42.760 - Debug: Sha1 checksum matched for /mnt/internal/psc_rf_t234_prod_sigheader.bin.encrypt
20:25:31.758 - Info: 00:03:42.763 - Debug: Writing /mnt/internal/psc_rf_t234_prod_sigheader.bin.encrypt (139264 bytes) into  /dev/mtd0:44630016
20:25:31.939 - Info: Copied 139264 bytes from /mnt/internal/psc_rf_t234_prod_sigheader.bin.encrypt to address 0x02a90000 in flash
20:25:31.962 - Info: 00:03:42.967 - Debug: Writing mb2rf_t234_sigheader.bin.encrypt (parittion: B_mb2rf) into /dev/mtd0
20:25:31.968 - Info: 00:03:42.972 - Debug: Sha1 checksum matched for /mnt/internal/mb2rf_t234_sigheader.bin.encrypt
20:25:31.970 - Info: 00:03:42.975 - Debug: Writing /mnt/internal/mb2rf_t234_sigheader.bin.encrypt (117792 bytes) into  /dev/mtd0:44826624
20:25:32.143 - Info: Copied 117792 bytes from /mnt/internal/mb2rf_t234_sigheader.bin.encrypt to address 0x02ac0000 in flash
20:25:32.164 - Info: 00:03:43.169 - Debug: Writing uefi_t23x_general_with_dtb_aligned_blob_w_bin_sigheader.bin.encrypt (parittion: B_cpu-bootloader) into /dev/mtd0
20:25:32.174 - Info: 00:03:43.178 - Debug: Sha1 checksum matched for /mnt/internal/uefi_t23x_general_with_dtb_aligned_blob_w_bin_sigheader.bin.encrypt
20:25:32.176 - Info: 00:03:43.181 - Debug: Writing /mnt/internal/uefi_t23x_general_with_dtb_aligned_blob_w_bin_sigheader.bin.encrypt (3113168 bytes) into  /dev/mtd0:44957696
20:25:36.135 - Info: Copied 3113168 bytes from /mnt/internal/uefi_t23x_general_with_dtb_aligned_blob_w_bin_sigheader.bin.encrypt to address 0x02ae0000 in flash
20:25:36.157 - Info: 00:03:47.162 - Debug: Writing tos-optee_t234_sigheader.img.encrypt (parittion: B_secure-os) into /dev/mtd0
20:25:36.166 - Info: 00:03:47.170 - Debug: Sha1 checksum matched for /mnt/internal/tos-optee_t234_sigheader.img.encrypt
20:25:36.168 - Info: 00:03:47.173 - Debug: Writing /mnt/internal/tos-optee_t234_sigheader.img.encrypt (1899072 bytes) into  /dev/mtd0:48627712
20:25:38.673 - Info: Copied 1899072 bytes from /mnt/internal/tos-optee_t234_sigheader.img.encrypt to address 0x02e60000 in flash
20:25:38.695 - Info: 00:03:49.699 - Warning: Skip writing B_smm-fw partition as no image is specified
20:25:38.716 - Info: 00:03:49.721 - Debug: Writing eks_t234_sigheader.img.encrypt (parittion: B_eks) into /dev/mtd0
20:25:38.721 - Info: 00:03:49.726 - Debug: Sha1 checksum matched for /mnt/internal/eks_t234_sigheader.img.encrypt
20:25:38.724 - Info: 00:03:49.729 - Debug: Writing /mnt/internal/eks_t234_sigheader.img.encrypt (9232 bytes) into  /dev/mtd0:54919168
20:25:38.739 - Info: Copied 9232 bytes from /mnt/internal/eks_t234_sigheader.img.encrypt to address 0x03460000 in flash
20:25:38.760 - Info: 00:03:49.764 - Debug: Writing display-t234-dce_with_kernel_tegra234-p3768-0000+p3767-0005-nv-super_aligned_blob_w_bin_sigheader.bin.encrypt (parittion: B_dce-fw) into /dev/mtd0
20:25:38.766 - Info: 00:03:49.771 - Debug: Sha1 checksum matched for /mnt/internal/display-t234-dce_with_kernel_tegra234-p3768-0000+p3767-0005-nv-super_aligned_blob_w_bin_sigheader.bin.encrypt
20:25:38.769 - Info: 00:03:49.774 - Debug: Writing /mnt/internal/display-t234-dce_with_kernel_tegra234-p3768-0000+p3767-0005-nv-super_aligned_blob_w_bin_sigheader.bin.encrypt (1081376 bytes) into  /dev/mtd0:55181312
20:25:40.322 - Info: Copied 1081376 bytes from /mnt/internal/display-t234-dce_with_kernel_tegra234-p3768-0000+p3767-0005-nv-super_aligned_blob_w_bin_sigheader.bin.encrypt to address 0x034a0000 in flash
20:25:40.344 - Info: 00:03:51.349 - Debug: Writing spe_t234_sigheader.bin.encrypt (parittion: B_spe-fw) into /dev/mtd0
20:25:40.351 - Info: 00:03:51.355 - Debug: Sha1 checksum matched for /mnt/internal/spe_t234_sigheader.bin.encrypt
20:25:40.353 - Info: 00:03:51.358 - Debug: Writing /mnt/internal/spe_t234_sigheader.bin.encrypt (270336 bytes) into  /dev/mtd0:60424192
20:25:40.760 - Info: Copied 270336 bytes from /mnt/internal/spe_t234_sigheader.bin.encrypt to address 0x039a0000 in flash
20:25:40.783 - Info: 00:03:51.788 - Debug: Writing camera-rtcpu-t234-rce_sigheader.img.encrypt (parittion: B_rce-fw) into /dev/mtd0
20:25:40.790 - Info: 00:03:51.795 - Debug: Sha1 checksum matched for /mnt/internal/camera-rtcpu-t234-rce_sigheader.img.encrypt
20:25:40.793 - Info: 00:03:51.798 - Debug: Writing /mnt/internal/camera-rtcpu-t234-rce_sigheader.img.encrypt (699616 bytes) into  /dev/mtd0:61014016
20:25:41.845 - Info: Copied 699616 bytes from /mnt/internal/camera-rtcpu-t234-rce_sigheader.img.encrypt to address 0x03a30000 in flash
20:25:41.867 - Info: 00:03:52.872 - Debug: Writing adsp-fw_sigheader.bin.encrypt (parittion: B_adsp-fw) into /dev/mtd0
20:25:41.873 - Info: 00:03:52.878 - Debug: Sha1 checksum matched for /mnt/internal/adsp-fw_sigheader.bin.encrypt
20:25:41.876 - Info: 00:03:52.881 - Debug: Writing /mnt/internal/adsp-fw_sigheader.bin.encrypt (419952 bytes) into  /dev/mtd0:62062592
20:25:42.431 - Info: Copied 419952 bytes from /mnt/internal/adsp-fw_sigheader.bin.encrypt to address 0x03b30000 in flash
20:25:42.454 - Info: 00:03:53.459 - Debug: Writing nvpva_020_aligned_blob_w_bin_sigheader.fw.encrypt (parittion: B_pva-fw) into /dev/mtd0
20:25:42.460 - Info: 00:03:53.465 - Debug: Sha1 checksum matched for /mnt/internal/nvpva_020_aligned_blob_w_bin_sigheader.fw.encrypt
20:25:42.464 - Info: 00:03:53.468 - Debug: Writing /mnt/internal/nvpva_020_aligned_blob_w_bin_sigheader.fw.encrypt (77424 bytes) into  /dev/mtd0:64159744
20:25:42.575 - Info: Copied 77424 bytes from /mnt/internal/nvpva_020_aligned_blob_w_bin_sigheader.fw.encrypt to address 0x03d30000 in flash
20:25:42.599 - Info: 00:03:53.604 - Warning: Skip writing B_reserved_on_boot partition as no image is specified
20:25:42.623 - Info: 00:03:53.627 - Warning: Skip writing uefi_variables partition as no image is specified
20:25:42.644 - Info: 00:03:53.649 - Warning: Skip writing uefi_ftw partition as no image is specified
20:25:42.665 - Info: 00:03:53.670 - Warning: Skip writing reserved partition as no image is specified
20:25:42.687 - Info: 00:03:53.692 - Warning: Skip writing worm partition as no image is specified
20:25:42.710 - Info: 00:03:53.715 - Debug: Writing bct_backup.img (parittion: BCT-boot-chain_backup) into /dev/mtd0
20:25:42.751 - Info: 00:03:53.754 - Debug: Sha1 checksum matched for /mnt/internal/bct_backup.img
20:25:42.752 - Info: 00:03:53.757 - Debug: Writing /mnt/internal/bct_backup.img (32768 bytes) into  /dev/mtd0:66715648
20:25:42.805 - Info: Copied 32768 bytes from /mnt/internal/bct_backup.img to address 0x03fa0000 in flash
20:25:42.829 - Info: 00:03:53.834 - Warning: Skip writing reserved_partition partition as no image is specified
20:25:42.851 - Info: 00:03:53.856 - Debug: Writing gpt_backup_secondary_3_0.bin (parittion: secondary_gpt_backup) into /dev/mtd0
20:25:42.869 - Info: 00:03:53.874 - Debug: Sha1 checksum matched for /mnt/internal/gpt_backup_secondary_3_0.bin
20:25:42.872 - Info: 00:03:53.877 - Debug: Writing /mnt/internal/gpt_backup_secondary_3_0.bin (16896 bytes) into  /dev/mtd0:66846720
20:25:42.900 - Info: Copied 16896 bytes from /mnt/internal/gpt_backup_secondary_3_0.bin to address 0x03fc0000 in flash
20:25:42.921 - Info: 00:03:53.926 - Debug: Writing qspi_bootblob_ver.txt (parittion: B_VER) into /dev/mtd0
20:25:42.942 - Info: 00:03:53.947 - Debug: Sha1 checksum matched for /mnt/internal/qspi_bootblob_ver.txt
20:25:42.946 - Info: 00:03:53.950 - Debug: Writing /mnt/internal/qspi_bootblob_ver.txt (109 bytes) into  /dev/mtd0:66912256
20:25:42.949 - Info: Copied 109 bytes from /mnt/internal/qspi_bootblob_ver.txt to address 0x03fd0000 in flash
20:25:42.971 - Info: 00:03:53.976 - Debug: Writing qspi_bootblob_ver.txt (parittion: A_VER) into /dev/mtd0
20:25:42.977 - Info: 00:03:53.982 - Debug: Sha1 checksum matched for /mnt/internal/qspi_bootblob_ver.txt
20:25:42.980 - Info: 00:03:53.985 - Debug: Writing /mnt/internal/qspi_bootblob_ver.txt (109 bytes) into  /dev/mtd0:66977792
20:25:42.981 - Info: Copied 109 bytes from /mnt/internal/qspi_bootblob_ver.txt to address 0x03fe0000 in flash
20:25:43.003 - Info: 00:03:54.008 - Debug: Writing gpt_secondary_3_0.bin (parittion: secondary_gpt) into /dev/mtd0
20:25:43.029 - Info: 00:03:54.034 - Debug: Sha1 checksum matched for /mnt/internal/gpt_secondary_3_0.bin
20:25:43.031 - Info: 00:03:54.037 - Debug: Writing /mnt/internal/gpt_secondary_3_0.bin (16896 bytes) into  /dev/mtd0:67091968
20:25:43.060 - Info: Copied 16896 bytes from /mnt/internal/gpt_secondary_3_0.bin to address 0x03ffbe00 in flash
20:25:43.063 - Info: 00:03:54.068 - Info: Successfully flashed the QSPI.
20:27:06.268 - Info: 00:05:17.272 - Debug: writing item=17, 9:0:secondary_gpt, 61203267072, 16896, gpt_secondary_9_0.bin, 16896, fixed-<reserved>-0, 01e53d5f2656cf8cee95f4e5ff76b0f28e8d13b2
20:27:06.268 - Info: 
20:27:06.273 - Info: 00:05:17.275 - Info: Successfully flashed the external device.
20:27:06.275 - Info: 00:05:17.278 - Info: Flashing success
20:27:06.281 - Info: 00:05:17.284 - Debug: The device size indicated in the partition layout xml is smaller than the actual size. This utility will try to fix the GPT.
20:27:06.284 - Info: Flash is successful
20:27:06.284 - Info: Reboot device
20:27:06.510 - Info: Cleaning up...
20:27:06.535 - Info: Log is saved to Linux_for_Tegra/initrdlog/flash_2-2_0_20260727-202132.log 
20:27:06.610 - Info: waiting for device boot up...
20:27:36.617 - Info: waiting for device auto config process...
20:29:36.620 - Info: done.
20:29:36.632 - Info: [ Component Install Finished Successfully ]20:29:36.633 - Info: [host] [ 129.47 MB released. Disk Avail on Partition /dev/sda2: 40.94 GB ]20:29:36.633 - Info: [ NV_L4T_JETSON_LINUX_FLASH_COMP Install took 15m9s ]