------ 2026-07-27 20:50:50 ------
------ SDK: JetPack_7.2_Linux ------
20:50:50.121 - Info: exec_command: ssh   jetson@192.168.55.1 "df -B1 / | tail -1 | awk '{ printf \$4 }'"20:50:50.526 - Info: NV_L4T_CUDA_SBSA_TARGET_POST_INSTALL_COMP include 1 package20:50:50.526 - Info: [ Package Install Started ]20:50:50.526 - Info: target deb installer start to install20:50:50.527 - Info: exec_command [target]:
**********************
#!/bin/bash
set -e
export LC_ALL=en_US.UTF-8 LANG=en_US.UTF-8 LANGUAGE=en_US.UTF-8
sudo mkdir -p /opt/nvidia/deb_repos
sudo chmod 777 /opt/nvidia/deb_repos
sudo rm -f /opt/nvidia/deb_repos/cuda-repo-ubuntu2404-13-2-local_13.2.1-595.58.03-1_arm64.deb
**********************20:55:05.482 - Info: exec_command [target]:
**********************
#!/bin/bash
set -e
export LC_ALL=en_US.UTF-8 LANG=en_US.UTF-8 LANGUAGE=en_US.UTF-8

exec 3>&1
exec 1>&2
exec 2>&3
function safe_apt_install {
    export DEBIAN_FRONTEND=noninteractive
    echo "*begin $1, $2"
    tmp_log=/tmp/sdkm_apt_install_log.ckw.txt
    sudo rm -f $tmp_log
    set +e; $1 2>$tmp_log; CMD_STATUS=${PIPESTATUS[0]}; set -e
    MAX_RETRY=3
    TIMES=1
    while [ ${CMD_STATUS} -ne 0 ]; do
        cat $tmp_log > /dev/stderr
        if [ $TIMES -gt $MAX_RETRY ]; then
            echo "Unhandled error when running $1: `tr '\n' '; ' <$tmp_log`" 1>&2; exit 1
        fi
        if grep -q -e "is locked by another process" -e "E: Could not get lock /var/" -e "Could not open lock" $tmp_log; then
            sudo rm -f $tmp_log
            set +e; $1 2>$tmp_log; CMD_STATUS=${PIPESTATUS[0]}; set -e
            echo "Waiting $2 seconds for apt to be available"; sleep ${2}
        elif grep -q -e "apt --fix-broken install" $tmp_log; then
            echo "safe apt install failed, need to run apt --fix-broken install"
            TIMES=$[ $TIMES + 1 ]
            sudo rm -f $tmp_log
            set +e; sudo apt-get -f -y --allow-downgrades install 2>$tmp_log; CMD_STATUS=${PIPESTATUS[0]}; set -e
            echo "Waiting 5 seconds for apt"; sleep 5
        else
            echo "safe apt install failed: $1, exit code: $CMD_STATUS, retry number: $TIMES"
            echo "will sleep $[ $TIMES*10 ] seconds before next attempt"
            sleep $[ $TIMES*10 ]
            TIMES=$[ $TIMES + 1 ]
            sudo rm -f $tmp_log
            set +e; $1 2>$tmp_log; CMD_STATUS=${PIPESTATUS[0]}; set -e
        fi
    done
    if [ $CMD_STATUS -eq 0 ] && [ $TIMES -ne 1 ]; then
        echo "safe apt install succeed. retry number: $TIMES."
    fi
}
safe_apt_install "sudo apt-get -y update" 5
sleep 0.5
safe_apt_install "sudo -E apt-get -y --allow-downgrades  install /opt/nvidia/deb_repos/cuda-repo-ubuntu2404-13-2-local_13.2.1-595.58.03-1_arm64.deb" 5
sleep 5
# ensure package version from local repository has a higher priority
sudo mkdir -p /etc/apt/preferences.d/
sudo rm -f /etc/apt/preferences.d/sdkm
sudo touch /etc/apt/preferences.d/sdkm
echo 'Package: *' | sudo tee -a /etc/apt/preferences.d/sdkm
echo 'Pin: origin ""' | sudo tee -a /etc/apt/preferences.d/sdkm
echo 'Pin-Priority: 999' | sudo tee -a /etc/apt/preferences.d/sdkm

packageName=$(dpkg -f /opt/nvidia/deb_repos/cuda-repo-ubuntu2404-13-2-local_13.2.1-595.58.03-1_arm64.deb Package)
keyringFilePath=$(dpkg -L $packageName | grep 'keyring\.gpg$' | head -n 1 | tr -d "\n")
if [ -n "$keyringFilePath" ]
then
	if [ -f "$keyringFilePath" ]
	then
		sudo cp $keyringFilePath /usr/share/keyrings/
	else
		echo 'Warning: deb repo keyring file not found' >&2
	fi
else
	pubKeyFilePath=$(dpkg -L $packageName | grep '\.pub$' | head -n 1 | tr -d "\n")
	echo $pubKeyFilePath
	if [ -n "$pubKeyFilePath" ]
	then
		safe_apt_install "sudo apt-key add $pubKeyFilePath" 5
	else
		echo 'Warning: deb repo pub key file not found' >&2
	fi
fi
sleep 2
safe_apt_install "sudo apt-get -y update" 5

safe_apt_install "sudo -E apt-get -y  install cuda-toolkit-13-2 " 5
targetDebRepoPackageName=$(dpkg -f /opt/nvidia/deb_repos/cuda-repo-ubuntu2404-13-2-local_13.2.1-595.58.03-1_arm64.deb Package | tr -d '\n')
echo targetDebRepoPackageName $targetDebRepoPackageName
if [ -n "targetDebRepoPackageName" ]
then
    safe_apt_install "sudo apt-get purge -y $targetDebRepoPackageName" 5
else
    echo 'Warning: target deb repo package name not found' >&2
fi
sudo rm -f /etc/apt/preferences.d/sdkm

sudo rm -f /opt/nvidia/deb_repos/cuda-repo-ubuntu2404-13-2-local_13.2.1-595.58.03-1_arm64.deb
**********************20:55:06.270 - Info: *begin sudo apt-get -y update, 5
20:55:06.270 - Info: 
20:55:06.550 - Info: 
20:55:06.648 - Info: 0% [Working]
20:55:06.648 - Info:             
20:55:06.648 - Info: Hit:1 https://repo.download.nvidia.com/jetson/common r39.2 InRelease
20:55:06.648 - Info: 
20:55:06.648 - Info: 
20:55:06.668 - Info: 0% [Connected to download.docker.com (18.65.14.18)] [Connecting to ports.ubuntu.com]
20:55:06.668 - Info:                                                                                     
20:55:06.668 - Info: Hit:2 https://download.docker.com/linux/ubuntu noble InRelease
20:55:06.668 - Info: 
20:55:06.668 - Info: 
20:55:06.668 - Info:                                                                                     
20:55:06.716 - Info: 0% [Waiting for headers] [Connecting to ports.ubuntu.com]
20:55:06.716 - Info:                                                          
20:55:06.716 - Info: Hit:3 https://repo.download.nvidia.com/jetson/som r39.2 InRelease
20:55:06.716 - Info: 
20:55:06.716 - Info: 
20:55:06.716 - Info:                                                          
20:55:06.773 - Info: 0% [Connecting to ports.ubuntu.com]
20:55:06.773 - Info:                                    
20:55:06.773 - Info: Hit:4 https://repo.download.nvidia.com/jetson/ffmpeg r39.2 InRelease
20:55:06.773 - Info: 
20:55:06.773 - Info: 
20:55:06.845 - Info: 0% [Connecting to ports.ubuntu.com]
20:55:07.126 - Info: 0% [Connecting to ports.ubuntu.com (91.189.92.20)]
20:55:07.126 - Info:                                                   
20:55:07.263 - Info: 0% [Waiting for headers]
20:55:07.263 - Info:                         
20:55:07.264 - Info: Hit:5 http://ports.ubuntu.com/ubuntu-ports noble InRelease
20:55:07.264 - Info: 
20:55:07.264 - Info: 
20:55:07.264 - Info:                         
20:55:07.289 - Info: 0% [Working]
20:55:07.415 - Info: 0% [Waiting for headers]
20:55:07.472 - Info:                         
20:55:07.472 - Info: Hit:6 http://ports.ubuntu.com/ubuntu-ports noble-updates InRelease
20:55:07.472 - Info: 
20:55:07.472 - Info: 
20:55:07.472 - Info:                         
20:55:07.583 - Info: 0% [Working]
20:55:07.679 - Info: 0% [Waiting for headers]
20:55:07.679 - Info:                         
20:55:07.679 - Info: Hit:7 http://ports.ubuntu.com/ubuntu-ports noble-backports InRelease
20:55:07.679 - Info: 
20:55:07.679 - Info: 
20:55:07.679 - Info:                         
20:55:07.795 - Info: 0% [Working]
20:55:07.886 - Info: 0% [Waiting for headers]
20:55:07.886 - Info:                         
20:55:07.886 - Info: Hit:8 http://ports.ubuntu.com/ubuntu-ports noble-security InRelease
20:55:07.886 - Info: 
20:55:07.886 - Info: 
20:55:07.886 - Info:                         
20:55:08.007 - Info: 0% [Working]
20:55:08.007 - Info: 20% [Working]
20:55:08.007 - Info:              
20:55:08.430 - Info: 
20:55:08.430 - Info: Reading package lists... 0%
20:55:08.447 - Info: 
20:55:08.447 - Info: Reading package lists... 0%
20:55:08.452 - Info: 
20:55:08.452 - Info: Reading package lists... 0%
20:55:08.452 - Info: 
20:55:08.452 - Info: Reading package lists... 0%
20:55:08.456 - Info: 
20:55:08.456 - Info: Reading package lists... 0%
20:55:08.456 - Info: 
20:55:08.456 - Info: Reading package lists... 0%
20:55:08.457 - Info: 
20:55:08.457 - Info: Reading package lists... 0%
20:55:08.457 - Info: 
20:55:08.457 - Info: Reading package lists... 0%
20:55:08.460 - Info: 
20:55:08.460 - Info: Reading package lists... 0%
20:55:08.460 - Info: 
20:55:08.460 - Info: Reading package lists... 0%
20:55:08.465 - Info: 
20:55:08.466 - Info: Reading package lists... 0%
20:55:08.552 - Info: 
20:55:08.552 - Info: Reading package lists... 3%
20:55:08.552 - Info: 
20:55:08.552 - Info: Reading package lists... 3%
20:55:08.567 - Info: 
20:55:08.567 - Info: Reading package lists... 5%
20:55:08.567 - Info: 
20:55:08.567 - Info: Reading package lists... 5%
20:55:09.183 - Info: 
20:55:09.183 - Info: Reading package lists... 26%
20:55:09.742 - Info: 
20:55:09.742 - Info: Reading package lists... 41%
20:55:09.742 - Info: 
20:55:09.742 - Info: Reading package lists... 41%
20:55:09.887 - Info: 
20:55:09.887 - Info: Reading package lists... 54%
20:55:09.921 - Info: 
20:55:09.921 - Info: Reading package lists... 57%
20:55:09.921 - Info: 
20:55:09.921 - Info: Reading package lists... 57%
20:55:09.927 - Info: 
20:55:09.927 - Info: Reading package lists... 58%
20:55:09.927 - Info: 
20:55:09.927 - Info: Reading package lists... 58%
20:55:09.929 - Info: 
20:55:09.929 - Info: Reading package lists... 58%
20:55:09.929 - Info: 
20:55:09.929 - Info: Reading package lists... 58%
20:55:09.948 - Info: 
20:55:09.948 - Info: Reading package lists... 58%
20:55:09.948 - Info: 
20:55:09.948 - Info: Reading package lists... 58%
20:55:09.952 - Info: 
20:55:09.952 - Info: Reading package lists... 59%
20:55:09.952 - Info: 
20:55:09.952 - Info: Reading package lists... 59%
20:55:10.047 - Info: 
20:55:10.047 - Info: Reading package lists... 62%
20:55:10.047 - Info: 
20:55:10.047 - Info: Reading package lists... 62%
20:55:10.065 - Info: 
20:55:10.066 - Info: Reading package lists... 64%
20:55:10.066 - Info: 
20:55:10.066 - Info: Reading package lists... 64%
20:55:10.210 - Info: 
20:55:10.210 - Info: Reading package lists... 69%
20:55:10.210 - Info: 
20:55:10.210 - Info: Reading package lists... 69%
20:55:10.232 - Info: 
20:55:10.232 - Info: Reading package lists... 71%
20:55:10.232 - Info: 
20:55:10.232 - Info: Reading package lists... 71%
20:55:10.365 - Info: 
20:55:10.365 - Info: Reading package lists... 77%
20:55:10.365 - Info: 
20:55:10.365 - Info: Reading package lists... 77%
20:55:10.396 - Info: 
20:55:10.396 - Info: Reading package lists... 80%
20:55:10.396 - Info: 
20:55:10.396 - Info: Reading package lists... 80%
20:55:10.401 - Info: 
20:55:10.401 - Info: Reading package lists... 80%
20:55:10.401 - Info: 
20:55:10.401 - Info: Reading package lists... 80%
20:55:10.403 - Info: 
20:55:10.403 - Info: Reading package lists... 80%
20:55:10.403 - Info: 
20:55:10.403 - Info: Reading package lists... 80%
20:55:10.407 - Info: 
20:55:10.407 - Info: Reading package lists... 80%
20:55:10.407 - Info: 
20:55:10.407 - Info: Reading package lists... 80%
20:55:10.408 - Info: 
20:55:10.408 - Info: Reading package lists... 80%
20:55:10.408 - Info: 
20:55:10.408 - Info: Reading package lists... 80%
20:55:10.412 - Info: 
20:55:10.412 - Info: Reading package lists... 80%
20:55:10.412 - Info: 
20:55:10.412 - Info: Reading package lists... 80%
20:55:10.413 - Info: 
20:55:10.413 - Info: Reading package lists... 80%
20:55:10.413 - Info: 
20:55:10.413 - Info: Reading package lists... 80%
20:55:10.413 - Info: 
20:55:10.413 - Info: Reading package lists... 80%
20:55:10.413 - Info: 
20:55:10.413 - Info: Reading package lists... 80%
20:55:10.414 - Info: 
20:55:10.414 - Info: Reading package lists... 80%
20:55:10.414 - Info: 
20:55:10.414 - Info: Reading package lists... 80%
20:55:10.445 - Info: 
20:55:10.445 - Info: Reading package lists... 83%
20:55:10.445 - Info: 
20:55:10.445 - Info: Reading package lists... 83%
20:55:10.459 - Info: 
20:55:10.459 - Info: Reading package lists... 84%
20:55:10.459 - Info: 
20:55:10.459 - Info: Reading package lists... 84%
20:55:10.503 - Info: 
20:55:10.503 - Info: Reading package lists... 88%
20:55:10.503 - Info: 
20:55:10.503 - Info: Reading package lists... 88%
20:55:10.518 - Info: 
20:55:10.519 - Info: Reading package lists... 90%
20:55:10.519 - Info: 
20:55:10.519 - Info: Reading package lists... 90%
20:55:10.580 - Info: 
20:55:10.580 - Info: Reading package lists... 95%
20:55:10.580 - Info: 
20:55:10.580 - Info: Reading package lists... 95%
20:55:10.588 - Info: 
20:55:10.588 - Info: Reading package lists... 96%
20:55:10.611 - Info: 
20:55:10.611 - Info: Reading package lists... 98%
20:55:10.611 - Info: 
20:55:10.611 - Info: Reading package lists... 98%
20:55:10.614 - Info: 
20:55:10.614 - Info: Reading package lists... 98%
20:55:10.614 - Info: 
20:55:10.614 - Info: Reading package lists... 98%
20:55:10.696 - Info: 
20:55:10.696 - Info: Reading package lists... 98%
20:55:10.696 - Info: 
20:55:10.696 - Info: Reading package lists... 98%
20:55:10.818 - Info: 
20:55:10.818 - Info: Reading package lists... Done
20:55:10.818 - Info: 
20:55:10.818 - Info: 
20:55:11.387 - Info: *begin sudo -E apt-get -y --allow-downgrades  install /opt/nvidia/deb_repos/cuda-repo-ubuntu2404-13-2-local_13.2.1-595.58.03-1_arm64.deb, 5
20:55:11.387 - Info: 
20:55:11.561 - Info: 
20:55:11.561 - Info: Reading package lists... 0%
20:55:11.641 - Info: 
20:55:11.641 - Info: Reading package lists... 0%
20:55:11.655 - Info: 
20:55:11.655 - Info: Reading package lists... Done
20:55:11.655 - Info: 
20:55:11.655 - Info: 
20:55:11.680 - Info: 
20:55:11.680 - Info: Building dependency tree... 0%
20:55:11.680 - Info: 
20:55:11.680 - Info: Building dependency tree... 0%
20:55:11.683 - Info: 
20:55:11.683 - Info: Building dependency tree... 0%
20:55:11.903 - Info: 
20:55:11.903 - Info: Building dependency tree... 50%
20:55:11.903 - Info: 
20:55:11.903 - Info: Building dependency tree... 50%
20:55:12.385 - Info: 
20:55:12.385 - Info: Building dependency tree... 85%
20:55:12.572 - Info: 
20:55:12.572 - Info: Building dependency tree... Done
20:55:12.572 - Info: 
20:55:12.572 - Info: 
20:55:12.572 - Info: 
20:55:12.572 - Info: Reading state information... 0% 
20:55:12.572 - Info: 
20:55:12.572 - Info: Reading state information... 0%
20:55:12.577 - Info: 
20:55:12.577 - Info: Reading state information... Done
20:55:12.577 - Info: 
20:55:12.577 - Info: 
20:55:12.711 - Info: Note, selecting 'cuda-repo-ubuntu2404-13-2-local' instead of '/opt/nvidia/deb_repos/cuda-repo-ubuntu2404-13-2-local_13.2.1-595.58.03-1_arm64.deb'
20:55:12.711 - Info: 
20:55:17.821 - Info: The following NEW packages will be installed:
20:55:17.821 - Info: 
20:55:17.829 - Info:   cuda-repo-ubuntu2404-13-2-local
20:55:17.829 - Info: 
20:55:17.900 - Info: 0 upgraded, 1 newly installed, 0 to remove and 280 not upgraded.
20:55:17.900 - Info: 
20:55:17.905 - Info: Need to get 0 B/4,050 MB of archives.
20:55:17.905 - Info: 
20:55:17.906 - Info: After this operation, 4,064 MB of additional disk space will be used.
20:55:17.906 - Info: 
20:55:17.915 - Info: 
20:55:18.416 - Info: 0% [Working]
20:56:04.863 - Info:             
20:56:04.863 - Info: Get:1 /opt/nvidia/deb_repos/cuda-repo-ubuntu2404-13-2-local_13.2.1-595.58.03-1_arm64.deb cuda-repo-ubuntu2404-13-2-local arm64 13.2.1-595.58.03-1 [4,050 MB]
20:56:04.864 - Info: 
20:56:04.864 - Info: 
20:56:04.864 - Info: 100% [Working]
20:56:04.864 - Info:               
20:56:06.326 - Info: Selecting previously unselected package cuda-repo-ubuntu2404-13-2-local.
20:56:06.326 - Info: 
20:56:06.326 - Info: (Reading database ... 
20:56:06.346 - Info: (Reading database ... 5%
20:56:06.346 - Info: (Reading database ... 10%
20:56:06.346 - Info: (Reading database ... 15%
20:56:06.346 - Info: (Reading database ... 20%
20:56:06.346 - Info: (Reading database ... 25%
20:56:06.346 - Info: (Reading database ... 30%
20:56:06.346 - Info: (Reading database ... 35%
20:56:06.346 - Info: (Reading database ... 40%
20:56:06.346 - Info: (Reading database ... 45%
20:56:06.346 - Info: (Reading database ... 50%
20:56:06.352 - Info: (Reading database ... 55%
20:56:06.364 - Info: (Reading database ... 60%
20:56:06.375 - Info: (Reading database ... 65%
20:56:06.393 - Info: (Reading database ... 70%
20:56:06.430 - Info: (Reading database ... 75%
20:56:06.442 - Info: (Reading database ... 80%
20:56:06.459 - Info: (Reading database ... 85%
20:56:06.477 - Info: (Reading database ... 90%
20:56:06.495 - Info: (Reading database ... 95%
20:56:06.544 - Info: (Reading database ... 100%
20:56:06.544 - Info: (Reading database ... 195675 files and directories currently installed.)
20:56:06.544 - Info: 
20:56:06.562 - Info: Preparing to unpack .../cuda-repo-ubuntu2404-13-2-local_13.2.1-595.58.03-1_arm64.deb ...
20:56:06.562 - Info: 
20:56:06.568 - Info: Unpacking cuda-repo-ubuntu2404-13-2-local (13.2.1-595.58.03-1) ...
20:56:06.568 - Info: 
20:57:45.541 - Info: Setting up cuda-repo-ubuntu2404-13-2-local (13.2.1-595.58.03-1) ...
20:57:45.541 - Info: 
20:58:10.490 - Info: Package: *
20:58:10.490 - Info: 
20:58:10.490 - Info: 
20:58:10.558 - Info: Pin: origin ""
20:58:10.558 - Info: 
20:58:10.558 - Info: 
20:58:10.648 - Info: Pin-Priority: 999
20:58:10.648 - Info: 
20:58:10.648 - Info: 
20:58:12.845 - Info: *begin sudo apt-get -y update, 5
20:58:12.845 - Info: 
20:58:13.170 - Info: 
20:58:13.171 - Info: 0% [Working]
20:58:13.171 - Info:             
20:58:13.171 - Info: Get:1 file:/var/cuda-repo-ubuntu2404-13-2-local  InRelease [1,572 B]
20:58:13.171 - Info: 
20:58:13.191 - Info: 
20:58:13.191 - Info: 0% [Working]
20:58:13.191 - Info:             
20:58:13.191 - Info: Get:1 file:/var/cuda-repo-ubuntu2404-13-2-local  InRelease [1,572 B]
20:58:13.191 - Info: 
20:58:13.191 - Info: 
20:58:13.210 - Info: 0% [1 InRelease 0 B/1,572 B 0%] [Connecting to download.docker.com] [Connecting to repo.download.nvidia.com] [Connecting to ports.ubuntu.com]
20:58:13.210 - Info:                                                                                                                                              
20:58:13.295 - Info: 0% [Connecting to download.docker.com] [Connecting to repo.download.nvidia.com] [Connecting to ports.ubuntu.com]
20:58:13.295 - Info:                                                                                                                 
20:58:13.295 - Info: Hit:2 https://repo.download.nvidia.com/jetson/common r39.2 InRelease
20:58:13.295 - Info: 
20:58:13.295 - Info: 
20:58:13.295 - Info:                                                                                                                 
20:58:13.329 - Info: 0% [Connecting to download.docker.com] [Connecting to ports.ubuntu.com]
20:58:13.331 - Info: 0% [Connecting to download.docker.com] [Connected to repo.download.nvidia.com (23.205.151.162)] [Connecting to ports.ubuntu.com]
20:58:13.331 - Info:                                                                                                                                 
20:58:13.331 - Info: Get:3 file:/var/cuda-repo-ubuntu2404-13-2-local  Packages [37.3 kB]
20:58:13.331 - Info: 
20:58:13.331 - Info: 
20:58:13.349 - Info: 0% [3 Packages 0 B/37.3 kB 0%] [Connecting to download.docker.com] [Connected to repo.download.nvidia.com (23.205.151.162)] [Connecting to ports.ubuntu.com]
20:58:13.349 - Info:                                                                                                                                                             
20:58:13.350 - Info: 0% [Connecting to download.docker.com] [Connected to repo.download.nvidia.com (23.205.151.162)] [Connecting to ports.ubuntu.com]
20:58:13.350 - Info:                                                                                                                                 
20:58:13.352 - Info: 0% [3 Packages store 0 B] [Connecting to download.docker.com] [Waiting for headers] [Connecting to ports.ubuntu.com]
20:58:13.352 - Info:                                                                                                                     
20:58:13.352 - Info: Hit:4 https://repo.download.nvidia.com/jetson/som r39.2 InRelease
20:58:13.352 - Info: 
20:58:13.352 - Info: 
20:58:13.352 - Info:                                                                                                                     
20:58:13.353 - Info: 0% [3 Packages store 0 B] [Connecting to download.docker.com] [Connecting to ports.ubuntu.com]
20:58:13.408 - Info: 0% [Connecting to download.docker.com] [Connecting to repo.download.nvidia.com (23.205.151.162)] [Connecting to ports.ubuntu.com]
20:58:13.408 - Info:                                                                                                                                  
20:58:13.408 - Info: Hit:5 https://repo.download.nvidia.com/jetson/ffmpeg r39.2 InRelease
20:58:13.408 - Info: 
20:58:13.408 - Info: 
20:58:13.408 - Info:                                                                                                                                  
20:58:13.522 - Info: 0% [Connecting to download.docker.com] [Connecting to ports.ubuntu.com]
20:58:13.680 - Info: 0% [Connecting to download.docker.com] [Connecting to ports.ubuntu.com (91.189.91.102)]
20:58:13.842 - Info:                                                                                        
20:58:13.955 - Info: 0% [Connecting to download.docker.com] [Waiting for headers]
20:58:13.955 - Info:                                                             
20:58:13.955 - Info: Hit:6 http://ports.ubuntu.com/ubuntu-ports noble InRelease
20:58:13.955 - Info: 
20:58:13.955 - Info: 
20:58:13.955 - Info:                                                             
20:58:14.078 - Info: 0% [Connecting to download.docker.com]
20:58:14.196 - Info: 0% [Connecting to download.docker.com] [Waiting for headers]
20:58:14.198 - Info:                                                             
20:58:14.198 - Info: Hit:7 http://ports.ubuntu.com/ubuntu-ports noble-updates InRelease
20:58:14.198 - Info: 
20:58:14.198 - Info: 
20:58:14.198 - Info:                                                             
20:58:14.198 - Info: 0% [Waiting for headers]
20:58:14.198 - Info:                         
20:58:14.198 - Info: Hit:8 https://download.docker.com/linux/ubuntu noble InRelease
20:58:14.198 - Info: 
20:58:14.198 - Info: 
20:58:14.315 - Info: 0% [Waiting for headers]
20:58:14.428 - Info:                         
20:58:14.428 - Info: Hit:9 http://ports.ubuntu.com/ubuntu-ports noble-backports InRelease
20:58:14.429 - Info: 
20:58:14.429 - Info: 
20:58:14.429 - Info:                         
20:58:14.431 - Info: 0% [Working]
20:58:14.547 - Info: 0% [Waiting for headers]
20:58:14.665 - Info:                         
20:58:14.666 - Info: Hit:10 http://ports.ubuntu.com/ubuntu-ports noble-security InRelease
20:58:14.666 - Info: 
20:58:14.666 - Info: 
20:58:14.666 - Info:                         
20:58:14.797 - Info: 0% [Working]
20:58:14.797 - Info: 100% [Working]
20:58:14.797 - Info:               
20:58:15.044 - Info: 
20:58:15.044 - Info: Reading package lists... 0%
20:58:15.063 - Info: 
20:58:15.063 - Info: Reading package lists... 0%
20:58:15.066 - Info: 
20:58:15.066 - Info: Reading package lists... 0%
20:58:15.066 - Info: 
20:58:15.066 - Info: Reading package lists... 0%
20:58:15.071 - Info: 
20:58:15.071 - Info: Reading package lists... 0%
20:58:15.071 - Info: 
20:58:15.071 - Info: Reading package lists... 0%
20:58:15.073 - Info: 
20:58:15.073 - Info: Reading package lists... 0%
20:58:15.073 - Info: 
20:58:15.073 - Info: Reading package lists... 0%
20:58:15.075 - Info: 
20:58:15.075 - Info: Reading package lists... 0%
20:58:15.075 - Info: 
20:58:15.075 - Info: Reading package lists... 0%
20:58:15.077 - Info: 
20:58:15.077 - Info: Reading package lists... 0%
20:58:15.077 - Info: 
20:58:15.077 - Info: Reading package lists... 0%
20:58:15.081 - Info: 
20:58:15.081 - Info: Reading package lists... 0%
20:58:15.158 - Info: 
20:58:15.158 - Info: Reading package lists... 3%
20:58:15.158 - Info: 
20:58:15.158 - Info: Reading package lists... 3%
20:58:15.169 - Info: 
20:58:15.169 - Info: Reading package lists... 5%
20:58:15.169 - Info: 
20:58:15.169 - Info: Reading package lists... 5%
20:58:15.812 - Info: 
20:58:15.812 - Info: Reading package lists... 27%
20:58:16.274 - Info: 
20:58:16.274 - Info: Reading package lists... 41%
20:58:16.274 - Info: 
20:58:16.274 - Info: Reading package lists... 41%
20:58:16.443 - Info: 
20:58:16.443 - Info: Reading package lists... 57%
20:58:16.443 - Info: 
20:58:16.443 - Info: Reading package lists... 57%
20:58:16.449 - Info: 
20:58:16.449 - Info: Reading package lists... 58%
20:58:16.449 - Info: 
20:58:16.449 - Info: Reading package lists... 58%
20:58:16.450 - Info: 
20:58:16.450 - Info: Reading package lists... 58%
20:58:16.450 - Info: 
20:58:16.450 - Info: Reading package lists... 58%
20:58:16.471 - Info: 
20:58:16.471 - Info: Reading package lists... 58%
20:58:16.471 - Info: 
20:58:16.471 - Info: Reading package lists... 58%
20:58:16.478 - Info: 
20:58:16.478 - Info: Reading package lists... 59%
20:58:16.478 - Info: 
20:58:16.478 - Info: Reading package lists... 59%
20:58:16.518 - Info: 
20:58:16.518 - Info: Reading package lists... 60%
20:58:16.575 - Info: 
20:58:16.575 - Info: Reading package lists... 62%
20:58:16.575 - Info: 
20:58:16.575 - Info: Reading package lists... 62%
20:58:16.593 - Info: 
20:58:16.593 - Info: Reading package lists... 64%
20:58:16.593 - Info: 
20:58:16.593 - Info: Reading package lists... 64%
20:58:16.740 - Info: 
20:58:16.740 - Info: Reading package lists... 69%
20:58:16.740 - Info: 
20:58:16.740 - Info: Reading package lists... 69%
20:58:16.764 - Info: 
20:58:16.765 - Info: Reading package lists... 71%
20:58:16.765 - Info: 
20:58:16.765 - Info: Reading package lists... 71%
20:58:16.895 - Info: 
20:58:16.895 - Info: Reading package lists... 77%
20:58:16.895 - Info: 
20:58:16.895 - Info: Reading package lists... 77%
20:58:16.929 - Info: 
20:58:16.929 - Info: Reading package lists... 80%
20:58:16.929 - Info: 
20:58:16.929 - Info: Reading package lists... 80%
20:58:16.934 - Info: 
20:58:16.934 - Info: Reading package lists... 80%
20:58:16.934 - Info: 
20:58:16.934 - Info: Reading package lists... 80%
20:58:16.936 - Info: 
20:58:16.936 - Info: Reading package lists... 80%
20:58:16.936 - Info: 
20:58:16.936 - Info: Reading package lists... 80%
20:58:16.941 - Info: 
20:58:16.941 - Info: Reading package lists... 80%
20:58:16.941 - Info: 
20:58:16.941 - Info: Reading package lists... 80%
20:58:16.941 - Info: 
20:58:16.941 - Info: Reading package lists... 80%
20:58:16.941 - Info: 
20:58:16.941 - Info: Reading package lists... 80%
20:58:16.945 - Info: 
20:58:16.945 - Info: Reading package lists... 80%
20:58:16.945 - Info: 
20:58:16.945 - Info: Reading package lists... 80%
20:58:16.946 - Info: 
20:58:16.946 - Info: Reading package lists... 80%
20:58:16.946 - Info: 
20:58:16.946 - Info: Reading package lists... 80%
20:58:16.946 - Info: 
20:58:16.946 - Info: Reading package lists... 80%
20:58:16.946 - Info: 
20:58:16.946 - Info: Reading package lists... 80%
20:58:16.947 - Info: 
20:58:16.947 - Info: Reading package lists... 80%
20:58:16.947 - Info: 
20:58:16.947 - Info: Reading package lists... 80%
20:58:16.979 - Info: 
20:58:16.979 - Info: Reading package lists... 83%
20:58:16.979 - Info: 
20:58:16.979 - Info: Reading package lists... 83%
20:58:16.994 - Info: 
20:58:16.994 - Info: Reading package lists... 84%
20:58:16.994 - Info: 
20:58:16.994 - Info: Reading package lists... 84%
20:58:17.038 - Info: 
20:58:17.038 - Info: Reading package lists... 88%
20:58:17.038 - Info: 
20:58:17.038 - Info: Reading package lists... 88%
20:58:17.055 - Info: 
20:58:17.055 - Info: Reading package lists... 90%
20:58:17.055 - Info: 
20:58:17.055 - Info: Reading package lists... 90%
20:58:17.117 - Info: 
20:58:17.117 - Info: Reading package lists... 95%
20:58:17.117 - Info: 
20:58:17.117 - Info: Reading package lists... 95%
20:58:17.149 - Info: 
20:58:17.149 - Info: Reading package lists... 98%
20:58:17.149 - Info: 
20:58:17.149 - Info: Reading package lists... 98%
20:58:17.152 - Info: 
20:58:17.152 - Info: Reading package lists... 98%
20:58:17.152 - Info: 
20:58:17.152 - Info: Reading package lists... 98%
20:58:17.233 - Info: 
20:58:17.233 - Info: Reading package lists... 98%
20:58:17.233 - Info: 
20:58:17.233 - Info: Reading package lists... 98%
20:58:17.243 - Info: 
20:58:17.243 - Info: Reading package lists... 99%
20:58:17.365 - Info: 
20:58:17.365 - Info: Reading package lists... Done
20:58:17.365 - Info: 
20:58:17.365 - Info: 
20:58:17.433 - Info: *begin sudo -E apt-get -y  install cuda-toolkit-13-2 , 5
20:58:17.433 - Info: 
20:58:17.600 - Info: 
20:58:17.600 - Info: Reading package lists... 0%
20:58:17.644 - Info: 
20:58:17.644 - Info: Reading package lists... 100%
20:58:17.644 - Info: 
20:58:17.644 - Info: Reading package lists... Done
20:58:17.644 - Info: 
20:58:17.644 - Info: 
20:58:17.651 - Info: 
20:58:17.651 - Info: Building dependency tree... 0%
20:58:17.651 - Info: 
20:58:17.651 - Info: Building dependency tree... 0%
20:58:17.883 - Info: 
20:58:17.883 - Info: Building dependency tree... 50%
20:58:17.883 - Info: 
20:58:17.883 - Info: Building dependency tree... 50%
20:58:18.346 - Info: 
20:58:18.346 - Info: Building dependency tree... 82%
20:58:18.584 - Info: 
20:58:18.584 - Info: Building dependency tree... Done
20:58:18.584 - Info: 
20:58:18.584 - Info: 
20:58:18.584 - Info: 
20:58:18.584 - Info: Reading state information... 0% 
20:58:18.584 - Info: 
20:58:18.584 - Info: Reading state information... 0%
20:58:18.590 - Info: 
20:58:18.590 - Info: Reading state information... Done
20:58:18.590 - Info: 
20:58:18.590 - Info: 
20:58:20.381 - Info: The following additional packages will be installed:
20:58:20.381 - Info: 
20:58:20.390 - Info:   build-essential cuda-command-line-tools-13-2 cuda-compiler-13-2 cuda-crt-13-2 cuda-cuobjdump-13-2 cuda-cupti-13-2 cuda-cupti-dev-13-2 cuda-cuxxfilt-13-2 cuda-documentation-13-2 cuda-gdb-13-2 cuda-libraries-13-2 cuda-libraries-dev-13-2 cuda-nsight-compute-13-2 cuda-nsight-systems-13-2 cuda-nvcc-13-2 cuda-nvdisasm-13-2 cuda-nvml-dev-13-2 cuda-nvprune-13-2 cuda-nvrtc-13-2 cuda-nvrtc-dev-13-2 cuda-nvtx-13-2 cuda-profiler-api-13-2 cuda-sanitizer-13-2 cuda-tileiras-13-2 cuda-tools-13-2 cuda-visual-tools-13-2 dpkg dpkg-dev fakeroot gds-tools-13-2 libalgorithm-diff-perl libalgorithm-diff-xs-perl libalgorithm-merge-perl libcublas-13-2 libcublas-dev-13-2 libcudla-13-2 libcudla-dev-13-2 libcufft-13-2 libcufft-dev-13-2 libcufile-13-2 libcufile-dev-13-2 libcuobjclient-13-2 libcuobjclient-dev-13-2 libcurand-13-2 libcurand-dev-13-2 libcusolver-13-2 libcusolver-dev-13-2 libcusparse-13-2 libcusparse-dev-13-2 libdpkg-perl libnpp-13-2 libnpp-dev-13-2 libnvfatbin-13-2 libnvfatbin-dev-13-2 libnvjitlink-13-2 libnvjitlink-dev-13-2 libnvjpeg-13-2 libnvjpeg-dev-13-2 libnvptxcompiler-13-2 libnvvm-13-2 libxcb-cursor0 libxcb-dri2-0 lto-disabled-list nsight-compute-2026.1.1 nsight-systems-2025.6.3
20:58:20.390 - Info: 
20:58:20.399 - Info: Suggested packages:
20:58:20.399 - Info: 
20:58:20.399 - Info:   debsig-verify debian-keyring bzr
20:58:20.399 - Info: 
20:58:20.399 - Info: Recommended packages:
20:58:20.399 - Info: 
20:58:20.399 - Info:   libfile-fcntllock-perl
20:58:20.399 - Info: 
20:58:20.530 - Info: The following NEW packages will be installed:
20:58:20.530 - Info: 
20:58:20.538 - Info:   build-essential cuda-command-line-tools-13-2 cuda-compiler-13-2 cuda-crt-13-2 cuda-cuobjdump-13-2 cuda-cupti-13-2 cuda-cupti-dev-13-2 cuda-cuxxfilt-13-2 cuda-documentation-13-2 cuda-gdb-13-2 cuda-libraries-13-2 cuda-libraries-dev-13-2 cuda-nsight-compute-13-2 cuda-nsight-systems-13-2 cuda-nvcc-13-2 cuda-nvdisasm-13-2 cuda-nvml-dev-13-2 cuda-nvprune-13-2 cuda-nvrtc-13-2 cuda-nvrtc-dev-13-2 cuda-nvtx-13-2 cuda-profiler-api-13-2 cuda-sanitizer-13-2 cuda-tileiras-13-2 cuda-toolkit-13-2 cuda-tools-13-2 cuda-visual-tools-13-2 dpkg-dev fakeroot gds-tools-13-2 libalgorithm-diff-perl libalgorithm-diff-xs-perl libalgorithm-merge-perl libcublas-13-2 libcublas-dev-13-2 libcudla-13-2 libcudla-dev-13-2 libcufft-13-2 libcufft-dev-13-2 libcufile-13-2 libcufile-dev-13-2 libcuobjclient-13-2 libcuobjclient-dev-13-2 libcurand-13-2 libcurand-dev-13-2 libcusolver-13-2 libcusolver-dev-13-2 libcusparse-13-2 libcusparse-dev-13-2 libnpp-13-2 libnpp-dev-13-2 libnvfatbin-13-2 libnvfatbin-dev-13-2 libnvjitlink-13-2 libnvjitlink-dev-13-2 libnvjpeg-13-2 libnvjpeg-dev-13-2 libnvptxcompiler-13-2 libnvvm-13-2 libxcb-cursor0 libxcb-dri2-0 lto-disabled-list nsight-compute-2026.1.1 nsight-systems-2025.6.3
20:58:20.539 - Info: 
20:58:20.542 - Info: The following packages will be upgraded:
20:58:20.542 - Info: 
20:58:20.550 - Info:   dpkg libdpkg-perl
20:58:20.550 - Info: 
20:58:20.611 - Info: 2 upgraded, 64 newly installed, 0 to remove and 278 not upgraded.
20:58:20.611 - Info: 
20:58:20.617 - Info: Need to get 2,774 kB/3,279 MB of archives.
20:58:20.617 - Info: 
20:58:20.617 - Info: After this operation, 5,731 MB of additional disk space will be used.
20:58:20.617 - Info: 
20:58:20.641 - Info: 
20:58:20.783 - Info: 0% [Working]
20:58:20.783 - Info:             
20:58:20.783 - Info: Get:1 file:/var/cuda-repo-ubuntu2404-13-2-local  cuda-cupti-13-2 13.2.75-1 [10.5 MB]
20:58:20.783 - Info: 
20:58:20.783 - Info: 
20:58:20.783 - Info: 0% [Connecting to ports.ubuntu.com (91.189.92.20)] [1 cuda-cupti-13-2 0 B/10.5 MB 0%]
20:58:20.783 - Info:                                                                                      
20:58:20.819 - Info: 1% [Connecting to ports.ubuntu.com (91.189.92.20)]
20:58:20.819 - Info:                                                   
20:58:20.819 - Info: Get:2 file:/var/cuda-repo-ubuntu2404-13-2-local  cuda-cupti-dev-13-2 13.2.75-1 [2,583 kB]
20:58:20.819 - Info: 
20:58:20.819 - Info: 
20:58:20.819 - Info: 1% [Connecting to ports.ubuntu.com (91.189.92.20)] [2 cuda-cupti-dev-13-2 0 B/2,583 kB 0%]
20:58:20.819 - Info:                                                                                           
20:58:20.875 - Info: 1% [Connecting to ports.ubuntu.com (91.189.92.20)]
20:58:20.875 - Info:                                                   
20:58:20.875 - Info: Get:3 file:/var/cuda-repo-ubuntu2404-13-2-local  cuda-nvdisasm-13-2 13.2.78-1 [4,223 kB]
20:58:20.875 - Info: 
20:58:20.875 - Info: 
20:58:20.875 - Info: 1% [Waiting for headers] [3 cuda-nvdisasm-13-2 0 B/4,223 kB 0%]
20:58:20.875 - Info:                                                                
20:58:20.880 - Info: 1% [Waiting for headers]
20:58:20.880 - Info:                         
20:58:20.880 - Info: Get:4 file:/var/cuda-repo-ubuntu2404-13-2-local  cuda-cuobjdump-13-2 13.2.78-1 [264 kB]
20:58:20.880 - Info: 
20:58:20.880 - Info: 
20:58:20.880 - Info: 1% [Waiting for headers] [4 cuda-cuobjdump-13-2 0 B/264 kB 0%]
20:58:20.880 - Info:                                                               
20:58:21.068 - Info: 2% [Waiting for headers]
20:58:21.068 - Info:                         
20:58:21.068 - Info: Get:5 http://ports.ubuntu.com/ubuntu-ports noble-updates/main arm64 dpkg arm64 1.22.6ubuntu6.6 [1,265 kB]
20:58:21.068 - Info: 
20:58:21.068 - Info: 
20:58:21.199 - Info: 2% [5 dpkg 5,498 B/1,265 kB 0%]
20:58:21.199 - Info:                                
20:58:21.199 - Info: Get:6 file:/var/cuda-repo-ubuntu2404-13-2-local  cuda-gdb-13-2 13.2.75-1 [25.1 MB]
20:58:21.199 - Info: 
20:58:21.199 - Info: 
20:58:21.199 - Info: 2% [5 dpkg 14.2 kB/1,265 kB 1%] [6 cuda-gdb-13-2 0 B/25.1 MB 0%]
20:58:21.199 - Info:                                                                 
20:58:21.201 - Info: 3% [5 dpkg 14.2 kB/1,265 kB 1%]
20:58:21.201 - Info:                                
20:58:21.201 - Info: Get:7 file:/var/cuda-repo-ubuntu2404-13-2-local  cuda-nvtx-13-2 13.2.75-1 [101 kB]
20:58:21.201 - Info: 
20:58:21.201 - Info: 
20:58:21.201 - Info: 3% [5 dpkg 14.2 kB/1,265 kB 1%] [7 cuda-nvtx-13-2 0 B/101 kB 0%]
20:58:21.201 - Info:                                                                 
20:58:21.304 - Info: 3% [5 dpkg 14.2 kB/1,265 kB 1%]
20:58:21.304 - Info:                                
20:58:21.304 - Info: Get:8 file:/var/cuda-repo-ubuntu2404-13-2-local  cuda-sanitizer-13-2 13.2.76-1 [7,941 kB]
20:58:21.304 - Info: 
20:58:21.304 - Info: 
20:58:21.304 - Info: 3% [5 dpkg 22.9 kB/1,265 kB 2%] [8 cuda-sanitizer-13-2 0 B/7,941 kB 0%]
20:58:21.304 - Info:                                                                        
20:58:21.304 - Info: 3% [5 dpkg 22.9 kB/1,265 kB 2%]
20:58:21.304 - Info:                                
20:58:21.304 - Info: Get:9 file:/var/cuda-repo-ubuntu2404-13-2-local  cuda-command-line-tools-13-2 13.2.1-1 [2,538 B]
20:58:21.304 - Info: 
20:58:21.304 - Info: 
20:58:21.304 - Info: 3% [5 dpkg 22.9 kB/1,265 kB 2%] [9 cuda-command-line-tools-13-2 0 B/2,538 B 0%]
20:58:21.304 - Info:                                                                                
20:58:21.306 - Info: 4% [5 dpkg 22.9 kB/1,265 kB 2%]
20:58:21.306 - Info:                                
20:58:21.306 - Info: Get:10 file:/var/cuda-repo-ubuntu2404-13-2-local  cuda-cuxxfilt-13-2 13.2.78-1 [55.9 kB]
20:58:21.306 - Info: 
20:58:21.306 - Info: 
20:58:21.306 - Info: 4% [5 dpkg 22.9 kB/1,265 kB 2%] [10 cuda-cuxxfilt-13-2 0 B/55.9 kB 0%]
20:58:21.306 - Info:                                                                       
20:58:21.773 - Info: 4% [5 dpkg 22.9 kB/1,265 kB 2%]
20:58:21.774 - Info:                                
20:58:21.774 - Info: Get:11 file:/var/cuda-repo-ubuntu2404-13-2-local  libnvvm-13-2 13.2.78-1 [40.2 MB]
20:58:21.774 - Info: 
20:58:21.774 - Info: 
20:58:21.774 - Info: 4% [5 dpkg 123 kB/1,265 kB 10%] [11 libnvvm-13-2 0 B/40.2 MB 0%]
20:58:21.774 - Info:                                                                 
20:58:21.775 - Info: 5% [5 dpkg 123 kB/1,265 kB 10%]
20:58:21.775 - Info:                                
20:58:21.775 - Info: Get:12 file:/var/cuda-repo-ubuntu2404-13-2-local  cuda-crt-13-2 13.2.78-1 [83.1 kB]
20:58:21.775 - Info: 
20:58:21.775 - Info: 
20:58:21.775 - Info: 5% [5 dpkg 123 kB/1,265 kB 10%] [12 cuda-crt-13-2 0 B/83.1 kB 0%]
20:58:21.775 - Info:                                                                  
20:58:21.934 - Info: 6% [5 dpkg 123 kB/1,265 kB 10%]
20:58:21.934 - Info:                                
20:58:21.934 - Info: Get:13 file:/var/cuda-repo-ubuntu2404-13-2-local  libnvptxcompiler-13-2 13.2.78-1 [13.6 MB]
20:58:21.934 - Info: 
20:58:21.934 - Info: 
20:58:21.934 - Info: 6% [5 dpkg 198 kB/1,265 kB 16%] [13 libnvptxcompiler-13-2 0 B/13.6 MB 0%]
20:58:21.934 - Info:                                                                          
20:58:22.256 - Info: 6% [5 dpkg 198 kB/1,265 kB 16%]
20:58:22.256 - Info:                                
20:58:22.256 - Info: Get:14 file:/var/cuda-repo-ubuntu2404-13-2-local  cuda-nvcc-13-2 13.2.78-1 [26.7 MB]
20:58:22.256 - Info: 
20:58:22.256 - Info: 
20:58:22.256 - Info: 6% [5 dpkg 553 kB/1,265 kB 44%] [14 cuda-nvcc-13-2 0 B/26.7 MB 0%]
20:58:22.256 - Info:                                                                   
20:58:22.263 - Info: 7% [5 dpkg 553 kB/1,265 kB 44%]
20:58:22.263 - Info:                                
20:58:22.263 - Info: Get:15 file:/var/cuda-repo-ubuntu2404-13-2-local  cuda-nvprune-13-2 13.2.78-1 [482 kB]
20:58:22.263 - Info: 
20:58:22.263 - Info: 
20:58:22.263 - Info: 7% [5 dpkg 567 kB/1,265 kB 45%] [15 cuda-nvprune-13-2 0 B/482 kB 0%]
20:58:22.263 - Info:                                                                     
20:58:22.528 - Info: 7% [5 dpkg 567 kB/1,265 kB 45%]
20:58:22.528 - Info:                                
20:58:22.656 - Info: 8% [Working]
20:58:22.656 - Info:             
20:58:22.656 - Info: Get:16 file:/var/cuda-repo-ubuntu2404-13-2-local  cuda-tileiras-13-2 13.2.78-1 [23.7 MB]
20:58:22.656 - Info: 
20:58:22.656 - Info: 
20:58:22.656 - Info: 8% [Waiting for headers] [16 cuda-tileiras-13-2 0 B/23.7 MB 0%]
20:58:22.656 - Info:                                                                
20:58:22.656 - Info: 9% [Waiting for headers]
20:58:22.656 - Info:                         
20:58:22.656 - Info: Get:17 file:/var/cuda-repo-ubuntu2404-13-2-local  cuda-compiler-13-2 13.2.1-1 [2,534 B]
20:58:22.656 - Info: 
20:58:22.656 - Info: 
20:58:22.656 - Info: 9% [Waiting for headers] [17 cuda-compiler-13-2 0 B/2,534 B 0%]
20:58:22.656 - Info:                                                                
20:58:22.658 - Info: 9% [Waiting for headers]
20:58:22.658 - Info:                         
20:58:22.658 - Info: Get:18 file:/var/cuda-repo-ubuntu2404-13-2-local  cuda-documentation-13-2 13.2.75-1 [50.9 kB]
20:58:22.658 - Info: 
20:58:22.658 - Info: 
20:58:22.658 - Info: 9% [Waiting for headers] [18 cuda-documentation-13-2 0 B/50.9 kB 0%]
20:58:22.658 - Info:                                                                     
20:58:22.740 - Info: 9% [Waiting for headers]
20:58:22.740 - Info:                         
20:58:22.740 - Info: Get:19 http://ports.ubuntu.com/ubuntu-ports noble-updates/main arm64 libdpkg-perl all 1.22.6ubuntu6.6 [268 kB]
20:58:22.740 - Info: 
20:58:22.740 - Info: 
20:58:22.770 - Info: 9% [19 libdpkg-perl 6,948 B/268 kB 3%]
20:58:22.770 - Info:                                       
20:58:22.770 - Info: 10% [Working]
20:58:22.770 - Info:              
20:58:22.770 - Info: Get:20 http://ports.ubuntu.com/ubuntu-ports noble/main arm64 lto-disabled-list all 47 [12.4 kB]
20:58:22.770 - Info: 
20:58:22.770 - Info: 
20:58:22.771 - Info: 10% [20 lto-disabled-list 326 B/12.4 kB 3%]
20:58:22.771 - Info:                                            
20:58:22.771 - Info: 10% [Working]
20:58:22.771 - Info:              
20:58:22.771 - Info: Get:21 http://ports.ubuntu.com/ubuntu-ports noble-updates/main arm64 dpkg-dev all 1.22.6ubuntu6.6 [1,074 kB]
20:58:22.771 - Info: 
20:58:22.771 - Info: 
20:58:22.959 - Info: 10% [21 dpkg-dev 0 B/1,074 kB 0%]
20:58:22.959 - Info:                                  
20:58:22.959 - Info: 10% [Waiting for headers]
20:58:22.959 - Info:                          
20:58:22.959 - Info: Get:22 http://ports.ubuntu.com/ubuntu-ports noble/main arm64 build-essential arm64 12.10ubuntu1 [4,932 B]
20:58:22.959 - Info: 
20:58:22.959 - Info: 
20:58:22.959 - Info:                          
20:58:22.959 - Info: Get:23 http://ports.ubuntu.com/ubuntu-ports noble/universe arm64 libxcb-cursor0 arm64 0.1.4-1build1 [10.6 kB]
20:58:22.959 - Info: 
20:58:22.959 - Info: 
20:58:22.959 - Info: 11% [23 libxcb-cursor0 8,192 B/10.6 kB 77%]
20:58:22.959 - Info:                                            
20:58:22.959 - Info: 11% [Waiting for headers]
20:58:22.959 - Info:                          
20:58:22.959 - Info: Get:24 http://ports.ubuntu.com/ubuntu-ports noble/main arm64 libxcb-dri2-0 arm64 1.15-1ubuntu2 [7,418 B]
20:58:22.959 - Info: 
20:58:22.959 - Info: 
20:58:22.960 - Info: 11% [24 libxcb-dri2-0 3,299 B/7,418 B 44%]
20:58:22.960 - Info:                                           
20:58:22.960 - Info: 11% [Working]
20:58:22.960 - Info:              
20:58:22.960 - Info: Get:25 http://ports.ubuntu.com/ubuntu-ports noble/main arm64 fakeroot arm64 1.33-1 [66.9 kB]
20:58:22.960 - Info: 
20:58:22.960 - Info: 
20:58:22.972 - Info: 11% [25 fakeroot 2,830 B/66.9 kB 4%]
20:58:22.972 - Info:                                     
20:58:22.972 - Info: 11% [Working]
20:58:22.972 - Info:              
20:58:22.972 - Info: Get:26 http://ports.ubuntu.com/ubuntu-ports noble/main arm64 libalgorithm-diff-perl all 1.201-1 [41.8 kB]
20:58:22.972 - Info: 
20:58:22.972 - Info: 
20:58:22.973 - Info: 11% [26 libalgorithm-diff-perl 5,864 B/41.8 kB 14%]
20:58:22.973 - Info:                                                    
20:58:22.973 - Info: 12% [Working]
20:58:22.973 - Info:              
20:58:22.973 - Info: Get:27 http://ports.ubuntu.com/ubuntu-ports noble/main arm64 libalgorithm-diff-xs-perl arm64 0.04-8build3 [10.9 kB]
20:58:22.973 - Info: 
20:58:22.973 - Info: 
20:58:22.974 - Info: 12% [27 libalgorithm-diff-xs-perl 10.9 kB/10.9 kB 100%]
20:58:22.974 - Info:                                                        
20:58:22.974 - Info: 12% [Working]
20:58:22.974 - Info:              
20:58:22.974 - Info: Get:28 http://ports.ubuntu.com/ubuntu-ports noble/main arm64 libalgorithm-merge-perl all 0.08-5 [11.4 kB]
20:58:22.974 - Info: 
20:58:22.974 - Info: 
20:58:22.975 - Info: 12% [28 libalgorithm-merge-perl 8,404 B/11.4 kB 74%]
20:58:22.975 - Info:                                                     
20:58:23.060 - Info: 12% [Working]
20:58:23.060 - Info:              
20:58:23.061 - Info: Get:29 file:/var/cuda-repo-ubuntu2404-13-2-local  cuda-nvrtc-13-2 13.2.78-1 [29.7 MB]
20:58:23.061 - Info: 
20:58:23.061 - Info: 
20:58:23.061 - Info: 12% [29 cuda-nvrtc-13-2 0 B/29.7 MB 0%]
20:58:23.061 - Info:                                        
20:58:23.561 - Info: 13% [Working]
20:58:27.567 - Info: 13% [Working]                                                                                                                                                                                                                                                                                                                                                                                                                                                                                                                                                                                                                                                                                                                                                                                                                                                                                                                                                                                                                                                                                                                                                                                                                                                                                                                                                                                                                                                                                                                                                                                                                                                                                                                                                                                                                                                                                                                                                                                                                                                29.2 MB/s 1min 45s
20:58:31.101 - Info:                                                                                                                                                                                                                                                                                                                                                                                                                                                                                                                                                                                                                                                                                                                                                                                                                                                                                                                                                                                                                                                                                                                                                                                                                                                                                                                                                                                                                                                                                                                                                                                                                                                                                                                                                                                                                                                                                                                                                                                                                                                                                
20:58:31.101 - Info: Get:30 file:/var/cuda-repo-ubuntu2404-13-2-local  libcublas-13-2 13.4.0.1-1 [484 MB]
20:58:31.101 - Info: 
20:58:31.101 - Info: 
20:58:31.101 - Info: 13% [30 libcublas-13-2 0 B/484 MB 0%]                                                                                                                                                                                                                                                                                                                                                                                                                                                                                                                                                                                                                                                                                                                                                                                                                                                                                                                                                                                                                                                                                                                                                                                                                                                                                                                                                                                                                                                                                                                                                                                                                                                                                                                                                                                                                                                                                                                                                                                                                        29.2 MB/s 1min 45s
20:58:31.603 - Info: 25% [Working]                                                                                                                                                                                                                                                                                                                                                                                                                                                                                                                                                                                                                                                                                                                                                                                                                                                                                                                                                                                                                                                                                                                                                                                                                                                                                                                                                                                                                                                                                                                                                                                                                                                                                                                                                                                                                                                                                                                                                                                                                                                29.2 MB/s 1min 29s
20:58:33.336 - Info: 25% [Working]                                                                                                                                                                                                                                                                                                                                                                                                                                                                                                                                                                                                                                                                                                                                                                                                                                                                                                                                                                                                                                                                                                                                                                                                                                                                                                                                                                                                                                                                                                                                                                                                                                                                                                                                                                                                                                                                                                                                                                                                                                                     80.1 MB/s 32s
20:58:33.336 - Info:                                                                                                                                                                                                                                                                                                                                                                                                                                                                                                                                                                                                                                                                                                                                                                                                                                                                                                                                                                                                                                                                                                                                                                                                                                                                                                                                                                                                                                                                                                                                                                                                                                                                                                                                                                                                                                                                                                                                                                                                                                                                                
20:58:33.336 - Info: Get:31 file:/var/cuda-repo-ubuntu2404-13-2-local  libcufft-13-2 12.2.0.46-1 [181 MB]
20:58:33.336 - Info: 
20:58:33.336 - Info: 
20:58:33.336 - Info: 25% [31 libcufft-13-2 0 B/181 MB 0%]                                                                                                                                                                                                                                                                                                                                                                                                                                                                                                                                                                                                                                                                                                                                                                                                                                                                                                                                                                                                                                                                                                                                                                                                                                                                                                                                                                                                                                                                                                                                                                                                                                                                                                                                                                                                                                                                                                                                                                                                                              80.1 MB/s 32s
20:58:33.346 - Info: 30% [Working]                                                                                                                                                                                                                                                                                                                                                                                                                                                                                                                                                                                                                                                                                                                                                                                                                                                                                                                                                                                                                                                                                                                                                                                                                                                                                                                                                                                                                                                                                                                                                                                                                                                                                                                                                                                                                                                                                                                                                                                                                                                     80.1 MB/s 30s
20:58:33.346 - Info:                                                                                                                                                                                                                                                                                                                                                                                                                                                                                                                                                                                                                                                                                                                                                                                                                                                                                                                                                                                                                                                                                                                                                                                                                                                                                                                                                                                                                                                                                                                                                                                                                                                                                                                                                                                                                                                                                                                                                                                                                                                                                
20:58:33.346 - Info: Get:32 file:/var/cuda-repo-ubuntu2404-13-2-local  libcufile-13-2 1.17.1.22-1 [827 kB]
20:58:33.346 - Info: 
20:58:33.346 - Info: 
20:58:33.346 - Info: 30% [32 libcufile-13-2 0 B/827 kB 0%]                                                                                                                                                                                                                                                                                                                                                                                                                                                                                                                                                                                                                                                                                                                                                                                                                                                                                                                                                                                                                                                                                                                                                                                                                                                                                                                                                                                                                                                                                                                                                                                                                                                                                                                                                                                                                                                                                                                                                                                                                             80.1 MB/s 30s
20:58:33.349 - Info: 31% [Working]                                                                                                                                                                                                                                                                                                                                                                                                                                                                                                                                                                                                                                                                                                                                                                                                                                                                                                                                                                                                                                                                                                                                                                                                                                                                                                                                                                                                                                                                                                                                                                                                                                                                                                                                                                                                                                                                                                                                                                                                                                                     80.1 MB/s 30s
20:58:33.349 - Info:                                                                                                                                                                                                                                                                                                                                                                                                                                                                                                                                                                                                                                                                                                                                                                                                                                                                                                                                                                                                                                                                                                                                                                                                                                                                                                                                                                                                                                                                                                                                                                                                                                                                                                                                                                                                                                                                                                                                                                                                                                                                                
20:58:33.349 - Info: Get:33 file:/var/cuda-repo-ubuntu2404-13-2-local  libcudla-13-2 13.2.75-1 [32.4 kB]
20:58:33.349 - Info: 
20:58:33.349 - Info: 
20:58:33.349 - Info: 31% [33 libcudla-13-2 0 B/32.4 kB 0%]                                                                                                                                                                                                                                                                                                                                                                                                                                                                                                                                                                                                                                                                                                                                                                                                                                                                                                                                                                                                                                                                                                                                                                                                                                                                                                                                                                                                                                                                                                                                                                                                                                                                                                                                                                                                                                                                                                                                                                                                                             80.1 MB/s 30s
20:58:33.351 - Info: 31% [Working]                                                                                                                                                                                                                                                                                                                                                                                                                                                                                                                                                                                                                                                                                                                                                                                                                                                                                                                                                                                                                                                                                                                                                                                                                                                                                                                                                                                                                                                                                                                                                                                                                                                                                                                                                                                                                                                                                                                                                                                                                                                     80.1 MB/s 30s
20:58:33.351 - Info:                                                                                                                                                                                                                                                                                                                                                                                                                                                                                                                                                                                                                                                                                                                                                                                                                                                                                                                                                                                                                                                                                                                                                                                                                                                                                                                                                                                                                                                                                                                                                                                                                                                                                                                                                                                                                                                                                                                                                                                                                                                                                
20:58:33.351 - Info: Get:34 file:/var/cuda-repo-ubuntu2404-13-2-local  libcuobjclient-13-2 1.1.1.22-1 [152 kB]
20:58:33.351 - Info: 
20:58:33.351 - Info: 
20:58:33.352 - Info: 31% [34 libcuobjclient-13-2 0 B/152 kB 0%]                                                                                                                                                                                                                                                                                                                                                                                                                                                                                                                                                                                                                                                                                                                                                                                                                                                                                                                                                                                                                                                                                                                                                                                                                                                                                                                                                                                                                                                                                                                                                                                                                                                                                                                                                                                                                                                                                                                                                                                                                        80.1 MB/s 30s
20:58:33.853 - Info: 31% [Working]                                                                                                                                                                                                                                                                                                                                                                                                                                                                                                                                                                                                                                                                                                                                                                                                                                                                                                                                                                                                                                                                                                                                                                                                                                                                                                                                                                                                                                                                                                                                                                                                                                                                                                                                                                                                                                                                                                                                                                                                                                                     80.1 MB/s 30s
20:58:33.862 - Info:                                                                                                                                                                                                                                                                                                                                                                                                                                                                                                                                                                                                                                                                                                                                                                                                                                                                                                                                                                                                                                                                                                                                                                                                                                                                                                                                                                                                                                                                                                                                                                                                                                                                                                                                                                                                                                                                                                                                                                                                                                                                                
20:58:33.862 - Info: Get:35 file:/var/cuda-repo-ubuntu2404-13-2-local  libcurand-13-2 10.4.2.55-1 [43.9 MB]
20:58:33.862 - Info: 
20:58:33.862 - Info: 
20:58:34.363 - Info: 33% [Working]                                                                                                                                                                                                                                                                                                                                                                                                                                                                                                                                                                                                                                                                                                                                                                                                                                                                                                                                                                                                                                                                                                                                                                                                                                                                                                                                                                                                                                                                                                                                                                                                                                                                                                                                                                                                                                                                                                                                                                                                                                                     80.1 MB/s 29s
20:58:36.147 - Info:                                                                                                                                                                                                                                                                                                                                                                                                                                                                                                                                                                                                                                                                                                                                                                                                                                                                                                                                                                                                                                                                                                                                                                                                                                                                                                                                                                                                                                                                                                                                                                                                                                                                                                                                                                                                                                                                                                                                                                                                                                                                                
20:58:36.147 - Info: Get:36 file:/var/cuda-repo-ubuntu2404-13-2-local  libcusolver-13-2 12.2.0.1-1 [196 MB]
20:58:36.147 - Info: 
20:58:36.147 - Info: 
20:58:36.647 - Info: 38% [Working]                                                                                                                                                                                                                                                                                                                                                                                                                                                                                                                                                                                                                                                                                                                                                                                                                                                                                                                                                                                                                                                                                                                                                                                                                                                                                                                                                                                                                                                                                                                                                                                                                                                                                                                                                                                                                                                                                                                                                                                                                                                     80.1 MB/s 27s
20:58:37.970 - Info:                                                                                                                                                                                                                                                                                                                                                                                                                                                                                                                                                                                                                                                                                                                                                                                                                                                                                                                                                                                                                                                                                                                                                                                                                                                                                                                                                                                                                                                                                                                                                                                                                                                                                                                                                                                                                                                                                                                                                                                                                                                                                
20:58:37.971 - Info: Get:37 file:/var/cuda-repo-ubuntu2404-13-2-local  libcusparse-13-2 12.7.10.1-1 [158 MB]
20:58:37.971 - Info: 
20:58:37.971 - Info: 
20:58:38.473 - Info: 42% [Working]                                                                                                                                                                                                                                                                                                                                                                                                                                                                                                                                                                                                                                                                                                                                                                                                                                                                                                                                                                                                                                                                                                                                                                                                                                                                                                                                                                                                                                                                                                                                                                                                                                                                                                                                                                                                                                                                                                                                                                                                                                                     80.1 MB/s 25s
20:58:39.450 - Info:                                                                                                                                                                                                                                                                                                                                                                                                                                                                                                                                                                                                                                                                                                                                                                                                                                                                                                                                                                                                                                                                                                                                                                                                                                                                                                                                                                                                                                                                                                                                                                                                                                                                                                                                                                                                                                                                                                                                                                                                                                                                                
20:58:39.450 - Info: Get:38 file:/var/cuda-repo-ubuntu2404-13-2-local  libnpp-13-2 13.1.0.48-1 [128 MB]
20:58:39.450 - Info: 
20:58:39.450 - Info: 
20:58:39.756 - Info: 45% [Working]                                                                                                                                                                                                                                                                                                                                                                                                                                                                                                                                                                                                                                                                                                                                                                                                                                                                                                                                                                                                                                                                                                                                                                                                                                                                                                                                                                                                                                                                                                                                                                                                                                                                                                                                                                                                                                                                                                                                                                                                                                                      111 MB/s 17s
20:58:39.757 - Info:                                                                                                                                                                                                                                                                                                                                                                                                                                                                                                                                                                                                                                                                                                                                                                                                                                                                                                                                                                                                                                                                                                                                                                                                                                                                                                                                                                                                                                                                                                                                                                                                                                                                                                                                                                                                                                                                                                                                                                                                                                                                                
20:58:39.757 - Info: Get:39 file:/var/cuda-repo-ubuntu2404-13-2-local  libnvjitlink-13-2 13.2.78-1 [26.3 MB]
20:58:39.757 - Info: 
20:58:39.757 - Info: 
20:58:39.761 - Info: 46% [Working]                                                                                                                                                                                                                                                                                                                                                                                                                                                                                                                                                                                                                                                                                                                                                                                                                                                                                                                                                                                                                                                                                                                                                                                                                                                                                                                                                                                                                                                                                                                                                                                                                                                                                                                                                                                                                                                                                                                                                                                                                                                      111 MB/s 16s
20:58:39.761 - Info:                                                                                                                                                                                                                                                                                                                                                                                                                                                                                                                                                                                                                                                                                                                                                                                                                                                                                                                                                                                                                                                                                                                                                                                                                                                                                                                                                                                                                                                                                                                                                                                                                                                                                                                                                                                                                                                                                                                                                                                                                                                                                
20:58:39.761 - Info: Get:40 file:/var/cuda-repo-ubuntu2404-13-2-local  libnvfatbin-13-2 13.2.78-1 [389 kB]
20:58:39.761 - Info: 
20:58:39.761 - Info: 
20:58:39.761 - Info: 46% [40 libnvfatbin-13-2 0 B/389 kB 0%]                                                                                                                                                                                                                                                                                                                                                                                                                                                                                                                                                                                                                                                                                                                                                                                                                                                                                                                                                                                                                                                                                                                                                                                                                                                                                                                                                                                                                                                                                                                                                                                                                                                                                                                                                                                                                                                                                                                                                                                                                            111 MB/s 16s
20:58:39.799 - Info: 46% [Working]                                                                                                                                                                                                                                                                                                                                                                                                                                                                                                                                                                                                                                                                                                                                                                                                                                                                                                                                                                                                                                                                                                                                                                                                                                                                                                                                                                                                                                                                                                                                                                                                                                                                                                                                                                                                                                                                                                                                                                                                                                                      111 MB/s 16s
20:58:39.799 - Info:                                                                                                                                                                                                                                                                                                                                                                                                                                                                                                                                                                                                                                                                                                                                                                                                                                                                                                                                                                                                                                                                                                                                                                                                                                                                                                                                                                                                                                                                                                                                                                                                                                                                                                                                                                                                                                                                                                                                                                                                                                                                                
20:58:39.799 - Info: Get:41 file:/var/cuda-repo-ubuntu2404-13-2-local  libnvjpeg-13-2 13.1.0.48-1 [3,180 kB]
20:58:39.799 - Info: 
20:58:39.799 - Info: 
20:58:39.800 - Info: 47% [Working]                                                                                                                                                                                                                                                                                                                                                                                                                                                                                                                                                                                                                                                                                                                                                                                                                                                                                                                                                                                                                                                                                                                                                                                                                                                                                                                                                                                                                                                                                                                                                                                                                                                                                                                                                                                                                                                                                                                                                                                                                                                      111 MB/s 16s
20:58:39.800 - Info:                                                                                                                                                                                                                                                                                                                                                                                                                                                                                                                                                                                                                                                                                                                                                                                                                                                                                                                                                                                                                                                                                                                                                                                                                                                                                                                                                                                                                                                                                                                                                                                                                                                                                                                                                                                                                                                                                                                                                                                                                                                                                
20:58:39.800 - Info: Get:42 file:/var/cuda-repo-ubuntu2404-13-2-local  cuda-libraries-13-2 13.2.1-1 [2,622 B]
20:58:39.800 - Info: 
20:58:39.800 - Info: 
20:58:39.801 - Info: 47% [Working]                                                                                                                                                                                                                                                                                                                                                                                                                                                                                                                                                                                                                                                                                                                                                                                                                                                                                                                                                                                                                                                                                                                                                                                                                                                                                                                                                                                                                                                                                                                                                                                                                                                                                                                                                                                                                                                                                                                                                                                                                                                      111 MB/s 16s
20:58:39.801 - Info:                                                                                                                                                                                                                                                                                                                                                                                                                                                                                                                                                                                                                                                                                                                                                                                                                                                                                                                                                                                                                                                                                                                                                                                                                                                                                                                                                                                                                                                                                                                                                                                                                                                                                                                                                                                                                                                                                                                                                                                                                                                                                
20:58:39.801 - Info: Get:43 file:/var/cuda-repo-ubuntu2404-13-2-local  cuda-profiler-api-13-2 13.2.75-1 [19.6 kB]
20:58:39.801 - Info: 
20:58:39.801 - Info: 
20:58:40.132 - Info: 47% [Working]                                                                                                                                                                                                                                                                                                                                                                                                                                                                                                                                                                                                                                                                                                                                                                                                                                                                                                                                                                                                                                                                                                                                                                                                                                                                                                                                                                                                                                                                                                                                                                                                                                                                                                                                                                                                                                                                                                                                                                                                                                                      111 MB/s 16s
20:58:40.132 - Info:                                                                                                                                                                                                                                                                                                                                                                                                                                                                                                                                                                                                                                                                                                                                                                                                                                                                                                                                                                                                                                                                                                                                                                                                                                                                                                                                                                                                                                                                                                                                                                                                                                                                                                                                                                                                                                                                                                                                                                                                                                                                                
20:58:40.132 - Info: Get:44 file:/var/cuda-repo-ubuntu2404-13-2-local  cuda-nvrtc-dev-13-2 13.2.78-1 [26.2 MB]
20:58:40.132 - Info: 
20:58:40.132 - Info: 
20:58:40.632 - Info: 48% [Working]                                                                                                                                                                                                                                                                                                                                                                                                                                                                                                                                                                                                                                                                                                                                                                                                                                                                                                                                                                                                                                                                                                                                                                                                                                                                                                                                                                                                                                                                                                                                                                                                                                                                                                                                                                                                                                                                                                                                                                                                                                                      111 MB/s 16s
20:58:46.142 - Info: 48% [Working]                                                                                                                                                                                                                                                                                                                                                                                                                                                                                                                                                                                                                                                                                                                                                                                                                                                                                                                                                                                                                                                                                                                                                                                                                                                                                                                                                                                                                                                                                                                                                                                                                                                                                                                                                                                                                                                                                                                                                                                                                                               9,058 kB/s 3min 23s
20:58:46.806 - Info:                                                                                                                                                                                                                                                                                                                                                                                                                                                                                                                                                                                                                                                                                                                                                                                                                                                                                                                                                                                                                                                                                                                                                                                                                                                                                                                                                                                                                                                                                                                                                                                                                                                                                                                                                                                                                                                                                                                                                                                                                                                                                
20:58:46.806 - Info: Get:45 file:/var/cuda-repo-ubuntu2404-13-2-local  libcublas-dev-13-2 13.4.0.1-1 [538 MB]
20:58:46.806 - Info: 
20:58:46.806 - Info: 
20:58:46.806 - Info: 48% [45 libcublas-dev-13-2 0 B/538 MB 0%]                                                                                                                                                                                                                                                                                                                                                                                                                                                                                                                                                                                                                                                                                                                                                                                                                                                                                                                                                                                                                                                                                                                                                                                                                                                                                                                                                                                                                                                                                                                                                                                                                                                                                                                                                                                                                                                                                                                                                                                                                   9,058 kB/s 3min 23s
20:58:47.307 - Info: 62% [Working]                                                                                                                                                                                                                                                                                                                                                                                                                                                                                                                                                                                                                                                                                                                                                                                                                                                                                                                                                                                                                                                                                                                                                                                                                                                                                                                                                                                                                                                                                                                                                                                                                                                                                                                                                                                                                                                                                                                                                                                                                                               9,058 kB/s 2min 24s
20:58:49.096 - Info:                                                                                                                                                                                                                                                                                                                                                                                                                                                                                                                                                                                                                                                                                                                                                                                                                                                                                                                                                                                                                                                                                                                                                                                                                                                                                                                                                                                                                                                                                                                                                                                                                                                                                                                                                                                                                                                                                                                                                                                                                                                                                
20:58:49.096 - Info: Get:46 file:/var/cuda-repo-ubuntu2404-13-2-local  libcufft-dev-13-2 12.2.0.46-1 [182 MB]
20:58:49.096 - Info: 
20:58:49.096 - Info: 
20:58:49.096 - Info: 62% [46 libcufft-dev-13-2 0 B/182 MB 0%]                                                                                                                                                                                                                                                                                                                                                                                                                                                                                                                                                                                                                                                                                                                                                                                                                                                                                                                                                                                                                                                                                                                                                                                                                                                                                                                                                                                                                                                                                                                                                                                                                                                                                                                                                                                                                                                                                                                                                                                                                    9,058 kB/s 2min 24s
20:58:49.133 - Info: 67% [Working]                                                                                                                                                                                                                                                                                                                                                                                                                                                                                                                                                                                                                                                                                                                                                                                                                                                                                                                                                                                                                                                                                                                                                                                                                                                                                                                                                                                                                                                                                                                                                                                                                                                                                                                                                                                                                                                                                                                                                                                                                                                9,058 kB/s 2min 4s
20:58:49.133 - Info:                                                                                                                                                                                                                                                                                                                                                                                                                                                                                                                                                                                                                                                                                                                                                                                                                                                                                                                                                                                                                                                                                                                                                                                                                                                                                                                                                                                                                                                                                                                                                                                                                                                                                                                                                                                                                                                                                                                                                                                                                                                                                
20:58:49.133 - Info: Get:47 file:/var/cuda-repo-ubuntu2404-13-2-local  libcufile-dev-13-2 1.17.1.22-1 [2,861 kB]
20:58:49.134 - Info: 
20:58:49.134 - Info: 
20:58:49.134 - Info: 67% [47 libcufile-dev-13-2 0 B/2,861 kB 0%]                                                                                                                                                                                                                                                                                                                                                                                                                                                                                                                                                                                                                                                                                                                                                                                                                                                                                                                                                                                                                                                                                                                                                                                                                                                                                                                                                                                                                                                                                                                                                                                                                                                                                                                                                                                                                                                                                                                                                                                                                  9,058 kB/s 2min 4s
20:58:49.134 - Info: 67% [Working]                                                                                                                                                                                                                                                                                                                                                                                                                                                                                                                                                                                                                                                                                                                                                                                                                                                                                                                                                                                                                                                                                                                                                                                                                                                                                                                                                                                                                                                                                                                                                                                                                                                                                                                                                                                                                                                                                                                                                                                                                                                9,058 kB/s 2min 3s
20:58:49.134 - Info:                                                                                                                                                                                                                                                                                                                                                                                                                                                                                                                                                                                                                                                                                                                                                                                                                                                                                                                                                                                                                                                                                                                                                                                                                                                                                                                                                                                                                                                                                                                                                                                                                                                                                                                                                                                                                                                                                                                                                                                                                                                                                
20:58:49.134 - Info: Get:48 file:/var/cuda-repo-ubuntu2404-13-2-local  libcudla-dev-13-2 13.2.75-1 [28.6 kB]
20:58:49.134 - Info: 
20:58:49.134 - Info: 
20:58:49.135 - Info: 67% [48 libcudla-dev-13-2 0 B/28.6 kB 0%]                                                                                                                                                                                                                                                                                                                                                                                                                                                                                                                                                                                                                                                                                                                                                                                                                                                                                                                                                                                                                                                                                                                                                                                                                                                                                                                                                                                                                                                                                                                                                                                                                                                                                                                                                                                                                                                                                                                                                                                                                    9,058 kB/s 2min 3s
20:58:49.135 - Info: 67% [Working]                                                                                                                                                                                                                                                                                                                                                                                                                                                                                                                                                                                                                                                                                                                                                                                                                                                                                                                                                                                                                                                                                                                                                                                                                                                                                                                                                                                                                                                                                                                                                                                                                                                                                                                                                                                                                                                                                                                                                                                                                                                9,058 kB/s 2min 3s
20:58:49.135 - Info:                                                                                                                                                                                                                                                                                                                                                                                                                                                                                                                                                                                                                                                                                                                                                                                                                                                                                                                                                                                                                                                                                                                                                                                                                                                                                                                                                                                                                                                                                                                                                                                                                                                                                                                                                                                                                                                                                                                                                                                                                                                                                
20:58:49.135 - Info: Get:49 file:/var/cuda-repo-ubuntu2404-13-2-local  libcuobjclient-dev-13-2 1.1.1.22-1 [20.3 kB]
20:58:49.135 - Info: 
20:58:49.135 - Info: 
20:58:49.135 - Info: 67% [49 libcuobjclient-dev-13-2 0 B/20.3 kB 0%]                                                                                                                                                                                                                                                                                                                                                                                                                                                                                                                                                                                                                                                                                                                                                                                                                                                                                                                                                                                                                                                                                                                                                                                                                                                                                                                                                                                                                                                                                                                                                                                                                                                                                                                                                                                                                                                                                                                                                                                                              9,058 kB/s 2min 3s
20:58:49.636 - Info: 67% [Working]                                                                                                                                                                                                                                                                                                                                                                                                                                                                                                                                                                                                                                                                                                                                                                                                                                                                                                                                                                                                                                                                                                                                                                                                                                                                                                                                                                                                                                                                                                                                                                                                                                                                                                                                                                                                                                                                                                                                                                                                                                                9,058 kB/s 2min 3s
20:58:49.684 - Info:                                                                                                                                                                                                                                                                                                                                                                                                                                                                                                                                                                                                                                                                                                                                                                                                                                                                                                                                                                                                                                                                                                                                                                                                                                                                                                                                                                                                                                                                                                                                                                                                                                                                                                                                                                                                                                                                                                                                                                                                                                                                                
20:58:49.684 - Info: Get:50 file:/var/cuda-repo-ubuntu2404-13-2-local  libcurand-dev-13-2 10.4.2.55-1 [43.8 MB]
20:58:49.684 - Info: 
20:58:49.684 - Info: 
20:58:49.684 - Info: 67% [50 libcurand-dev-13-2 0 B/43.8 MB 0%]                                                                                                                                                                                                                                                                                                                                                                                                                                                                                                                                                                                                                                                                                                                                                                                                                                                                                                                                                                                                                                                                                                                                                                                                                                                                                                                                                                                                                                                                                                                                                                                                                                                                                                                                                                                                                                                                                                                                                                                                                   9,058 kB/s 2min 3s
20:58:50.185 - Info: 69% [Working]                                                                                                                                                                                                                                                                                                                                                                                                                                                                                                                                                                                                                                                                                                                                                                                                                                                                                                                                                                                                                                                                                                                                                                                                                                                                                                                                                                                                                                                                                                                                                                                                                                                                                                                                                                                                                                                                                                                                                                                                                                               9,058 kB/s 1min 58s
20:58:51.092 - Info:                                                                                                                                                                                                                                                                                                                                                                                                                                                                                                                                                                                                                                                                                                                                                                                                                                                                                                                                                                                                                                                                                                                                                                                                                                                                                                                                                                                                                                                                                                                                                                                                                                                                                                                                                                                                                                                                                                                                                                                                                                                                                
20:58:51.092 - Info: Get:51 file:/var/cuda-repo-ubuntu2404-13-2-local  libcusolver-dev-13-2 12.2.0.1-1 [121 MB]
20:58:51.092 - Info: 
20:58:51.092 - Info: 
20:58:51.593 - Info: 72% [Working]                                                                                                                                                                                                                                                                                                                                                                                                                                                                                                                                                                                                                                                                                                                                                                                                                                                                                                                                                                                                                                                                                                                                                                                                                                                                                                                                                                                                                                                                                                                                                                                                                                                                                                                                                                                                                                                                                                                                                                                                                                               9,058 kB/s 1min 45s
20:58:52.594 - Info: 72% [Working]                                                                                                                                                                                                                                                                                                                                                                                                                                                                                                                                                                                                                                                                                                                                                                                                                                                                                                                                                                                                                                                                                                                                                                                                                                                                                                                                                                                                                                                                                                                                                                                                                                                                                                                                                                                                                                                                                                                                                                                                                                                       138 MB/s 6s
20:58:52.945 - Info:                                                                                                                                                                                                                                                                                                                                                                                                                                                                                                                                                                                                                                                                                                                                                                                                                                                                                                                                                                                                                                                                                                                                                                                                                                                                                                                                                                                                                                                                                                                                                                                                                                                                                                                                                                                                                                                                                                                                                                                                                                                                                
20:58:52.945 - Info: Get:52 file:/var/cuda-repo-ubuntu2404-13-2-local  libcusparse-dev-13-2 12.7.10.1-1 [160 MB]
20:58:52.945 - Info: 
20:58:52.945 - Info: 
20:58:52.945 - Info: 72% [52 libcusparse-dev-13-2 0 B/160 MB 0%]                                                                                                                                                                                                                                                                                                                                                                                                                                                                                                                                                                                                                                                                                                                                                                                                                                                                                                                                                                                                                                                                                                                                                                                                                                                                                                                                                                                                                                                                                                                                                                                                                                                                                                                                                                                                                                                                                                                                                                                                                         138 MB/s 6s
20:58:53.446 - Info: 76% [Working]                                                                                                                                                                                                                                                                                                                                                                                                                                                                                                                                                                                                                                                                                                                                                                                                                                                                                                                                                                                                                                                                                                                                                                                                                                                                                                                                                                                                                                                                                                                                                                                                                                                                                                                                                                                                                                                                                                                                                                                                                                                       138 MB/s 5s
20:58:54.403 - Info:                                                                                                                                                                                                                                                                                                                                                                                                                                                                                                                                                                                                                                                                                                                                                                                                                                                                                                                                                                                                                                                                                                                                                                                                                                                                                                                                                                                                                                                                                                                                                                                                                                                                                                                                                                                                                                                                                                                                                                                                                                                                                
20:58:54.403 - Info: Get:53 file:/var/cuda-repo-ubuntu2404-13-2-local  libnpp-dev-13-2 13.1.0.48-1 [126 MB]
20:58:54.403 - Info: 
20:58:54.403 - Info: 
20:58:54.403 - Info: 76% [53 libnpp-dev-13-2 0 B/126 MB 0%]                                                                                                                                                                                                                                                                                                                                                                                                                                                                                                                                                                                                                                                                                                                                                                                                                                                                                                                                                                                                                                                                                                                                                                                                                                                                                                                                                                                                                                                                                                                                                                                                                                                                                                                                                                                                                                                                                                                                                                                                                              138 MB/s 5s
20:58:54.696 - Info: 80% [Working]                                                                                                                                                                                                                                                                                                                                                                                                                                                                                                                                                                                                                                                                                                                                                                                                                                                                                                                                                                                                                                                                                                                                                                                                                                                                                                                                                                                                                                                                                                                                                                                                                                                                                                                                                                                                                                                                                                                                                                                                                                                       138 MB/s 4s
20:58:54.696 - Info:                                                                                                                                                                                                                                                                                                                                                                                                                                                                                                                                                                                                                                                                                                                                                                                                                                                                                                                                                                                                                                                                                                                                                                                                                                                                                                                                                                                                                                                                                                                                                                                                                                                                                                                                                                                                                                                                                                                                                                                                                                                                                
20:58:54.696 - Info: Get:54 file:/var/cuda-repo-ubuntu2404-13-2-local  libnvjitlink-dev-13-2 13.2.78-1 [25.2 MB]
20:58:54.696 - Info: 
20:58:54.696 - Info: 
20:58:54.696 - Info: 80% [54 libnvjitlink-dev-13-2 0 B/25.2 MB 0%]                                                                                                                                                                                                                                                                                                                                                                                                                                                                                                                                                                                                                                                                                                                                                                                                                                                                                                                                                                                                                                                                                                                                                                                                                                                                                                                                                                                                                                                                                                                                                                                                                                                                                                                                                                                                                                                                                                                                                                                                                       138 MB/s 4s
20:58:54.705 - Info: 81% [Working]                                                                                                                                                                                                                                                                                                                                                                                                                                                                                                                                                                                                                                                                                                                                                                                                                                                                                                                                                                                                                                                                                                                                                                                                                                                                                                                                                                                                                                                                                                                                                                                                                                                                                                                                                                                                                                                                                                                                                                                                                                                       138 MB/s 4s
20:58:54.705 - Info:                                                                                                                                                                                                                                                                                                                                                                                                                                                                                                                                                                                                                                                                                                                                                                                                                                                                                                                                                                                                                                                                                                                                                                                                                                                                                                                                                                                                                                                                                                                                                                                                                                                                                                                                                                                                                                                                                                                                                                                                                                                                                
20:58:54.705 - Info: Get:55 file:/var/cuda-repo-ubuntu2404-13-2-local  libnvfatbin-dev-13-2 13.2.78-1 [732 kB]
20:58:54.705 - Info: 
20:58:54.705 - Info: 
20:58:54.705 - Info: 81% [55 libnvfatbin-dev-13-2 0 B/732 kB 0%]                                                                                                                                                                                                                                                                                                                                                                                                                                                                                                                                                                                                                                                                                                                                                                                                                                                                                                                                                                                                                                                                                                                                                                                                                                                                                                                                                                                                                                                                                                                                                                                                                                                                                                                                                                                                                                                                                                                                                                                                                         138 MB/s 4s
20:58:54.741 - Info: 81% [Working]                                                                                                                                                                                                                                                                                                                                                                                                                                                                                                                                                                                                                                                                                                                                                                                                                                                                                                                                                                                                                                                                                                                                                                                                                                                                                                                                                                                                                                                                                                                                                                                                                                                                                                                                                                                                                                                                                                                                                                                                                                                       138 MB/s 4s
20:58:54.741 - Info:                                                                                                                                                                                                                                                                                                                                                                                                                                                                                                                                                                                                                                                                                                                                                                                                                                                                                                                                                                                                                                                                                                                                                                                                                                                                                                                                                                                                                                                                                                                                                                                                                                                                                                                                                                                                                                                                                                                                                                                                                                                                                
20:58:54.741 - Info: Get:56 file:/var/cuda-repo-ubuntu2404-13-2-local  libnvjpeg-dev-13-2 13.1.0.48-1 [2,962 kB]
20:58:54.741 - Info: 
20:58:54.741 - Info: 
20:58:54.741 - Info: 81% [56 libnvjpeg-dev-13-2 0 B/2,962 kB 0%]                                                                                                                                                                                                                                                                                                                                                                                                                                                                                                                                                                                                                                                                                                                                                                                                                                                                                                                                                                                                                                                                                                                                                                                                                                                                                                                                                                                                                                                                                                                                                                                                                                                                                                                                                                                                                                                                                                                                                                                                                         138 MB/s 4s
20:58:54.742 - Info: 81% [Working]                                                                                                                                                                                                                                                                                                                                                                                                                                                                                                                                                                                                                                                                                                                                                                                                                                                                                                                                                                                                                                                                                                                                                                                                                                                                                                                                                                                                                                                                                                                                                                                                                                                                                                                                                                                                                                                                                                                                                                                                                                                       138 MB/s 4s
20:58:54.742 - Info:                                                                                                                                                                                                                                                                                                                                                                                                                                                                                                                                                                                                                                                                                                                                                                                                                                                                                                                                                                                                                                                                                                                                                                                                                                                                                                                                                                                                                                                                                                                                                                                                                                                                                                                                                                                                                                                                                                                                                                                                                                                                                
20:58:54.742 - Info: Get:57 file:/var/cuda-repo-ubuntu2404-13-2-local  cuda-libraries-dev-13-2 13.2.1-1 [2,658 B]
20:58:54.742 - Info: 
20:58:54.742 - Info: 
20:58:54.742 - Info: 81% [57 cuda-libraries-dev-13-2 0 B/2,658 B 0%]                                                                                                                                                                                                                                                                                                                                                                                                                                                                                                                                                                                                                                                                                                                                                                                                                                                                                                                                                                                                                                                                                                                                                                                                                                                                                                                                                                                                                                                                                                                                                                                                                                                                                                                                                                                                                                                                                                                                                                                                                     138 MB/s 4s
20:58:55.243 - Info: 82% [Working]                                                                                                                                                                                                                                                                                                                                                                                                                                                                                                                                                                                                                                                                                                                                                                                                                                                                                                                                                                                                                                                                                                                                                                                                                                                                                                                                                                                                                                                                                                                                                                                                                                                                                                                                                                                                                                                                                                                                                                                                                                                       138 MB/s 4s
20:58:56.615 - Info:                                                                                                                                                                                                                                                                                                                                                                                                                                                                                                                                                                                                                                                                                                                                                                                                                                                                                                                                                                                                                                                                                                                                                                                                                                                                                                                                                                                                                                                                                                                                                                                                                                                                                                                                                                                                                                                                                                                                                                                                                                                                                
20:58:56.615 - Info: Get:58 file:/var/cuda-repo-ubuntu2404-13-2-local  nsight-compute-2026.1.1 2026.1.1.2-1 [161 MB]
20:58:56.615 - Info: 
20:58:56.615 - Info: 
20:58:56.616 - Info: 86% [Working]                                                                                                                                                                                                                                                                                                                                                                                                                                                                                                                                                                                                                                                                                                                                                                                                                                                                                                                                                                                                                                                                                                                                                                                                                                                                                                                                                                                                                                                                                                                                                                                                                                                                                                                                                                                                                                                                                                                                                                                                                                                       138 MB/s 3s
20:58:56.616 - Info:                                                                                                                                                                                                                                                                                                                                                                                                                                                                                                                                                                                                                                                                                                                                                                                                                                                                                                                                                                                                                                                                                                                                                                                                                                                                                                                                                                                                                                                                                                                                                                                                                                                                                                                                                                                                                                                                                                                                                                                                                                                                                
20:58:56.616 - Info: Get:59 file:/var/cuda-repo-ubuntu2404-13-2-local  cuda-nsight-compute-13-2 13.2.1-1 [3,664 B]
20:58:56.616 - Info: 
20:58:56.616 - Info: 
20:58:57.118 - Info: 86% [Working]                                                                                                                                                                                                                                                                                                                                                                                                                                                                                                                                                                                                                                                                                                                                                                                                                                                                                                                                                                                                                                                                                                                                                                                                                                                                                                                                                                                                                                                                                                                                                                                                                                                                                                                                                                                                                                                                                                                                                                                                                                                       138 MB/s 3s
20:58:58.621 - Info: 86% [Working]                                                                                                                                                                                                                                                                                                                                                                                                                                                                                                                                                                                                                                                                                                                                                                                                                                                                                                                                                                                                                                                                                                                                                                                                                                                                                                                                                                                                                                                                                                                                                                                                                                                                                                                                                                                                                                                                                                                                                                                                                                                      79.0 MB/s 6s
20:59:01.704 - Info:                                                                                                                                                                                                                                                                                                                                                                                                                                                                                                                                                                                                                                                                                                                                                                                                                                                                                                                                                                                                                                                                                                                                                                                                                                                                                                                                                                                                                                                                                                                                                                                                                                                                                                                                                                                                                                                                                                                                                                                                                                                                                
20:59:01.704 - Info: Get:60 file:/var/cuda-repo-ubuntu2404-13-2-local  nsight-systems-2025.6.3 2025.6.3.541-256337736014v0 [439 MB]
20:59:01.704 - Info: 
20:59:01.704 - Info: 
20:59:01.705 - Info: 86% [60 nsight-systems-2025.6.3 0 B/439 MB 0%]                                                                                                                                                                                                                                                                                                                                                                                                                                                                                                                                                                                                                                                                                                                                                                                                                                                                                                                                                                                                                                                                                                                                                                                                                                                                                                                                                                                                                                                                                                                                                                                                                                                                                                                                                                                                                                                                                                                                                                                                                     79.0 MB/s 6s
20:59:01.706 - Info: 97% [Working]                                                                                                                                                                                                                                                                                                                                                                                                                                                                                                                                                                                                                                                                                                                                                                                                                                                                                                                                                                                                                                                                                                                                                                                                                                                                                                                                                                                                                                                                                                                                                                                                                                                                                                                                                                                                                                                                                                                                                                                                                                                      79.0 MB/s 0s
20:59:01.706 - Info:                                                                                                                                                                                                                                                                                                                                                                                                                                                                                                                                                                                                                                                                                                                                                                                                                                                                                                                                                                                                                                                                                                                                                                                                                                                                                                                                                                                                                                                                                                                                                                                                                                                                                                                                                                                                                                                                                                                                                                                                                                                                                
20:59:01.706 - Info: Get:61 file:/var/cuda-repo-ubuntu2404-13-2-local  cuda-nsight-systems-13-2 13.2.1-1 [3,348 B]
20:59:01.706 - Info: 
20:59:01.706 - Info: 
20:59:01.706 - Info: 97% [61 cuda-nsight-systems-13-2 0 B/3,348 B 0%]                                                                                                                                                                                                                                                                                                                                                                                                                                                                                                                                                                                                                                                                                                                                                                                                                                                                                                                                                                                                                                                                                                                                                                                                                                                                                                                                                                                                                                                                                                                                                                                                                                                                                                                                                                                                                                                                                                                                                                                                                   79.0 MB/s 0s
20:59:01.709 - Info: 97% [Working]                                                                                                                                                                                                                                                                                                                                                                                                                                                                                                                                                                                                                                                                                                                                                                                                                                                                                                                                                                                                                                                                                                                                                                                                                                                                                                                                                                                                                                                                                                                                                                                                                                                                                                                                                                                                                                                                                                                                                                                                                                                      79.0 MB/s 0s
20:59:01.709 - Info:                                                                                                                                                                                                                                                                                                                                                                                                                                                                                                                                                                                                                                                                                                                                                                                                                                                                                                                                                                                                                                                                                                                                                                                                                                                                                                                                                                                                                                                                                                                                                                                                                                                                                                                                                                                                                                                                                                                                                                                                                                                                                
20:59:01.709 - Info: Get:62 file:/var/cuda-repo-ubuntu2404-13-2-local  cuda-nvml-dev-13-2 13.2.82-1 [152 kB]
20:59:01.709 - Info: 
20:59:01.709 - Info: 
20:59:01.709 - Info: 97% [62 cuda-nvml-dev-13-2 0 B/152 kB 0%]                                                                                                                                                                                                                                                                                                                                                                                                                                                                                                                                                                                                                                                                                                                                                                                                                                                                                                                                                                                                                                                                                                                                                                                                                                                                                                                                                                                                                                                                                                                                                                                                                                                                                                                                                                                                                                                                                                                                                                                                                          79.0 MB/s 0s
20:59:01.710 - Info: 98% [Working]                                                                                                                                                                                                                                                                                                                                                                                                                                                                                                                                                                                                                                                                                                                                                                                                                                                                                                                                                                                                                                                                                                                                                                                                                                                                                                                                                                                                                                                                                                                                                                                                                                                                                                                                                                                                                                                                                                                                                                                                                                                      79.0 MB/s 0s
20:59:01.710 - Info:                                                                                                                                                                                                                                                                                                                                                                                                                                                                                                                                                                                                                                                                                                                                                                                                                                                                                                                                                                                                                                                                                                                                                                                                                                                                                                                                                                                                                                                                                                                                                                                                                                                                                                                                                                                                                                                                                                                                                                                                                                                                                
20:59:01.710 - Info: Get:63 file:/var/cuda-repo-ubuntu2404-13-2-local  cuda-visual-tools-13-2 13.2.1-1 [2,930 B]
20:59:01.710 - Info: 
20:59:01.710 - Info: 
20:59:01.710 - Info: 98% [63 cuda-visual-tools-13-2 0 B/2,930 B 0%]                                                                                                                                                                                                                                                                                                                                                                                                                                                                                                                                                                                                                                                                                                                                                                                                                                                                                                                                                                                                                                                                                                                                                                                                                                                                                                                                                                                                                                                                                                                                                                                                                                                                                                                                                                                                                                                                                                                                                                                                                     79.0 MB/s 0s
20:59:02.204 - Info: 98% [Working]                                                                                                                                                                                                                                                                                                                                                                                                                                                                                                                                                                                                                                                                                                                                                                                                                                                                                                                                                                                                                                                                                                                                                                                                                                                                                                                                                                                                                                                                                                                                                                                                                                                                                                                                                                                                                                                                                                                                                                                                                                                      79.0 MB/s 0s
20:59:02.204 - Info:                                                                                                                                                                                                                                                                                                                                                                                                                                                                                                                                                                                                                                                                                                                                                                                                                                                                                                                                                                                                                                                                                                                                                                                                                                                                                                                                                                                                                                                                                                                                                                                                                                                                                                                                                                                                                                                                                                                                                                                                                                                                                
20:59:02.204 - Info: Get:64 file:/var/cuda-repo-ubuntu2404-13-2-local  gds-tools-13-2 1.17.1.22-1 [40.7 MB]
20:59:02.204 - Info: 
20:59:02.204 - Info: 
20:59:02.204 - Info: 98% [64 gds-tools-13-2 0 B/40.7 MB 0%]                                                                                                                                                                                                                                                                                                                                                                                                                                                                                                                                                                                                                                                                                                                                                                                                                                                                                                                                                                                                                                                                                                                                                                                                                                                                                                                                                                                                                                                                                                                                                                                                                                                                                                                                                                                                                                                                                                                                                                                                                             79.0 MB/s 0s
20:59:02.205 - Info: 99% [Working]                                                                                                                                                                                                                                                                                                                                                                                                                                                                                                                                                                                                                                                                                                                                                                                                                                                                                                                                                                                                                                                                                                                                                                                                                                                                                                                                                                                                                                                                                                                                                                                                                                                                                                                                                                                                                                                                                                                                                                                                                                                      79.0 MB/s 0s
20:59:02.205 - Info:                                                                                                                                                                                                                                                                                                                                                                                                                                                                                                                                                                                                                                                                                                                                                                                                                                                                                                                                                                                                                                                                                                                                                                                                                                                                                                                                                                                                                                                                                                                                                                                                                                                                                                                                                                                                                                                                                                                                                                                                                                                                                
20:59:02.205 - Info: Get:65 file:/var/cuda-repo-ubuntu2404-13-2-local  cuda-tools-13-2 13.2.1-1 [2,470 B]
20:59:02.205 - Info: 
20:59:02.206 - Info: 
20:59:02.206 - Info: 99% [65 cuda-tools-13-2 0 B/2,470 B 0%]                                                                                                                                                                                                                                                                                                                                                                                                                                                                                                                                                                                                                                                                                                                                                                                                                                                                                                                                                                                                                                                                                                                                                                                                                                                                                                                                                                                                                                                                                                                                                                                                                                                                                                                                                                                                                                                                                                                                                                                                                            79.0 MB/s 0s
20:59:02.206 - Info: 100% [Working]                                                                                                                                                                                                                                                                                                                                                                                                                                                                                                                                                                                                                                                                                                                                                                                                                                                                                                                                                                                                                                                                                                                                                                                                                                                                                                                                                                                                                                                                                                                                                                                                                                                                                                                                                                                                                                                                                                                                                                                                                                                     79.0 MB/s 0s
20:59:02.206 - Info:                                                                                                                                                                                                                                                                                                                                                                                                                                                                                                                                                                                                                                                                                                                                                                                                                                                                                                                                                                                                                                                                                                                                                                                                                                                                                                                                                                                                                                                                                                                                                                                                                                                                                                                                                                                                                                                                                                                                                                                                                                                                                
20:59:02.206 - Info: Get:66 file:/var/cuda-repo-ubuntu2404-13-2-local  cuda-toolkit-13-2 13.2.1-1 [3,344 B]
20:59:02.206 - Info: 
20:59:02.206 - Info: 
20:59:02.206 - Info: 100% [66 cuda-toolkit-13-2 0 B/3,344 B 0%]                                                                                                                                                                                                                                                                                                                                                                                                                                                                                                                                                                                                                                                                                                                                                                                                                                                                                                                                                                                                                                                                                                                                                                                                                                                                                                                                                                                                                                                                                                                                                                                                                                                                                                                                                                                                                                                                                                                                                                                                                         79.0 MB/s 0s
20:59:02.207 - Info: 100% [Working]                                                                                                                                                                                                                                                                                                                                                                                                                                                                                                                                                                                                                                                                                                                                                                                                                                                                                                                                                                                                                                                                                                                                                                                                                                                                                                                                                                                                                                                                                                                                                                                                                                                                                                                                                                                                                                                                                                                                                                                                                                                     79.0 MB/s 0s
20:59:02.207 - Info:                                                                                                                                                                                                                                                                                                                                                                                                                                                                                                                                                                                                                                                                                                                                                                                                                                                                                                                                                                                                                                                                                                                                                                                                                                                                                                                                                                                                                                                                                                                                                                                                                                                                                                                                                                                                                                                                                                                                                                                                                                                                                
20:59:02.207 - Info: Fetched 2,774 kB in 42s (66.7 kB/s)
20:59:02.207 - Info: 
20:59:03.822 - Info: (Reading database ... 
20:59:03.852 - Info: (Reading database ... 5%
20:59:03.852 - Info: (Reading database ... 10%
20:59:03.852 - Info: (Reading database ... 15%
20:59:03.852 - Info: (Reading database ... 20%
20:59:03.852 - Info: (Reading database ... 25%
20:59:03.852 - Info: (Reading database ... 30%
20:59:03.852 - Info: (Reading database ... 35%
20:59:03.852 - Info: (Reading database ... 40%
20:59:03.852 - Info: (Reading database ... 45%
20:59:03.852 - Info: (Reading database ... 50%
20:59:03.867 - Info: (Reading database ... 55%
20:59:03.889 - Info: (Reading database ... 60%
20:59:03.906 - Info: (Reading database ... 65%
20:59:03.923 - Info: (Reading database ... 70%
20:59:03.959 - Info: (Reading database ... 75%
20:59:03.976 - Info: (Reading database ... 80%
20:59:03.994 - Info: (Reading database ... 85%
20:59:04.012 - Info: (Reading database ... 90%
20:59:04.032 - Info: (Reading database ... 95%
20:59:04.087 - Info: (Reading database ... 100%
20:59:04.087 - Info: (Reading database ... 195820 files and directories currently installed.)
20:59:04.087 - Info: 
20:59:04.102 - Info: Preparing to unpack .../dpkg_1.22.6ubuntu6.6_arm64.deb ...
20:59:04.102 - Info: 
20:59:04.129 - Info: Unpacking dpkg (1.22.6ubuntu6.6) over (1.22.6ubuntu6.5) ...
20:59:04.129 - Info: 
20:59:04.568 - Info: Setting up dpkg (1.22.6ubuntu6.6) ...
20:59:04.568 - Info: 
20:59:05.733 - Info: (Reading database ... 
20:59:05.759 - Info: (Reading database ... 5%
20:59:05.759 - Info: (Reading database ... 10%
20:59:05.759 - Info: (Reading database ... 15%
20:59:05.759 - Info: (Reading database ... 20%
20:59:05.759 - Info: (Reading database ... 25%
20:59:05.759 - Info: (Reading database ... 30%
20:59:05.759 - Info: (Reading database ... 35%
20:59:05.759 - Info: (Reading database ... 40%
20:59:05.759 - Info: (Reading database ... 45%
20:59:05.759 - Info: (Reading database ... 50%
20:59:05.765 - Info: (Reading database ... 55%
20:59:05.776 - Info: (Reading database ... 60%
20:59:05.788 - Info: (Reading database ... 65%
20:59:05.805 - Info: (Reading database ... 70%
20:59:05.846 - Info: (Reading database ... 75%
20:59:05.859 - Info: (Reading database ... 80%
20:59:05.876 - Info: (Reading database ... 85%
20:59:05.892 - Info: (Reading database ... 90%
20:59:05.911 - Info: (Reading database ... 95%
20:59:05.959 - Info: (Reading database ... 100%
20:59:05.959 - Info: (Reading database ... 195820 files and directories currently installed.)
20:59:05.959 - Info: 
20:59:05.977 - Info: Preparing to unpack .../00-libdpkg-perl_1.22.6ubuntu6.6_all.deb ...
20:59:05.977 - Info: 
20:59:05.994 - Info: Unpacking libdpkg-perl (1.22.6ubuntu6.6) over (1.22.6ubuntu6.5) ...
20:59:05.994 - Info: 
20:59:06.248 - Info: Selecting previously unselected package lto-disabled-list.
20:59:06.248 - Info: 
20:59:06.319 - Info: Preparing to unpack .../01-lto-disabled-list_47_all.deb ...
20:59:06.319 - Info: 
20:59:06.327 - Info: Unpacking lto-disabled-list (47) ...
20:59:06.327 - Info: 
20:59:06.434 - Info: Selecting previously unselected package dpkg-dev.
20:59:06.434 - Info: 
20:59:06.502 - Info: Preparing to unpack .../02-dpkg-dev_1.22.6ubuntu6.6_all.deb ...
20:59:06.502 - Info: 
20:59:06.506 - Info: Unpacking dpkg-dev (1.22.6ubuntu6.6) ...
20:59:06.507 - Info: 
20:59:06.660 - Info: Selecting previously unselected package build-essential.
20:59:06.660 - Info: 
20:59:06.722 - Info: Preparing to unpack .../03-build-essential_12.10ubuntu1_arm64.deb ...
20:59:06.722 - Info: 
20:59:06.727 - Info: Unpacking build-essential (12.10ubuntu1) ...
20:59:06.727 - Info: 
20:59:06.828 - Info: Selecting previously unselected package cuda-cupti-13-2.
20:59:06.828 - Info: 
20:59:06.897 - Info: Preparing to unpack .../04-cuda-cupti-13-2_13.2.75-1_arm64.deb ...
20:59:06.897 - Info: 
20:59:06.901 - Info: Unpacking cuda-cupti-13-2 (13.2.75-1) ...
20:59:06.901 - Info: 
20:59:08.842 - Info: Selecting previously unselected package cuda-cupti-dev-13-2.
20:59:08.842 - Info: 
20:59:08.911 - Info: Preparing to unpack .../05-cuda-cupti-dev-13-2_13.2.75-1_arm64.deb ...
20:59:08.911 - Info: 
20:59:08.920 - Info: Unpacking cuda-cupti-dev-13-2 (13.2.75-1) ...
20:59:08.920 - Info: 
20:59:09.968 - Info: Selecting previously unselected package cuda-nvdisasm-13-2.
20:59:09.968 - Info: 
20:59:10.034 - Info: Preparing to unpack .../06-cuda-nvdisasm-13-2_13.2.78-1_arm64.deb ...
20:59:10.034 - Info: 
20:59:10.040 - Info: Unpacking cuda-nvdisasm-13-2 (13.2.78-1) ...
20:59:10.040 - Info: 
20:59:10.296 - Info: Selecting previously unselected package cuda-cuobjdump-13-2.
20:59:10.296 - Info: 
20:59:10.360 - Info: Preparing to unpack .../07-cuda-cuobjdump-13-2_13.2.78-1_arm64.deb ...
20:59:10.360 - Info: 
20:59:10.368 - Info: Unpacking cuda-cuobjdump-13-2 (13.2.78-1) ...
20:59:10.368 - Info: 
20:59:10.519 - Info: Selecting previously unselected package cuda-gdb-13-2.
20:59:10.519 - Info: 
20:59:10.589 - Info: Preparing to unpack .../08-cuda-gdb-13-2_13.2.75-1_arm64.deb ...
20:59:10.589 - Info: 
20:59:10.593 - Info: Unpacking cuda-gdb-13-2 (13.2.75-1) ...
20:59:10.594 - Info: 
20:59:12.842 - Info: Selecting previously unselected package cuda-nvtx-13-2.
20:59:12.842 - Info: 
20:59:12.913 - Info: Preparing to unpack .../09-cuda-nvtx-13-2_13.2.75-1_arm64.deb ...
20:59:12.913 - Info: 
20:59:12.923 - Info: Unpacking cuda-nvtx-13-2 (13.2.75-1) ...
20:59:12.923 - Info: 
20:59:13.058 - Info: Selecting previously unselected package cuda-sanitizer-13-2.
20:59:13.058 - Info: 
20:59:13.119 - Info: Preparing to unpack .../10-cuda-sanitizer-13-2_13.2.76-1_arm64.deb ...
20:59:13.119 - Info: 
20:59:13.130 - Info: Unpacking cuda-sanitizer-13-2 (13.2.76-1) ...
20:59:13.130 - Info: 
20:59:14.096 - Info: Selecting previously unselected package cuda-command-line-tools-13-2.
20:59:14.096 - Info: 
20:59:14.158 - Info: Preparing to unpack .../11-cuda-command-line-tools-13-2_13.2.1-1_arm64.deb ...
20:59:14.158 - Info: 
20:59:14.164 - Info: Unpacking cuda-command-line-tools-13-2 (13.2.1-1) ...
20:59:14.164 - Info: 
20:59:14.267 - Info: Selecting previously unselected package cuda-cuxxfilt-13-2.
20:59:14.268 - Info: 
20:59:14.333 - Info: Preparing to unpack .../12-cuda-cuxxfilt-13-2_13.2.78-1_arm64.deb ...
20:59:14.333 - Info: 
20:59:14.343 - Info: Unpacking cuda-cuxxfilt-13-2 (13.2.78-1) ...
20:59:14.343 - Info: 
20:59:14.452 - Info: Selecting previously unselected package libnvvm-13-2.
20:59:14.452 - Info: 
20:59:14.513 - Info: Preparing to unpack .../13-libnvvm-13-2_13.2.78-1_arm64.deb ...
20:59:14.513 - Info: 
20:59:14.518 - Info: Unpacking libnvvm-13-2 (13.2.78-1) ...
20:59:14.518 - Info: 
20:59:18.105 - Info: Selecting previously unselected package cuda-crt-13-2.
20:59:18.105 - Info: 
20:59:18.172 - Info: Preparing to unpack .../14-cuda-crt-13-2_13.2.78-1_arm64.deb ...
20:59:18.172 - Info: 
20:59:18.177 - Info: Unpacking cuda-crt-13-2 (13.2.78-1) ...
20:59:18.177 - Info: 
20:59:18.338 - Info: Selecting previously unselected package libnvptxcompiler-13-2.
20:59:18.338 - Info: 
20:59:18.403 - Info: Preparing to unpack .../15-libnvptxcompiler-13-2_13.2.78-1_arm64.deb ...
20:59:18.403 - Info: 
20:59:18.412 - Info: Unpacking libnvptxcompiler-13-2 (13.2.78-1) ...
20:59:18.412 - Info: 
20:59:20.232 - Info: Selecting previously unselected package cuda-nvcc-13-2.
20:59:20.232 - Info: 
20:59:20.298 - Info: Preparing to unpack .../16-cuda-nvcc-13-2_13.2.78-1_arm64.deb ...
20:59:20.298 - Info: 
20:59:20.307 - Info: Unpacking cuda-nvcc-13-2 (13.2.78-1) ...
20:59:20.307 - Info: 
20:59:23.916 - Info: Selecting previously unselected package cuda-nvprune-13-2.
20:59:23.916 - Info: 
20:59:23.981 - Info: Preparing to unpack .../17-cuda-nvprune-13-2_13.2.78-1_arm64.deb ...
20:59:23.981 - Info: 
20:59:23.987 - Info: Unpacking cuda-nvprune-13-2 (13.2.78-1) ...
20:59:23.987 - Info: 
20:59:24.171 - Info: Selecting previously unselected package cuda-tileiras-13-2.
20:59:24.171 - Info: 
20:59:24.241 - Info: Preparing to unpack .../18-cuda-tileiras-13-2_13.2.78-1_arm64.deb ...
20:59:24.241 - Info: 
20:59:24.252 - Info: Unpacking cuda-tileiras-13-2 (13.2.78-1) ...
20:59:24.252 - Info: 
20:59:27.704 - Info: Selecting previously unselected package cuda-compiler-13-2.
20:59:27.704 - Info: 
20:59:27.776 - Info: Preparing to unpack .../19-cuda-compiler-13-2_13.2.1-1_arm64.deb ...
20:59:27.776 - Info: 
20:59:27.783 - Info: Unpacking cuda-compiler-13-2 (13.2.1-1) ...
20:59:27.783 - Info: 
20:59:27.893 - Info: Selecting previously unselected package cuda-documentation-13-2.
20:59:27.893 - Info: 
20:59:27.961 - Info: Preparing to unpack .../20-cuda-documentation-13-2_13.2.75-1_arm64.deb ...
20:59:27.961 - Info: 
20:59:27.972 - Info: Unpacking cuda-documentation-13-2 (13.2.75-1) ...
20:59:27.972 - Info: 
20:59:28.081 - Info: Selecting previously unselected package cuda-nvrtc-13-2.
20:59:28.081 - Info: 
20:59:28.144 - Info: Preparing to unpack .../21-cuda-nvrtc-13-2_13.2.78-1_arm64.deb ...
20:59:28.144 - Info: 
20:59:28.149 - Info: Unpacking cuda-nvrtc-13-2 (13.2.78-1) ...
20:59:28.149 - Info: 
20:59:30.501 - Info: Selecting previously unselected package libcublas-13-2.
20:59:30.501 - Info: 
20:59:30.545 - Info: Preparing to unpack .../22-libcublas-13-2_13.4.0.1-1_arm64.deb ...
20:59:30.545 - Info: 
20:59:30.554 - Info: Unpacking libcublas-13-2 (13.4.0.1-1) ...
20:59:30.554 - Info: 
20:59:53.073 - Info: Selecting previously unselected package libcufft-13-2.
20:59:53.073 - Info: 
20:59:53.142 - Info: Preparing to unpack .../23-libcufft-13-2_12.2.0.46-1_arm64.deb ...
20:59:53.142 - Info: 
20:59:53.151 - Info: Unpacking libcufft-13-2 (12.2.0.46-1) ...
20:59:53.151 - Info: 
20:59:59.952 - Info: Selecting previously unselected package libcufile-13-2.
20:59:59.952 - Info: 
21:00:00.024 - Info: Preparing to unpack .../24-libcufile-13-2_1.17.1.22-1_arm64.deb ...
21:00:00.024 - Info: 
21:00:00.035 - Info: Unpacking libcufile-13-2 (1.17.1.22-1) ...
21:00:00.035 - Info: 
21:00:00.274 - Info: Selecting previously unselected package libcudla-13-2.
21:00:00.274 - Info: 
21:00:00.343 - Info: Preparing to unpack .../25-libcudla-13-2_13.2.75-1_arm64.deb ...
21:00:00.343 - Info: 
21:00:00.353 - Info: Unpacking libcudla-13-2 (13.2.75-1) ...
21:00:00.353 - Info: 
21:00:00.475 - Info: Selecting previously unselected package libcuobjclient-13-2.
21:00:00.475 - Info: 
21:00:00.537 - Info: Preparing to unpack .../26-libcuobjclient-13-2_1.1.1.22-1_arm64.deb ...
21:00:00.537 - Info: 
21:00:00.543 - Info: Unpacking libcuobjclient-13-2 (1.1.1.22-1) ...
21:00:00.543 - Info: 
21:00:01.109 - Info: Selecting previously unselected package libcurand-13-2.
21:00:01.109 - Info: 
21:00:01.186 - Info: Preparing to unpack .../27-libcurand-13-2_10.4.2.55-1_arm64.deb ...
21:00:01.186 - Info: 
21:00:01.196 - Info: Unpacking libcurand-13-2 (10.4.2.55-1) ...
21:00:01.196 - Info: 
21:00:04.754 - Info: Selecting previously unselected package libcusolver-13-2.
21:00:04.756 - Info: 
21:00:04.819 - Info: Preparing to unpack .../28-libcusolver-13-2_12.2.0.1-1_arm64.deb ...
21:00:04.819 - Info: 
21:00:04.833 - Info: Unpacking libcusolver-13-2 (12.2.0.1-1) ...
21:00:04.833 - Info: 
21:00:11.425 - Info: Selecting previously unselected package libcusparse-13-2.
21:00:11.425 - Info: 
21:00:11.495 - Info: Preparing to unpack .../29-libcusparse-13-2_12.7.10.1-1_arm64.deb ...
21:00:11.496 - Info: 
21:00:11.505 - Info: Unpacking libcusparse-13-2 (12.7.10.1-1) ...
21:00:11.505 - Info: 
21:00:22.422 - Info: Selecting previously unselected package libnpp-13-2.
21:00:22.422 - Info: 
21:00:22.499 - Info: Preparing to unpack .../30-libnpp-13-2_13.1.0.48-1_arm64.deb ...
21:00:22.499 - Info: 
21:00:23.140 - Info: Unpacking libnpp-13-2 (13.1.0.48-1) ...
21:00:23.140 - Info: 
21:00:29.077 - Info: Selecting previously unselected package libnvjitlink-13-2.
21:00:29.077 - Info: 
21:00:29.143 - Info: Preparing to unpack .../31-libnvjitlink-13-2_13.2.78-1_arm64.deb ...
21:00:29.143 - Info: 
21:00:29.148 - Info: Unpacking libnvjitlink-13-2 (13.2.78-1) ...
21:00:29.148 - Info: 
21:00:31.402 - Info: Selecting previously unselected package libnvfatbin-13-2.
21:00:31.403 - Info: 
21:00:31.472 - Info: Preparing to unpack .../32-libnvfatbin-13-2_13.2.78-1_arm64.deb ...
21:00:31.472 - Info: 
21:00:31.480 - Info: Unpacking libnvfatbin-13-2 (13.2.78-1) ...
21:00:31.480 - Info: 
21:00:31.664 - Info: Selecting previously unselected package libnvjpeg-13-2.
21:00:31.664 - Info: 
21:00:31.734 - Info: Preparing to unpack .../33-libnvjpeg-13-2_13.1.0.48-1_arm64.deb ...
21:00:31.734 - Info: 
21:00:31.744 - Info: Unpacking libnvjpeg-13-2 (13.1.0.48-1) ...
21:00:31.744 - Info: 
21:00:32.197 - Info: Selecting previously unselected package cuda-libraries-13-2.
21:00:32.197 - Info: 
21:00:32.266 - Info: Preparing to unpack .../34-cuda-libraries-13-2_13.2.1-1_arm64.deb ...
21:00:32.266 - Info: 
21:00:32.277 - Info: Unpacking cuda-libraries-13-2 (13.2.1-1) ...
21:00:32.277 - Info: 
21:00:32.390 - Info: Selecting previously unselected package cuda-profiler-api-13-2.
21:00:32.390 - Info: 
21:00:32.453 - Info: Preparing to unpack .../35-cuda-profiler-api-13-2_13.2.75-1_arm64.deb ...
21:00:32.453 - Info: 
21:00:32.462 - Info: Unpacking cuda-profiler-api-13-2 (13.2.75-1) ...
21:00:32.462 - Info: 
21:00:32.566 - Info: Selecting previously unselected package cuda-nvrtc-dev-13-2.
21:00:32.566 - Info: 
21:00:32.625 - Info: Preparing to unpack .../36-cuda-nvrtc-dev-13-2_13.2.78-1_arm64.deb ...
21:00:32.625 - Info: 
21:00:32.633 - Info: Unpacking cuda-nvrtc-dev-13-2 (13.2.78-1) ...
21:00:32.634 - Info: 
21:00:35.361 - Info: Selecting previously unselected package libcublas-dev-13-2.
21:00:35.361 - Info: 
21:00:35.427 - Info: Preparing to unpack .../37-libcublas-dev-13-2_13.4.0.1-1_arm64.deb ...
21:00:35.427 - Info: 
21:00:35.434 - Info: Unpacking libcublas-dev-13-2 (13.4.0.1-1) ...
21:00:35.434 - Info: 
21:00:54.162 - Info: Selecting previously unselected package libcufft-dev-13-2.
21:00:54.162 - Info: 
21:00:54.230 - Info: Preparing to unpack .../38-libcufft-dev-13-2_12.2.0.46-1_arm64.deb ...
21:00:54.230 - Info: 
21:00:54.237 - Info: Unpacking libcufft-dev-13-2 (12.2.0.46-1) ...
21:00:54.238 - Info: 
21:01:11.626 - Info: Selecting previously unselected package libcufile-dev-13-2.
21:01:11.626 - Info: 
21:01:11.691 - Info: Preparing to unpack .../39-libcufile-dev-13-2_1.17.1.22-1_arm64.deb ...
21:01:11.691 - Info: 
21:01:11.699 - Info: Unpacking libcufile-dev-13-2 (1.17.1.22-1) ...
21:01:11.699 - Info: 
21:01:12.466 - Info: Selecting previously unselected package libcudla-dev-13-2.
21:01:12.466 - Info: 
21:01:12.533 - Info: Preparing to unpack .../40-libcudla-dev-13-2_13.2.75-1_arm64.deb ...
21:01:12.533 - Info: 
21:01:12.541 - Info: Unpacking libcudla-dev-13-2 (13.2.75-1) ...
21:01:12.541 - Info: 
21:01:12.640 - Info: Selecting previously unselected package libcuobjclient-dev-13-2.
21:01:12.640 - Info: 
21:01:12.702 - Info: Preparing to unpack .../41-libcuobjclient-dev-13-2_1.1.1.22-1_arm64.deb ...
21:01:12.702 - Info: 
21:01:12.711 - Info: Unpacking libcuobjclient-dev-13-2 (1.1.1.22-1) ...
21:01:12.711 - Info: 
21:01:12.815 - Info: Selecting previously unselected package libcurand-dev-13-2.
21:01:12.816 - Info: 
21:01:12.873 - Info: Preparing to unpack .../42-libcurand-dev-13-2_10.4.2.55-1_arm64.deb ...
21:01:12.874 - Info: 
21:01:12.878 - Info: Unpacking libcurand-dev-13-2 (10.4.2.55-1) ...
21:01:12.878 - Info: 
21:01:15.461 - Info: Selecting previously unselected package libcusolver-dev-13-2.
21:01:15.461 - Info: 
21:01:15.521 - Info: Preparing to unpack .../43-libcusolver-dev-13-2_12.2.0.1-1_arm64.deb ...
21:01:15.521 - Info: 
21:01:15.528 - Info: Unpacking libcusolver-dev-13-2 (12.2.0.1-1) ...
21:01:15.528 - Info: 
21:01:20.926 - Info: Selecting previously unselected package libcusparse-dev-13-2.
21:01:20.926 - Info: 
21:01:20.993 - Info: Preparing to unpack .../44-libcusparse-dev-13-2_12.7.10.1-1_arm64.deb ...
21:01:20.993 - Info: 
21:01:21.007 - Info: Unpacking libcusparse-dev-13-2 (12.7.10.1-1) ...
21:01:21.007 - Info: 
21:01:25.121 - Info: Selecting previously unselected package libnpp-dev-13-2.
21:01:25.121 - Info: 
21:01:25.186 - Info: Preparing to unpack .../45-libnpp-dev-13-2_13.1.0.48-1_arm64.deb ...
21:01:25.186 - Info: 
21:01:25.205 - Info: Unpacking libnpp-dev-13-2 (13.1.0.48-1) ...
21:01:25.205 - Info: 
21:01:30.165 - Info: Selecting previously unselected package libnvjitlink-dev-13-2.
21:01:30.165 - Info: 
21:01:30.233 - Info: Preparing to unpack .../46-libnvjitlink-dev-13-2_13.2.78-1_arm64.deb ...
21:01:30.233 - Info: 
21:01:30.243 - Info: Unpacking libnvjitlink-dev-13-2 (13.2.78-1) ...
21:01:30.243 - Info: 
21:01:33.064 - Info: Selecting previously unselected package libnvfatbin-dev-13-2.
21:01:33.064 - Info: 
21:01:33.128 - Info: Preparing to unpack .../47-libnvfatbin-dev-13-2_13.2.78-1_arm64.deb ...
21:01:33.128 - Info: 
21:01:33.140 - Info: Unpacking libnvfatbin-dev-13-2 (13.2.78-1) ...
21:01:33.140 - Info: 
21:01:33.381 - Info: Selecting previously unselected package libnvjpeg-dev-13-2.
21:01:33.381 - Info: 
21:01:33.440 - Info: Preparing to unpack .../48-libnvjpeg-dev-13-2_13.1.0.48-1_arm64.deb ...
21:01:33.440 - Info: 
21:01:33.445 - Info: Unpacking libnvjpeg-dev-13-2 (13.1.0.48-1) ...
21:01:33.445 - Info: 
21:01:33.867 - Info: Selecting previously unselected package cuda-libraries-dev-13-2.
21:01:33.867 - Info: 
21:01:33.936 - Info: Preparing to unpack .../49-cuda-libraries-dev-13-2_13.2.1-1_arm64.deb ...
21:01:33.937 - Info: 
21:01:33.943 - Info: Unpacking cuda-libraries-dev-13-2 (13.2.1-1) ...
21:01:33.944 - Info: 
21:01:34.056 - Info: Selecting previously unselected package nsight-compute-2026.1.1.
21:01:34.057 - Info: 
21:01:34.121 - Info: Preparing to unpack .../50-nsight-compute-2026.1.1_2026.1.1.2-1_arm64.deb ...
21:01:34.121 - Info: 
21:01:34.132 - Info: Unpacking nsight-compute-2026.1.1 (2026.1.1.2-1) ...
21:01:34.132 - Info: 
21:01:44.848 - Info: Selecting previously unselected package cuda-nsight-compute-13-2.
21:01:44.848 - Info: 
21:01:44.913 - Info: Preparing to unpack .../51-cuda-nsight-compute-13-2_13.2.1-1_arm64.deb ...
21:01:44.913 - Info: 
21:01:44.919 - Info: Unpacking cuda-nsight-compute-13-2 (13.2.1-1) ...
21:01:44.919 - Info: 
21:01:45.043 - Info: Selecting previously unselected package libxcb-cursor0:arm64.
21:01:45.043 - Info: 
21:01:45.106 - Info: Preparing to unpack .../52-libxcb-cursor0_0.1.4-1build1_arm64.deb ...
21:01:45.106 - Info: 
21:01:45.127 - Info: Unpacking libxcb-cursor0:arm64 (0.1.4-1build1) ...
21:01:45.127 - Info: 
21:01:45.254 - Info: Selecting previously unselected package libxcb-dri2-0:arm64.
21:01:45.254 - Info: 
21:01:45.321 - Info: Preparing to unpack .../53-libxcb-dri2-0_1.15-1ubuntu2_arm64.deb ...
21:01:45.321 - Info: 
21:01:45.329 - Info: Unpacking libxcb-dri2-0:arm64 (1.15-1ubuntu2) ...
21:01:45.329 - Info: 
21:01:45.438 - Info: Selecting previously unselected package nsight-systems-2025.6.3.
21:01:45.438 - Info: 
21:01:45.504 - Info: Preparing to unpack .../54-nsight-systems-2025.6.3_2025.6.3.541-1_arm64.deb ...
21:01:45.504 - Info: 
21:01:45.512 - Info: Unpacking nsight-systems-2025.6.3 (2025.6.3.541-256337736014v0) ...
21:01:45.512 - Info: 
21:02:23.083 - Info: Selecting previously unselected package cuda-nsight-systems-13-2.
21:02:23.083 - Info: 
21:02:23.148 - Info: Preparing to unpack .../55-cuda-nsight-systems-13-2_13.2.1-1_arm64.deb ...
21:02:23.148 - Info: 
21:02:23.159 - Info: Unpacking cuda-nsight-systems-13-2 (13.2.1-1) ...
21:02:23.159 - Info: 
21:02:23.256 - Info: Selecting previously unselected package cuda-nvml-dev-13-2.
21:02:23.256 - Info: 
21:02:23.319 - Info: Preparing to unpack .../56-cuda-nvml-dev-13-2_13.2.82-1_arm64.deb ...
21:02:23.319 - Info: 
21:02:23.333 - Info: Unpacking cuda-nvml-dev-13-2 (13.2.82-1) ...
21:02:23.333 - Info: 
21:02:23.492 - Info: Selecting previously unselected package cuda-visual-tools-13-2.
21:02:23.492 - Info: 
21:02:23.558 - Info: Preparing to unpack .../57-cuda-visual-tools-13-2_13.2.1-1_arm64.deb ...
21:02:23.558 - Info: 
21:02:23.672 - Info: Unpacking cuda-visual-tools-13-2 (13.2.1-1) ...
21:02:23.672 - Info: 
21:02:24.108 - Info: Selecting previously unselected package gds-tools-13-2.
21:02:24.108 - Info: 
21:02:24.180 - Info: Preparing to unpack .../58-gds-tools-13-2_1.17.1.22-1_arm64.deb ...
21:02:24.180 - Info: 
21:02:24.189 - Info: Unpacking gds-tools-13-2 (1.17.1.22-1) ...
21:02:24.189 - Info: 
21:02:25.837 - Info: Selecting previously unselected package cuda-tools-13-2.
21:02:25.837 - Info: 
21:02:25.900 - Info: Preparing to unpack .../59-cuda-tools-13-2_13.2.1-1_arm64.deb ...
21:02:25.900 - Info: 
21:02:25.906 - Info: Unpacking cuda-tools-13-2 (13.2.1-1) ...
21:02:25.906 - Info: 
21:02:26.007 - Info: Selecting previously unselected package cuda-toolkit-13-2.
21:02:26.007 - Info: 
21:02:26.060 - Info: Preparing to unpack .../60-cuda-toolkit-13-2_13.2.1-1_arm64.deb ...
21:02:26.060 - Info: 
21:02:26.066 - Info: Unpacking cuda-toolkit-13-2 (13.2.1-1) ...
21:02:26.066 - Info: 
21:02:26.170 - Info: Selecting previously unselected package fakeroot.
21:02:26.170 - Info: 
21:02:26.228 - Info: Preparing to unpack .../61-fakeroot_1.33-1_arm64.deb ...
21:02:26.228 - Info: 
21:02:26.239 - Info: Unpacking fakeroot (1.33-1) ...
21:02:26.239 - Info: 
21:02:26.353 - Info: Selecting previously unselected package libalgorithm-diff-perl.
21:02:26.353 - Info: 
21:02:26.421 - Info: Preparing to unpack .../62-libalgorithm-diff-perl_1.201-1_all.deb ...
21:02:26.421 - Info: 
21:02:26.428 - Info: Unpacking libalgorithm-diff-perl (1.201-1) ...
21:02:26.428 - Info: 
21:02:26.531 - Info: Selecting previously unselected package libalgorithm-diff-xs-perl:arm64.
21:02:26.531 - Info: 
21:02:26.593 - Info: Preparing to unpack .../63-libalgorithm-diff-xs-perl_0.04-8build3_arm64.deb ...
21:02:26.593 - Info: 
21:02:26.597 - Info: Unpacking libalgorithm-diff-xs-perl:arm64 (0.04-8build3) ...
21:02:26.597 - Info: 
21:02:26.700 - Info: Selecting previously unselected package libalgorithm-merge-perl.
21:02:26.700 - Info: 
21:02:26.764 - Info: Preparing to unpack .../64-libalgorithm-merge-perl_0.08-5_all.deb ...
21:02:26.764 - Info: 
21:02:26.775 - Info: Unpacking libalgorithm-merge-perl (0.08-5) ...
21:02:26.776 - Info: 
21:02:27.004 - Info: Setting up libnvvm-13-2 (13.2.78-1) ...
21:02:27.004 - Info: 
21:02:27.028 - Info: Setting up libnvfatbin-13-2 (13.2.78-1) ...
21:02:27.028 - Info: 
21:02:27.054 - Info: Setting up lto-disabled-list (47) ...
21:02:27.054 - Info: 
21:02:27.075 - Info: Setting up libnpp-13-2 (13.1.0.48-1) ...
21:02:27.075 - Info: 
21:02:27.095 - Info: Setting up libcublas-13-2 (13.4.0.1-1) ...
21:02:27.095 - Info: 
21:02:27.113 - Info: Setting up libalgorithm-diff-perl (1.201-1) ...
21:02:27.113 - Info: 
21:02:27.144 - Info: Setting up libcudla-13-2 (13.2.75-1) ...
21:02:27.144 - Info: 
21:02:27.162 - Info: Setting up libcusolver-13-2 (12.2.0.1-1) ...
21:02:27.162 - Info: 
21:02:27.187 - Info: Setting up cuda-cuxxfilt-13-2 (13.2.78-1) ...
21:02:27.187 - Info: 
21:02:27.209 - Info: Setting up cuda-cuobjdump-13-2 (13.2.78-1) ...
21:02:27.209 - Info: 
21:02:27.241 - Info: Setting up libcufft-13-2 (12.2.0.46-1) ...
21:02:27.241 - Info: 
21:02:27.258 - Info: Setting up gds-tools-13-2 (1.17.1.22-1) ...
21:02:27.258 - Info: 
21:02:27.283 - Info: Setting up libcufile-13-2 (1.17.1.22-1) ...
21:02:27.284 - Info: 
21:02:27.313 - Info: Setting alternatives
21:02:27.313 - Info: 
21:02:27.344 - Info: update-alternatives: using /usr/local/cuda-13.2/gds/cufile.json to provide /etc/cufile.json (cufile.json) in auto mode
21:02:27.344 - Info: 
21:02:27.384 - Info: Setting up libcublas-dev-13-2 (13.4.0.1-1) ...
21:02:27.384 - Info: 
21:02:27.404 - Info: Setting up cuda-sanitizer-13-2 (13.2.76-1) ...
21:02:27.404 - Info: 
21:02:27.430 - Info: Setting up libcufile-dev-13-2 (1.17.1.22-1) ...
21:02:27.430 - Info: 
21:02:27.446 - Info: Setting up libcurand-13-2 (10.4.2.55-1) ...
21:02:27.446 - Info: 
21:02:27.471 - Info: Setting up fakeroot (1.33-1) ...
21:02:27.471 - Info: 
21:02:27.492 - Info: update-alternatives: using /usr/bin/fakeroot-sysv to provide /usr/bin/fakeroot (fakeroot) in auto mode
21:02:27.492 - Info: 
21:02:27.492 - Info: update-alternatives: warning: skip creation of /usr/share/man/man1/fakeroot.1.gz because associated file /usr/share/man/man1/fakeroot-sysv.1.gz (of link group fakeroot) doesn't exist
21:02:27.492 - Info: 
21:02:27.492 - Info: update-alternatives: warning: skip creation of /usr/share/man/man1/faked.1.gz because associated file /usr/share/man/man1/faked-sysv.1.gz (of link group fakeroot) doesn't exist
21:02:27.492 - Info: 
21:02:27.492 - Info: update-alternatives: warning: skip creation of /usr/share/man/es/man1/fakeroot.1.gz because associated file /usr/share/man/es/man1/fakeroot-sysv.1.gz (of link group fakeroot) doesn't exist
21:02:27.492 - Info: 
21:02:27.492 - Info: update-alternatives: warning: skip creation of /usr/share/man/es/man1/faked.1.gz because associated file /usr/share/man/es/man1/faked-sysv.1.gz (of link group fakeroot) doesn't exist
21:02:27.492 - Info: 
21:02:27.492 - Info: update-alternatives: warning: skip creation of /usr/share/man/fr/man1/fakeroot.1.gz because associated file /usr/share/man/fr/man1/fakeroot-sysv.1.gz (of link group fakeroot) doesn't exist
21:02:27.492 - Info: 
21:02:27.492 - Info: update-alternatives: warning: skip creation of /usr/share/man/fr/man1/faked.1.gz because associated file /usr/share/man/fr/man1/faked-sysv.1.gz (of link group fakeroot) doesn't exist
21:02:27.492 - Info: 
21:02:27.492 - Info: update-alternatives: warning: skip creation of /usr/share/man/sv/man1/fakeroot.1.gz because associated file /usr/share/man/sv/man1/fakeroot-sysv.1.gz (of link group fakeroot) doesn't exist
21:02:27.492 - Info: 
21:02:27.492 - Info: update-alternatives: warning: skip creation of /usr/share/man/sv/man1/faked.1.gz because associated file /usr/share/man/sv/man1/faked-sysv.1.gz (of link group fakeroot) doesn't exist
21:02:27.492 - Info: 
21:02:27.511 - Info: Setting up cuda-nvprune-13-2 (13.2.78-1) ...
21:02:27.512 - Info: 
21:02:27.532 - Info: Setting up cuda-nvrtc-13-2 (13.2.78-1) ...
21:02:27.532 - Info: 
21:02:27.559 - Info: Setting up libcuobjclient-13-2 (1.1.1.22-1) ...
21:02:27.559 - Info: 
21:02:27.578 - Info: Setting up libcusparse-13-2 (12.7.10.1-1) ...
21:02:27.578 - Info: 
21:02:27.601 - Info: Setting up libnvfatbin-dev-13-2 (13.2.78-1) ...
21:02:27.601 - Info: 
21:02:27.622 - Info: Setting up libxcb-cursor0:arm64 (0.1.4-1build1) ...
21:02:27.622 - Info: 
21:02:27.645 - Info: Setting up libnvptxcompiler-13-2 (13.2.78-1) ...
21:02:27.645 - Info: 
21:02:27.665 - Info: Setting up cuda-cupti-13-2 (13.2.75-1) ...
21:02:27.665 - Info: 
21:02:27.691 - Info: Setting up libnvjpeg-13-2 (13.1.0.48-1) ...
21:02:27.691 - Info: 
21:02:27.712 - Info: Setting up cuda-nvml-dev-13-2 (13.2.82-1) ...
21:02:27.712 - Info: 
21:02:27.737 - Info: Setting up libnvjitlink-13-2 (13.2.78-1) ...
21:02:27.737 - Info: 
21:02:27.764 - Info: Setting up libdpkg-perl (1.22.6ubuntu6.6) ...
21:02:27.764 - Info: 
21:02:27.788 - Info: Setting up libxcb-dri2-0:arm64 (1.15-1ubuntu2) ...
21:02:27.788 - Info: 
21:02:27.808 - Info: Setting up cuda-nvdisasm-13-2 (13.2.78-1) ...
21:02:27.808 - Info: 
21:02:32.632 - Info: Setting up cuda-gdb-13-2 (13.2.75-1) ...
21:02:32.632 - Info: 
21:02:38.817 - Info: Setting up cuda-profiler-api-13-2 (13.2.75-1) ...
21:02:38.817 - Info: 
21:02:38.837 - Info: Setting up libcurand-dev-13-2 (10.4.2.55-1) ...
21:02:38.837 - Info: 
21:02:38.858 - Info: Setting up libnpp-dev-13-2 (13.1.0.48-1) ...
21:02:38.859 - Info: 
21:02:38.879 - Info: Setting up nsight-compute-2026.1.1 (2026.1.1.2-1) ...
21:02:38.880 - Info: 
21:02:38.903 - Info: Setting up libalgorithm-diff-xs-perl:arm64 (0.04-8build3) ...
21:02:38.903 - Info: 
21:02:38.920 - Info: Setting up cuda-documentation-13-2 (13.2.75-1) ...
21:02:38.920 - Info: 
21:02:38.942 - Info: Setting up libalgorithm-merge-perl (0.08-5) ...
21:02:38.942 - Info: 
21:02:38.964 - Info: Setting up cuda-nvtx-13-2 (13.2.75-1) ...
21:02:38.964 - Info: 
21:02:38.993 - Info: Setting up libcudla-dev-13-2 (13.2.75-1) ...
21:02:38.993 - Info: 
21:02:39.014 - Info: Setting up cuda-cupti-dev-13-2 (13.2.75-1) ...
21:02:39.014 - Info: 
21:02:39.038 - Info: Setting up libcusolver-dev-13-2 (12.2.0.1-1) ...
21:02:39.038 - Info: 
21:02:39.060 - Info: Setting up libnvjitlink-dev-13-2 (13.2.78-1) ...
21:02:39.060 - Info: 
21:02:39.093 - Info: Setting up cuda-libraries-13-2 (13.2.1-1) ...
21:02:39.093 - Info: 
21:02:39.113 - Info: Setting up libcuobjclient-dev-13-2 (1.1.1.22-1) ...
21:02:39.113 - Info: 
21:02:39.136 - Info: Setting up libcufft-dev-13-2 (12.2.0.46-1) ...
21:02:39.136 - Info: 
21:02:39.161 - Info: Setting up libcusparse-dev-13-2 (12.7.10.1-1) ...
21:02:39.161 - Info: 
21:02:39.188 - Info: Setting up nsight-systems-2025.6.3 (2025.6.3.541-256337736014v0) ...
21:02:39.188 - Info: 
21:02:39.213 - Info: update-alternatives: using /opt/nvidia/nsight-systems/2025.6.3/target-linux-sbsa-armv8/nsys to provide /usr/local/bin/nsys (nsys) in auto mode
21:02:39.214 - Info: 
21:02:39.237 - Info: update-alternatives: using /opt/nvidia/nsight-systems/2025.6.3/host-linux-armv8/nsys-ui to provide /usr/local/bin/nsys-ui (nsys-ui) in auto mode
21:02:39.237 - Info: 
21:02:39.255 - Info: Setting up dpkg-dev (1.22.6ubuntu6.6) ...
21:02:39.255 - Info: 
21:02:39.296 - Info: Setting up cuda-nvrtc-dev-13-2 (13.2.78-1) ...
21:02:39.296 - Info: 
21:02:39.322 - Info: Setting up libnvjpeg-dev-13-2 (13.1.0.48-1) ...
21:02:39.322 - Info: 
21:02:39.344 - Info: Setting up cuda-nsight-compute-13-2 (13.2.1-1) ...
21:02:39.344 - Info: 
21:02:39.367 - Info: Setting up build-essential (12.10ubuntu1) ...
21:02:39.367 - Info: 
21:02:39.391 - Info: Setting up cuda-command-line-tools-13-2 (13.2.1-1) ...
21:02:39.392 - Info: 
21:02:39.416 - Info: Setting up cuda-libraries-dev-13-2 (13.2.1-1) ...
21:02:39.416 - Info: 
21:02:39.438 - Info: Setting up cuda-nsight-systems-13-2 (13.2.1-1) ...
21:02:39.438 - Info: 
21:02:39.457 - Info: Setting up cuda-visual-tools-13-2 (13.2.1-1) ...
21:02:39.457 - Info: 
21:02:39.491 - Info: Setting up cuda-crt-13-2 (13.2.78-1) ...
21:02:39.491 - Info: 
21:02:39.516 - Info: Setting up cuda-tools-13-2 (13.2.1-1) ...
21:02:39.516 - Info: 
21:02:39.533 - Info: Setting up cuda-nvcc-13-2 (13.2.78-1) ...
21:02:39.533 - Info: 
21:02:39.566 - Info: Setting up cuda-tileiras-13-2 (13.2.78-1) ...
21:02:39.566 - Info: 
21:02:39.587 - Info: Setting up cuda-compiler-13-2 (13.2.1-1) ...
21:02:39.587 - Info: 
21:02:39.614 - Info: Setting up cuda-toolkit-13-2 (13.2.1-1) ...
21:02:39.614 - Info: 
21:02:39.641 - Info: Processing triggers for man-db (2.12.0-4build2) ...
21:02:39.641 - Info: 
21:02:39.912 - Info: Processing triggers for libc-bin (2.39-0ubuntu8.7) ...
21:02:39.912 - Info: 
21:02:46.312 - Info: targetDebRepoPackageName cuda-repo-ubuntu2404-13-2-local
21:02:46.312 - Info: 
21:02:46.312 - Info: *begin sudo apt-get purge -y cuda-repo-ubuntu2404-13-2-local, 5
21:02:46.312 - Info: 
21:02:46.486 - Info: 
21:02:46.486 - Info: Reading package lists... 0%
21:02:46.530 - Info: 
21:02:46.530 - Info: Reading package lists... 100%
21:02:46.530 - Info: 
21:02:46.530 - Info: Reading package lists... Done
21:02:46.530 - Info: 
21:02:46.530 - Info: 
21:02:46.536 - Info: 
21:02:46.536 - Info: Building dependency tree... 0%
21:02:46.536 - Info: 
21:02:46.536 - Info: Building dependency tree... 0%
21:02:46.766 - Info: 
21:02:46.766 - Info: Building dependency tree... 50%
21:02:46.766 - Info: 
21:02:46.766 - Info: Building dependency tree... 50%
21:02:47.243 - Info: 
21:02:47.243 - Info: Building dependency tree... 84%
21:02:47.450 - Info: 
21:02:47.450 - Info: Building dependency tree... Done
21:02:47.450 - Info: 
21:02:47.450 - Info: 
21:02:47.450 - Info: 
21:02:47.450 - Info: Reading state information... 0% 
21:02:47.450 - Info: 
21:02:47.450 - Info: Reading state information... 0%
21:02:47.455 - Info: 
21:02:47.455 - Info: Reading state information... Done
21:02:47.455 - Info: 
21:02:47.455 - Info: 
21:02:49.234 - Info: The following packages will be REMOVED:
21:02:49.234 - Info: 
21:02:49.241 - Info:   cuda-repo-ubuntu2404-13-2-local*
21:02:49.241 - Info: 
21:02:49.320 - Info: 0 upgraded, 0 newly installed, 1 to remove and 278 not upgraded.
21:02:49.321 - Info: 
21:02:49.326 - Info: After this operation, 4,064 MB disk space will be freed.
21:02:49.326 - Info: 
21:02:50.874 - Info: (Reading database ... 
21:02:50.889 - Info: (Reading database ... 5%
21:02:50.890 - Info: (Reading database ... 10%
21:02:50.890 - Info: (Reading database ... 15%
21:02:50.890 - Info: (Reading database ... 20%
21:02:50.890 - Info: (Reading database ... 25%
21:02:50.890 - Info: (Reading database ... 30%
21:02:50.890 - Info: (Reading database ... 35%
21:02:50.890 - Info: (Reading database ... 40%
21:02:50.890 - Info: (Reading database ... 45%
21:02:50.890 - Info: (Reading database ... 50%
21:02:50.927 - Info: (Reading database ... 55%
21:02:50.949 - Info: (Reading database ... 60%
21:02:50.965 - Info: (Reading database ... 65%
21:02:50.987 - Info: (Reading database ... 70%
21:02:51.080 - Info: (Reading database ... 75%
21:02:51.169 - Info: (Reading database ... 80%
21:02:51.266 - Info: (Reading database ... 85%
21:02:51.363 - Info: (Reading database ... 90%
21:02:51.450 - Info: (Reading database ... 95%
21:02:51.621 - Info: (Reading database ... 100%
21:02:51.621 - Info: (Reading database ... 199926 files and directories currently installed.)
21:02:51.621 - Info: 
21:02:51.659 - Info: Removing cuda-repo-ubuntu2404-13-2-local (13.2.1-595.58.03-1) ...
21:02:51.659 - Info: 
21:02:52.615 - Info: (Reading database ... 
21:02:52.629 - Info: (Reading database ... 5%
21:02:52.629 - Info: (Reading database ... 10%
21:02:52.629 - Info: (Reading database ... 15%
21:02:52.629 - Info: (Reading database ... 20%
21:02:52.629 - Info: (Reading database ... 25%
21:02:52.629 - Info: (Reading database ... 30%
21:02:52.629 - Info: (Reading database ... 35%
21:02:52.629 - Info: (Reading database ... 40%
21:02:52.629 - Info: (Reading database ... 45%
21:02:52.629 - Info: (Reading database ... 50%
21:02:52.637 - Info: (Reading database ... 55%
21:02:52.650 - Info: (Reading database ... 60%
21:02:52.664 - Info: (Reading database ... 65%
21:02:52.679 - Info: (Reading database ... 70%
21:02:52.721 - Info: (Reading database ... 75%
21:02:52.734 - Info: (Reading database ... 80%
21:02:52.751 - Info: (Reading database ... 85%
21:02:52.769 - Info: (Reading database ... 90%
21:02:52.780 - Info: (Reading database ... 95%
21:02:52.840 - Info: (Reading database ... 100%
21:02:52.840 - Info: (Reading database ... 199782 files and directories currently installed.)
21:02:52.840 - Info: 
21:02:52.859 - Info: Purging configuration files for cuda-repo-ubuntu2404-13-2-local (13.2.1-595.58.03-1) ...
21:02:52.859 - Info: 
21:03:02.117 - Info: change working directory to /tmp21:03:02.117 - Info: exec_command: ssh jetson@192.168.55.1 "dpkg-query -W -f='\${db:Status-abbrev} \${Version}' cuda-toolkit-13-2"21:03:02.566 - Info: [ Package Install Finished Successfully ]21:03:02.566 - Info: [ Package PostInstall Started ]21:03:02.566 - Info: current working directory is /tmp21:03:02.567 - Info: exec_command [target]:
**********************
export LC_ALL=en_US.UTF-8 LANG=en_US.UTF-8 LANGUAGE=en_US.UTF-8

safe_apt_install "sudo apt-get install -y gnupg libgomp1 libfreeimage-dev libopenmpi-dev openmpi-bin" 5
grep -q 'export PATH=.*/usr/local/cuda-13.2/bin' ~/.bashrc || echo 'export PATH=/usr/local/cuda-13.2/bin:$PATH'>>~/.bashrc
grep -q 'export LD_LIBRARY_PATH=/usr/local/cuda-13.2/lib64' ~/.bashrc || echo 'export LD_LIBRARY_PATH=/usr/local/cuda-13.2/lib64:$LD_LIBRARY_PATH' >> ~/.bashrc
**********************21:03:02.567 - Info: exec_command: scp  /home/ckw/.nvsdkm/replays/scripts/JetPack_7.2_Linux/NV_L4T_CUDA_SBSA_TARGET_POST_INSTALL_COMP.sh jetson@[192.168.55.1]:~; ssh -t  jetson@192.168.55.1 "set -o pipefail; ~/NV_L4T_CUDA_SBSA_TARGET_POST_INSTALL_COMP.sh | sed 's/^/SDKM_INSTALL_ERROR /' && rm -f ~/NV_L4T_CUDA_SBSA_TARGET_POST_INSTALL_COMP.sh"21:03:03.395 - Info: *begin sudo apt-get install -y gnupg libgomp1 libfreeimage-dev libopenmpi-dev openmpi-bin, 5
21:03:03.395 - Info: 
21:03:03.547 - Info: 
21:03:03.547 - Info: Reading package lists... 0%
21:03:03.580 - Info: 
21:03:03.580 - Info: Reading package lists... 100%
21:03:03.580 - Info: 
21:03:03.580 - Info: Reading package lists... Done
21:03:03.581 - Info: 
21:03:03.581 - Info: 
21:03:03.587 - Info: 
21:03:03.587 - Info: Building dependency tree... 0%
21:03:03.587 - Info: 
21:03:03.587 - Info: Building dependency tree... 0%
21:03:03.831 - Info: 
21:03:03.831 - Info: Building dependency tree... 50%
21:03:03.831 - Info: 
21:03:03.831 - Info: Building dependency tree... 50%
21:03:04.294 - Info: 
21:03:04.294 - Info: Building dependency tree... 83%
21:03:04.514 - Info: 
21:03:04.514 - Info: Building dependency tree... Done
21:03:04.514 - Info: 
21:03:04.514 - Info: 
21:03:04.514 - Info: 
21:03:04.514 - Info: Reading state information... 0% 
21:03:04.514 - Info: 
21:03:04.514 - Info: Reading state information... 0%
21:03:04.520 - Info: 
21:03:04.520 - Info: Reading state information... Done
21:03:04.520 - Info: 
21:03:04.520 - Info: 
21:03:04.657 - Info: gnupg is already the newest version (2.4.4-2ubuntu17.4).
21:03:04.657 - Info: 
21:03:04.657 - Info: libgomp1 is already the newest version (14.2.0-4ubuntu2~24.04.1).
21:03:04.657 - Info: 
21:03:04.657 - Info: libfreeimage-dev is already the newest version (3.18.0+ds2-10build4).
21:03:04.657 - Info: 
21:03:04.657 - Info: libopenmpi-dev is already the newest version (4.1.6-7ubuntu2).
21:03:04.657 - Info: 
21:03:04.657 - Info: openmpi-bin is already the newest version (4.1.6-7ubuntu2).
21:03:04.657 - Info: 
21:03:06.375 - Info: 0 upgraded, 0 newly installed, 0 to remove and 278 not upgraded.
21:03:06.375 - Info: 
21:03:06.445 - Info: [ Package PostInstall Finished Successfully ]21:03:06.445 - Info: exec_command: ssh   jetson@192.168.55.1 "df -B1 / | tail -1 | awk '{ printf \$4 }'"21:03:06.825 - Info: [target] [ 6.51 GB used. Disk Avail: 197.80 GB ]21:03:06.825 - Info: [ NV_L4T_CUDA_SBSA_TARGET_POST_INSTALL_COMP Install took 12m16s ]